imagePalette:
    db 0x3f, 0x3c, 0x38, 0x3f, 0x3a, 0x36, 0x3f, 0x3a, 0x35, 0x3e, 0x3a, 0x36
    db 0x3e, 0x3a, 0x36, 0x3c, 0x36, 0x26, 0x3e, 0x33, 0x2d, 0x36, 0x35, 0x31
    db 0x34, 0x33, 0x34, 0x3e, 0x31, 0x2b, 0x3e, 0x31, 0x2b, 0x3d, 0x31, 0x2b
    db 0x37, 0x31, 0x37, 0x31, 0x31, 0x31, 0x3e, 0x30, 0x2a, 0x3e, 0x30, 0x2a
    db 0x3d, 0x31, 0x2b, 0x3d, 0x30, 0x2b, 0x3d, 0x30, 0x2a, 0x3d, 0x30, 0x2a
    db 0x3c, 0x30, 0x2b, 0x35, 0x30, 0x39, 0x30, 0x30, 0x31, 0x31, 0x30, 0x2f
    db 0x3e, 0x30, 0x2a, 0x3d, 0x30, 0x2a, 0x3c, 0x30, 0x2b, 0x34, 0x30, 0x39
    db 0x34, 0x30, 0x39, 0x32, 0x30, 0x34, 0x30, 0x30, 0x30, 0x30, 0x30, 0x2f
    db 0x2f, 0x30, 0x30, 0x2f, 0x30, 0x31, 0x2f, 0x30, 0x30, 0x2f, 0x30, 0x30
    db 0x2f, 0x30, 0x30, 0x3d, 0x30, 0x29, 0x34, 0x30, 0x38, 0x30, 0x30, 0x31
    db 0x2f, 0x2f, 0x30, 0x2f, 0x30, 0x2f, 0x2f, 0x2f, 0x2f, 0x2f, 0x2f, 0x2f
    db 0x2f, 0x2f, 0x2f, 0x33, 0x2f, 0x2f, 0x2f, 0x2f, 0x2f, 0x2f, 0x2f, 0x2f
    db 0x2f, 0x2f, 0x2f, 0x2f, 0x2f, 0x2f, 0x3b, 0x2e, 0x28, 0x37, 0x2d, 0x2a
    db 0x31, 0x2e, 0x35, 0x30, 0x2e, 0x2d, 0x2f, 0x2f, 0x2f, 0x2f, 0x2f, 0x2f
    db 0x2f, 0x2f, 0x2f, 0x2f, 0x2e, 0x2f, 0x2f, 0x2f, 0x2f, 0x2d, 0x2e, 0x2e
    db 0x2c, 0x2d, 0x2d, 0x35, 0x2b, 0x27, 0x2d, 0x2b, 0x2d, 0x29, 0x2b, 0x2b
    db 0x29, 0x2a, 0x2a, 0x28, 0x2a, 0x2b, 0x28, 0x2a, 0x2a, 0x28, 0x2a, 0x2a
    db 0x28, 0x2a, 0x2a, 0x27, 0x2a, 0x2a, 0x27, 0x2a, 0x2a, 0x27, 0x2a, 0x2a
    db 0x27, 0x2a, 0x2a, 0x27, 0x2a, 0x2a, 0x27, 0x29, 0x2a, 0x27, 0x29, 0x2a
    db 0x2c, 0x29, 0x29, 0x27, 0x29, 0x2a, 0x27, 0x29, 0x2a, 0x27, 0x29, 0x29
    db 0x27, 0x29, 0x29, 0x34, 0x26, 0x21, 0x2e, 0x26, 0x27, 0x29, 0x26, 0x2c
    db 0x28, 0x27, 0x27, 0x30, 0x23, 0x1f, 0x2e, 0x21, 0x1d, 0x2a, 0x21, 0x24
    db 0x27, 0x2a, 0x2a, 0x27, 0x29, 0x2a, 0x27, 0x29, 0x2a, 0x27, 0x29, 0x29
    db 0x27, 0x29, 0x2a, 0x27, 0x29, 0x2a, 0x27, 0x29, 0x29, 0x26, 0x29, 0x29
    db 0x26, 0x28, 0x29, 0x25, 0x27, 0x28, 0x26, 0x26, 0x27, 0x25, 0x25, 0x26
    db 0x24, 0x26, 0x26, 0x23, 0x25, 0x25, 0x24, 0x23, 0x26, 0x22, 0x23, 0x25
    db 0x22, 0x23, 0x23, 0x24, 0x21, 0x26, 0x21, 0x21, 0x23, 0x22, 0x21, 0x20
    db 0x20, 0x20, 0x21, 0x1f, 0x21, 0x22, 0x1f, 0x20, 0x20, 0x1f, 0x1f, 0x20
    db 0x25, 0x1f, 0x1f, 0x1f, 0x1f, 0x1f, 0x1e, 0x1e, 0x1f, 0x1e, 0x1e, 0x1f
    db 0x1e, 0x1e, 0x1f, 0x1e, 0x1e, 0x1f, 0x1e, 0x1e, 0x1e, 0x1e, 0x1e, 0x1f
    db 0x1e, 0x1e, 0x1f, 0x1e, 0x1e, 0x1f, 0x1d, 0x1e, 0x1f, 0x1e, 0x1e, 0x1e
    db 0x2c, 0x1d, 0x19, 0x2c, 0x1c, 0x17, 0x25, 0x1d, 0x1d, 0x28, 0x1a, 0x16
    db 0x22, 0x18, 0x17, 0x1e, 0x1e, 0x1e, 0x1e, 0x1e, 0x1e, 0x1d, 0x1e, 0x1e
    db 0x1e, 0x1d, 0x1e, 0x1e, 0x19, 0x19, 0x1c, 0x1e, 0x1f, 0x1c, 0x1d, 0x1d
    db 0x1c, 0x1c, 0x1d, 0x1a, 0x1c, 0x1b, 0x1b, 0x1b, 0x1c, 0x1a, 0x1b, 0x1a
    db 0x18, 0x1b, 0x18, 0x18, 0x1b, 0x17, 0x1b, 0x1a, 0x1b, 0x19, 0x1a, 0x1a
    db 0x18, 0x1a, 0x1a, 0x17, 0x19, 0x1a, 0x19, 0x18, 0x1a, 0x19, 0x17, 0x1c
    db 0x17, 0x18, 0x1a, 0x18, 0x18, 0x17, 0x18, 0x16, 0x16, 0x16, 0x17, 0x17
    db 0x16, 0x17, 0x18, 0x15, 0x16, 0x16, 0x16, 0x16, 0x16, 0x15, 0x16, 0x16
    db 0x16, 0x15, 0x16, 0x16, 0x15, 0x15, 0x15, 0x15, 0x15, 0x15, 0x15, 0x15
    db 0x15, 0x15, 0x16, 0x1f, 0x14, 0x10, 0x1e, 0x13, 0x0f, 0x1d, 0x13, 0x0f
    db 0x1d, 0x13, 0x0f, 0x1d, 0x13, 0x0f, 0x1d, 0x13, 0x0e, 0x1d, 0x13, 0x0e
    db 0x1d, 0x14, 0x10, 0x1d, 0x13, 0x0e, 0x1d, 0x13, 0x0f, 0x1d, 0x13, 0x0e
    db 0x1c, 0x13, 0x0e, 0x1d, 0x13, 0x0e, 0x1d, 0x13, 0x0e, 0x1d, 0x13, 0x0e
    db 0x1d, 0x13, 0x0e, 0x1d, 0x13, 0x0e, 0x1d, 0x12, 0x0e, 0x1d, 0x12, 0x0f
    db 0x1d, 0x12, 0x0e, 0x1d, 0x12, 0x0e, 0x1d, 0x12, 0x0e, 0x1d, 0x13, 0x0e
    db 0x1d, 0x13, 0x0e, 0x1d, 0x12, 0x0e, 0x17, 0x15, 0x18, 0x15, 0x15, 0x15
    db 0x15, 0x15, 0x15, 0x17, 0x14, 0x19, 0x15, 0x14, 0x16, 0x15, 0x15, 0x15
    db 0x14, 0x15, 0x16, 0x14, 0x14, 0x16, 0x14, 0x13, 0x15, 0x1c, 0x13, 0x10
    db 0x1c, 0x13, 0x0e, 0x1c, 0x12, 0x0e, 0x1a, 0x13, 0x0f, 0x16, 0x13, 0x12
    db 0x13, 0x14, 0x15, 0x13, 0x13, 0x16, 0x12, 0x13, 0x15, 0x13, 0x13, 0x16
    db 0x12, 0x13, 0x15, 0x12, 0x13, 0x15, 0x12, 0x13, 0x14, 0x12, 0x13, 0x16
    db 0x13, 0x13, 0x15, 0x12, 0x13, 0x15, 0x12, 0x13, 0x15, 0x12, 0x12, 0x14
    db 0x12, 0x12, 0x14, 0x11, 0x12, 0x13, 0x1a, 0x11, 0x0d, 0x18, 0x10, 0x0e
    db 0x16, 0x10, 0x10, 0x16, 0x0f, 0x0d, 0x11, 0x11, 0x13, 0x11, 0x11, 0x12
    db 0x11, 0x11, 0x12, 0x11, 0x10, 0x12, 0x18, 0x0d, 0x09, 0x16, 0x0e, 0x0a
    db 0x14, 0x0e, 0x0c, 0x12, 0x0e, 0x0d, 0x17, 0x0c, 0x09, 0x12, 0x0c, 0x0a
    db 0x10, 0x10, 0x11, 0x0f, 0x0f, 0x11, 0x0f, 0x0f, 0x11, 0x0e, 0x0f, 0x0f
    db 0x0e, 0x0e, 0x0e, 0x0f, 0x0c, 0x0b, 0x0c, 0x0c, 0x0c, 0x0f, 0x0a, 0x09
    db 0x0c, 0x0a, 0x0a, 0x0c, 0x08, 0x07, 0x0a, 0x0a, 0x0a, 0x08, 0x08, 0x08
    db 0x09, 0x06, 0x06, 0x07, 0x05, 0x04, 0x05, 0x05, 0x05, 0x04, 0x03, 0x03
    db 0x03, 0x02, 0x02, 0x01, 0x01, 0x01, 0x01, 0x01, 0x01, 0x00, 0x00, 0x00
    db 0x00, 0x00, 0x00, 0x00, 0x00, 0x00, 0x00, 0x00, 0x00, 0x00, 0x00, 0x00
    db 0x00, 0x00, 0x00, 0x00, 0x00, 0x00, 0x00, 0x00, 0x00, 0x00, 0x00, 0x00

imageData:
    db 0x2a, 0x2f, 0x2f, 0x2f, 0x2f, 0x2f, 0x2f, 0x2a, 0x2f, 0x2f, 0x2f, 0x2f, 0x2f, 0x2f, 0x2f, 0x2f
    db 0x2a, 0x2a, 0x2a, 0x2f, 0x2f, 0x2f, 0x2f, 0x2f, 0x2f, 0x2f, 0x2f, 0x2f, 0x2f, 0x2f, 0x2f, 0x2f
    db 0x2f, 0x2a, 0x2a, 0x2a, 0x2a, 0x2a, 0x2a, 0x2a, 0x2a, 0x2a, 0x2a, 0x2a, 0x2a, 0x2a, 0x2a, 0x2a
    db 0x2a, 0x2a, 0x2a, 0x2a, 0x2a, 0x2a, 0x2a, 0x2a, 0x2a, 0x2a, 0x2a, 0x2a, 0x2a, 0x2a, 0x2a, 0x2a
    db 0x2a, 0x2a, 0x2a, 0x2a, 0x2a, 0x2a, 0x2a, 0x2a, 0x2a, 0x2a, 0x2a, 0x2a, 0x2a, 0x2a, 0x2a, 0x2a
    db 0x2a, 0x2a, 0x2a, 0x2a, 0x2a, 0x2a, 0x2a, 0x2a, 0x2a, 0x2a, 0x2a, 0x2a, 0x2a, 0x2a, 0x2f, 0x2f
    db 0x2f, 0x29, 0x3c, 0x69, 0x53, 0x6c, 0x0d, 0x2b, 0x2a, 0x2a, 0x2a, 0x2a, 0x29, 0x29, 0x2a, 0x2a
    db 0x2a, 0x2a, 0x2a, 0x2a, 0x2a, 0x2a, 0x2a, 0x2a, 0x2a, 0x2a, 0x2a, 0x2a, 0x2a, 0x2a, 0x2b, 0x2b
    db 0x29, 0x0d, 0x3a, 0x66, 0x8a, 0x87, 0x6c, 0x86, 0xc1, 0x8e, 0x3c, 0x1e, 0x2b, 0x2a, 0x2a, 0x2a
    db 0x2a, 0x1e, 0x2e, 0x6f, 0x26, 0x15, 0x3e, 0x34, 0x26, 0x84, 0x37, 0x2a, 0x2a, 0x2a, 0x2a, 0x2a
    db 0x2a, 0x2a, 0x2a, 0x2a, 0x2a, 0x2a, 0x2a, 0x2a, 0x2f, 0x2f, 0x2f, 0x2f, 0x2f, 0x2a, 0x2a, 0x2a
    db 0x2a, 0x2a, 0x2a, 0x2a, 0x2a, 0x2a, 0x2a, 0x2a, 0x2a, 0x2a, 0x2a, 0x2a, 0x2a, 0x2a, 0x2a, 0x2a
    db 0x2a, 0x2a, 0x2a, 0x2a, 0x2a, 0x2a, 0x2a, 0x2a, 0x2a, 0x2a, 0x2a, 0x2a, 0x2a, 0x2a, 0x2a, 0x2a
    db 0x2a, 0x2a, 0x2a, 0x2a, 0x2a, 0x2a, 0x2a, 0x2a, 0x2a, 0x2a, 0x2a, 0x2a, 0x2a, 0x2a, 0x2a, 0x2a
    db 0x2a, 0x2a, 0x2a, 0x2a, 0x2a, 0x2a, 0x2a, 0x2a, 0x2a, 0x2a, 0x2a, 0x2a, 0x2a, 0x2a, 0x2a, 0x2a
    db 0x2a, 0x2a, 0x2a, 0x2a, 0x2a, 0x2a, 0x2a, 0x2a, 0x2a, 0x2a, 0x2a, 0x2a, 0x2a, 0x2a, 0x2a, 0x2a
    db 0x2a, 0x2a, 0x2a, 0x2a, 0x2a, 0x2a, 0x2a, 0x2a, 0x2a, 0x2a, 0x2a, 0x2a, 0x2a, 0x2a, 0x2a, 0x2a
    db 0x2a, 0x2a, 0x2a, 0x2a, 0x2a, 0x2a, 0x2a, 0x2a, 0x2a, 0x2a, 0x2a, 0x2a, 0x2a, 0x2a, 0x2a, 0x2f
    db 0x2f, 0x2f, 0x2f, 0x2f, 0x2f, 0x2f, 0x2a, 0x2a, 0x2a, 0x2f, 0x2f, 0x2f, 0x2a, 0x2f, 0x2a, 0x2a
    db 0x2a, 0x2a, 0x2a, 0x2a, 0x2f, 0x2f, 0x2f, 0x2f, 0x2f, 0x2f, 0x2f, 0x2a, 0x2a, 0x2a, 0x2a, 0x2f
    db 0x2f, 0x2f, 0x2f, 0x2f, 0x2f, 0x2f, 0x2f, 0x2f, 0x2a, 0x2a, 0x2a, 0x2a, 0x2a, 0x2a, 0x2a, 0x2a
    db 0x2a, 0x2a, 0x2a, 0x2a, 0x2a, 0x2a, 0x2a, 0x2a, 0x2a, 0x2a, 0x2a, 0x2a, 0x2a, 0x2a, 0x2a, 0x2a
    db 0x2a, 0x2a, 0x2a, 0x2a, 0x2a, 0x2a, 0x2a, 0x2a, 0x2a, 0x2a, 0x2a, 0x2a, 0x2a, 0x2a, 0x2a, 0x2a
    db 0x2a, 0x2a, 0x2a, 0x2a, 0x2a, 0x2a, 0x2a, 0x2a, 0x2a, 0x2a, 0x2a, 0x2a, 0x2a, 0x2a, 0x2a, 0x2a
    db 0x2a, 0x2a, 0x2a, 0x2a, 0x2a, 0x2a, 0x2a, 0x2a, 0x2a, 0x2a, 0x2f, 0x2f, 0x2a, 0x1e, 0x3f, 0x69
    db 0x15, 0x6a, 0x40, 0x1e, 0x2a, 0x2a, 0x2a, 0x2a, 0x2a, 0x2a, 0x2a, 0x2a, 0x2a, 0x2a, 0x2a, 0x2a
    db 0x2a, 0x2a, 0x2a, 0x2a, 0x2a, 0x2a, 0x2a, 0x2a, 0x2a, 0x2a, 0x2b, 0x1e, 0x1e, 0x63, 0x8a, 0x84
    db 0x6c, 0x6f, 0x97, 0xc2, 0x68, 0x28, 0x1e, 0x29, 0x2b, 0x2a, 0x2a, 0x2a, 0x2a, 0x0d, 0x63, 0x66
    db 0x15, 0x15, 0x53, 0x34, 0x15, 0x6c, 0x40, 0x1e, 0x2a, 0x2a, 0x2a, 0x2a, 0x2a, 0x2a, 0x2a, 0x2a
    db 0x2a, 0x2a, 0x2a, 0x2a, 0x2f, 0x2a, 0x2a, 0x2a, 0x2a, 0x2a, 0x2a, 0x2a, 0x2a, 0x2a, 0x2a, 0x2a
    db 0x2a, 0x2a, 0x2a, 0x2a, 0x2a, 0x2a, 0x2a, 0x2a, 0x2a, 0x2a, 0x2a, 0x2a, 0x2a, 0x2a, 0x2a, 0x2a
    db 0x2a, 0x2a, 0x2a, 0x2a, 0x2a, 0x2a, 0x2a, 0x2a, 0x2a, 0x2a, 0x2a, 0x2a, 0x2a, 0x2a, 0x2a, 0x2a
    db 0x2a, 0x2a, 0x2a, 0x2a, 0x2a, 0x2a, 0x2a, 0x2a, 0x2a, 0x2a, 0x2a, 0x2a, 0x2a, 0x2a, 0x2a, 0x2a
    db 0x2a, 0x2a, 0x2a, 0x2a, 0x2a, 0x2a, 0x2a, 0x2a, 0x2a, 0x2a, 0x2a, 0x2a, 0x2a, 0x2a, 0x2a, 0x2a
    db 0x2a, 0x2a, 0x2a, 0x2a, 0x2a, 0x2a, 0x2a, 0x2a, 0x2a, 0x2a, 0x2a, 0x2a, 0x2a, 0x2a, 0x2a, 0x2a
    db 0x2a, 0x2a, 0x2a, 0x2a, 0x2a, 0x2a, 0x2a, 0x2a, 0x2a, 0x2a, 0x2a, 0x2a, 0x2a, 0x2a, 0x2a, 0x2a
    db 0x2a, 0x2a, 0x2a, 0x2a, 0x2a, 0x2a, 0x2a, 0x2a, 0x2a, 0x2a, 0x2a, 0x2a, 0x2f, 0x2f, 0x2f, 0x2f
    db 0x2f, 0x2a, 0x2a, 0x2a, 0x2a, 0x2a, 0x2f, 0x2f, 0x2a, 0x2f, 0x2a, 0x2a, 0x2a, 0x2f, 0x2f, 0x2f
    db 0x2f, 0x2f, 0x2f, 0x2f, 0x2f, 0x2f, 0x2f, 0x2a, 0x2a, 0x2a, 0x2f, 0x2f, 0x2f, 0x2f, 0x2f, 0x2f
    db 0x2f, 0x2f, 0x2f, 0x2f, 0x2f, 0x2f, 0x2f, 0x2f, 0x2f, 0x2a, 0x2a, 0x2a, 0x2a, 0x2a, 0x2a, 0x2a
    db 0x2a, 0x2a, 0x2a, 0x2a, 0x2a, 0x2a, 0x2a, 0x2a, 0x2a, 0x2a, 0x2a, 0x2a, 0x2a, 0x2a, 0x2a, 0x2a
    db 0x2a, 0x2a, 0x2a, 0x2a, 0x2a, 0x2a, 0x2a, 0x2a, 0x2a, 0x2a, 0x2a, 0x2a, 0x2a, 0x2a, 0x2a, 0x2a
    db 0x2a, 0x2a, 0x2a, 0x2a, 0x2a, 0x2a, 0x2a, 0x2a, 0x2a, 0x2a, 0x2a, 0x2a, 0x2a, 0x2a, 0x2a, 0x2a
    db 0x2a, 0x2a, 0x2a, 0x2a, 0x2a, 0x2f, 0x2f, 0x2f, 0x2a, 0x1e, 0x40, 0x66, 0x15, 0x34, 0x74, 0x2a
    db 0x29, 0x2a, 0x2a, 0x2a, 0x2a, 0x2a, 0x2a, 0x2a, 0x2a, 0x2a, 0x2a, 0x2a, 0x2a, 0x2a, 0x2a, 0x2a
    db 0x2a, 0x2a, 0x2a, 0x2a, 0x2a, 0x2a, 0x27, 0x3c, 0x8e, 0x88, 0x6a, 0x6c, 0x8a, 0xd0, 0x97, 0x3f
    db 0x16, 0x29, 0x2b, 0x2b, 0x30, 0x2a, 0x2a, 0x2a, 0x29, 0x28, 0x84, 0x34, 0x15, 0x15, 0x3e, 0x3e
    db 0x15, 0x53, 0x6e, 0x0d, 0x2a, 0x2a, 0x2a, 0x2a, 0x2a, 0x2a, 0x2a, 0x2a, 0x2a, 0x2a, 0x2a, 0x2a
    db 0x2f, 0x2a, 0x2a, 0x2a, 0x2a, 0x2f, 0x2f, 0x2a, 0x2a, 0x2a, 0x2a, 0x2a, 0x2a, 0x2a, 0x2a, 0x2a
    db 0x2a, 0x2a, 0x2a, 0x2a, 0x2a, 0x2a, 0x2a, 0x2a, 0x2a, 0x2a, 0x2a, 0x2a, 0x2a, 0x2a, 0x2a, 0x2a
    db 0x2a, 0x2a, 0x2a, 0x2a, 0x2a, 0x2a, 0x2a, 0x2a, 0x2a, 0x2a, 0x2a, 0x2a, 0x2a, 0x2a, 0x2a, 0x2a
    db 0x2a, 0x2a, 0x2a, 0x2a, 0x2a, 0x2a, 0x2a, 0x2a, 0x2a, 0x2a, 0x2a, 0x2a, 0x2a, 0x2a, 0x2a, 0x2a
    db 0x2a, 0x2a, 0x2a, 0x2a, 0x2a, 0x2a, 0x2a, 0x2a, 0x2a, 0x2a, 0x2a, 0x2a, 0x2a, 0x2a, 0x2a, 0x2a
    db 0x2a, 0x2a, 0x2a, 0x2a, 0x2a, 0x2a, 0x2a, 0x2a, 0x2a, 0x2a, 0x2a, 0x2a, 0x2a, 0x2a, 0x2a, 0x2a
    db 0x2a, 0x2a, 0x2a, 0x2a, 0x2a, 0x2a, 0x2a, 0x2a, 0x2a, 0x2a, 0x2a, 0x2a, 0x2a, 0x2a, 0x2a, 0x2a
    db 0x2a, 0x2a, 0x2a, 0x2a, 0x2f, 0x2f, 0x2f, 0x2f, 0x2f, 0x2f, 0x2f, 0x2f, 0x2f, 0x2f, 0x2f, 0x2f
    db 0x2f, 0x2f, 0x2f, 0x2f, 0x2f, 0x2f, 0x2f, 0x2f, 0x2f, 0x2f, 0x2f, 0x2f, 0x2f, 0x2f, 0x2f, 0x2f
    db 0x2f, 0x2f, 0x2f, 0x2f, 0x2f, 0x2f, 0x2f, 0x2f, 0x2f, 0x2f, 0x2f, 0x2f, 0x2f, 0x2f, 0x2f, 0x2f
    db 0x2f, 0x2f, 0x2f, 0x2f, 0x2f, 0x2f, 0x2f, 0x2f, 0x2f, 0x2f, 0x2f, 0x2f, 0x2f, 0x2f, 0x2a, 0x2a
    db 0x2a, 0x2a, 0x2a, 0x2a, 0x2a, 0x2a, 0x2a, 0x2a, 0x2a, 0x2f, 0x2f, 0x2f, 0x2f, 0x2f, 0x2f, 0x2a
    db 0x2a, 0x2a, 0x2a, 0x2a, 0x2a, 0x2a, 0x2f, 0x2f, 0x2f, 0x2f, 0x2a, 0x2a, 0x2a, 0x2a, 0x2a, 0x2a
    db 0x2a, 0x2a, 0x2a, 0x2a, 0x2a, 0x2a, 0x2a, 0x2a, 0x2a, 0x2a, 0x2a, 0x2a, 0x2a, 0x2f, 0x2f, 0x2f
    db 0x2f, 0x2f, 0x2f, 0x2f, 0x2f, 0x1e, 0x50, 0x62, 0x34, 0x15, 0x53, 0x6a, 0x0d, 0x2a, 0x2a, 0x2a
    db 0x2a, 0x2a, 0x2a, 0x2a, 0x2a, 0x2a, 0x2a, 0x2a, 0x2a, 0x2a, 0x2a, 0x2a, 0x2f, 0x2f, 0x2a, 0x2a
    db 0x2f, 0x0d, 0x50, 0x95, 0x6e, 0x6a, 0x6f, 0x8e, 0xd3, 0x8e, 0x39, 0x27, 0x2f, 0x2a, 0x28, 0x28
    db 0x2e, 0x2a, 0x2a, 0x2a, 0x16, 0x50, 0x6a, 0x15, 0x1c, 0x15, 0x3e, 0x3e, 0x15, 0x26, 0x84, 0x3c
    db 0x1f, 0x2a, 0x2a, 0x2a, 0x2a, 0x2a, 0x2a, 0x2a, 0x2f, 0x2f, 0x2f, 0x2f, 0x2f, 0x2f, 0x2f, 0x2f
    db 0x2f, 0x2f, 0x2f, 0x2f, 0x2a, 0x2a, 0x2a, 0x2a, 0x2a, 0x2a, 0x2a, 0x2a, 0x2a, 0x2a, 0x2a, 0x2a
    db 0x2a, 0x2a, 0x2a, 0x2a, 0x2a, 0x2a, 0x2a, 0x2a, 0x2a, 0x2a, 0x2a, 0x2a, 0x2a, 0x2a, 0x2a, 0x2a
    db 0x2a, 0x2a, 0x2a, 0x2a, 0x2a, 0x2a, 0x2a, 0x2a, 0x2a, 0x2a, 0x2a, 0x2a, 0x2a, 0x2a, 0x2a, 0x2a
    db 0x2a, 0x2a, 0x2a, 0x2a, 0x2a, 0x2a, 0x2a, 0x2a, 0x2a, 0x2a, 0x2a, 0x2a, 0x2a, 0x2a, 0x2a, 0x2a
    db 0x2a, 0x2a, 0x2a, 0x2a, 0x2a, 0x2a, 0x2a, 0x2a, 0x2a, 0x2a, 0x2a, 0x2a, 0x2a, 0x2a, 0x2a, 0x2a
    db 0x2a, 0x2a, 0x2a, 0x2a, 0x2a, 0x2a, 0x2a, 0x2a, 0x2f, 0x2f, 0x2f, 0x2f, 0x2f, 0x2a, 0x2a, 0x2a
    db 0x2a, 0x2a, 0x2a, 0x2a, 0x2a, 0x2a, 0x2a, 0x2a, 0x2a, 0x2a, 0x2a, 0x2a, 0x2f, 0x2f, 0x2f, 0x2f
    db 0x2f, 0x2f, 0x2f, 0x2f, 0x2f, 0x2f, 0x2f, 0x2f, 0x2f, 0x2f, 0x2f, 0x2f, 0x2f, 0x2f, 0x2f, 0x2f
    db 0x2f, 0x2f, 0x2f, 0x2f, 0x2f, 0x2f, 0x2f, 0x2f, 0x2f, 0x2f, 0x2f, 0x2f, 0x2f, 0x2f, 0x2f, 0x2f
    db 0x2f, 0x2f, 0x2f, 0x2f, 0x2f, 0x2f, 0x2f, 0x2f, 0x2f, 0x2f, 0x2f, 0x2f, 0x2f, 0x2f, 0x2f, 0x2f
    db 0x2f, 0x2f, 0x2f, 0x2f, 0x2f, 0x2f, 0x2f, 0x2f, 0x2f, 0x2f, 0x2f, 0x2f, 0x2f, 0x2f, 0x2f, 0x2a
    db 0x2a, 0x2a, 0x2a, 0x2a, 0x2f, 0x2f, 0x2f, 0x2f, 0x2f, 0x2f, 0x2f, 0x2f, 0x2f, 0x2a, 0x2a, 0x2f
    db 0x2f, 0x2f, 0x2f, 0x2f, 0x2f, 0x2f, 0x2f, 0x2a, 0x2a, 0x2a, 0x2a, 0x2a, 0x2a, 0x2a, 0x2a, 0x2a
    db 0x2a, 0x2a, 0x2a, 0x2a, 0x2a, 0x2a, 0x2a, 0x2f, 0x2f, 0x2f, 0x2f, 0x2f, 0x2f, 0x2f, 0x2f, 0x2f
    db 0x2f, 0x1e, 0x40, 0x53, 0x3e, 0x34, 0x15, 0x6e, 0x50, 0x0d, 0x2f, 0x2a, 0x2a, 0x2a, 0x2a, 0x2a
    db 0x2a, 0x2a, 0x2a, 0x2a, 0x2a, 0x2a, 0x2a, 0x2a, 0x2a, 0x2a, 0x2e, 0x30, 0x1e, 0x40, 0x95, 0x6a
    db 0x6c, 0x6f, 0x8e, 0xd4, 0x8a, 0x30, 0x1f, 0x28, 0x2a, 0x2a, 0x2e, 0x2e, 0x2b, 0x2a, 0x28, 0x2b
    db 0x0d, 0x6f, 0x3e, 0x15, 0x1b, 0x15, 0x3e, 0x53, 0x15, 0x15, 0x62, 0x68, 0x0d, 0x2b, 0x2a, 0x2a
    db 0x2a, 0x2a, 0x2a, 0x2f, 0x2f, 0x2f, 0x2f, 0x2f, 0x2f, 0x2f, 0x2f, 0x2f, 0x2f, 0x2f, 0x2f, 0x2f
    db 0x2f, 0x2f, 0x2a, 0x2a, 0x2a, 0x2a, 0x2a, 0x2a, 0x2a, 0x2a, 0x2a, 0x2a, 0x2a, 0x2a, 0x2a, 0x2a
    db 0x2a, 0x2a, 0x2a, 0x2a, 0x2a, 0x2a, 0x2a, 0x2a, 0x2a, 0x2a, 0x2a, 0x2a, 0x2a, 0x2a, 0x2a, 0x2a
    db 0x2a, 0x2a, 0x2a, 0x2a, 0x2a, 0x2a, 0x2a, 0x2a, 0x2a, 0x2a, 0x2a, 0x2a, 0x2a, 0x2a, 0x2a, 0x2a
    db 0x2a, 0x2a, 0x2a, 0x2a, 0x2a, 0x2a, 0x2a, 0x2a, 0x2a, 0x2a, 0x2a, 0x2a, 0x2a, 0x2a, 0x2a, 0x2a
    db 0x2a, 0x2a, 0x2a, 0x2a, 0x2a, 0x2a, 0x2a, 0x2a, 0x2a, 0x2a, 0x2a, 0x2a, 0x2a, 0x2a, 0x2a, 0x2a
    db 0x2a, 0x2a, 0x2f, 0x2f, 0x2f, 0x2f, 0x2f, 0x2f, 0x2f, 0x2f, 0x2f, 0x2a, 0x2a, 0x2a, 0x2a, 0x2a
    db 0x2a, 0x2a, 0x2a, 0x2a, 0x2a, 0x2a, 0x2a, 0x2f, 0x2f, 0x2f, 0x2f, 0x2f, 0x2f, 0x2f, 0x2f, 0x2f
    db 0x2f, 0x2f, 0x2f, 0x2f, 0x2f, 0x2f, 0x2f, 0x2f, 0x2f, 0x2f, 0x2f, 0x2f, 0x2f, 0x2f, 0x2f, 0x2f
    db 0x2f, 0x2f, 0x2f, 0x2f, 0x2f, 0x2f, 0x2f, 0x2f, 0x2f, 0x2f, 0x2f, 0x2f, 0x2f, 0x2f, 0x2f, 0x2f
    db 0x2f, 0x2f, 0x2f, 0x2f, 0x2f, 0x2f, 0x2f, 0x2f, 0x2f, 0x2f, 0x2f, 0x2f, 0x2f, 0x2f, 0x2f, 0x2f
    db 0x2f, 0x2f, 0x2f, 0x2f, 0x2f, 0x2f, 0x2f, 0x2f, 0x2f, 0x2f, 0x2f, 0x2f, 0x2f, 0x2f, 0x2f, 0x2f
    db 0x2f, 0x2f, 0x2f, 0x2f, 0x2f, 0x2f, 0x2f, 0x2f, 0x2f, 0x2f, 0x2f, 0x2f, 0x2f, 0x2f, 0x2f, 0x2f
    db 0x2f, 0x2f, 0x2f, 0x2a, 0x2a, 0x2a, 0x2a, 0x2a, 0x2f, 0x2f, 0x2f, 0x2f, 0x2f, 0x2f, 0x2a, 0x2f
    db 0x2f, 0x2f, 0x2f, 0x2f, 0x2f, 0x2f, 0x2f, 0x2f, 0x2f, 0x2f, 0x2f, 0x2f, 0x2f, 0x1e, 0x40, 0x66
    db 0x34, 0x53, 0x15, 0x34, 0x84, 0x40, 0x17, 0x2b, 0x2a, 0x2a, 0x2a, 0x2a, 0x2a, 0x2a, 0x2a, 0x2a
    db 0x2a, 0x2a, 0x2a, 0x2a, 0x2a, 0x2a, 0x2f, 0x2b, 0x37, 0x92, 0x6c, 0x6f, 0x6f, 0x8b, 0xd4, 0x8f
    db 0x2e, 0x1f, 0x2b, 0x28, 0x2a, 0x2a, 0x2a, 0x2a, 0x2b, 0x2a, 0x29, 0x2b, 0x3a, 0x84, 0x1d, 0x15
    db 0x1c, 0x15, 0x3e, 0x53, 0x15, 0x15, 0x34, 0x88, 0x30, 0x29, 0x2a, 0x2b, 0x2a, 0x2a, 0x2a, 0x2a
    db 0x2f, 0x2f, 0x2f, 0x2f, 0x2f, 0x2f, 0x2f, 0x2f, 0x2f, 0x2f, 0x2f, 0x2f, 0x2f, 0x2f, 0x2a, 0x2a
    db 0x2a, 0x2a, 0x2a, 0x2a, 0x2a, 0x2a, 0x2a, 0x2a, 0x2a, 0x2a, 0x2a, 0x2a, 0x2a, 0x2a, 0x2a, 0x2a
    db 0x2a, 0x2a, 0x2a, 0x2a, 0x2a, 0x2a, 0x2a, 0x2a, 0x2a, 0x2a, 0x2a, 0x2a, 0x2a, 0x2a, 0x2a, 0x2a
    db 0x2a, 0x2a, 0x2a, 0x2a, 0x2a, 0x2a, 0x2a, 0x2a, 0x2a, 0x2a, 0x2a, 0x2a, 0x2a, 0x2a, 0x2a, 0x2a
    db 0x2a, 0x2a, 0x2a, 0x2a, 0x2a, 0x2a, 0x2a, 0x2a, 0x2a, 0x2a, 0x2a, 0x2a, 0x2a, 0x2a, 0x2a, 0x2a
    db 0x2a, 0x2a, 0x2a, 0x2a, 0x2a, 0x2a, 0x2a, 0x2a, 0x2a, 0x2a, 0x2a, 0x2a, 0x2a, 0x2f, 0x2f, 0x2f
    db 0x2f, 0x2f, 0x2f, 0x2f, 0x2f, 0x2f, 0x2f, 0x2f, 0x2f, 0x2f, 0x2f, 0x2f, 0x2f, 0x2f, 0x2f, 0x2f
    db 0x2f, 0x2f, 0x2f, 0x2f, 0x2f, 0x2f, 0x2f, 0x2f, 0x2f, 0x2f, 0x2f, 0x2f, 0x2f, 0x2f, 0x2f, 0x2f
    db 0x2f, 0x2f, 0x2f, 0x2f, 0x2f, 0x2f, 0x2f, 0x2f, 0x2f, 0x2f, 0x2f, 0x2f, 0x2f, 0x2f, 0x2f, 0x2f
    db 0x2f, 0x2f, 0x2f, 0x2f, 0x2f, 0x2f, 0x2f, 0x2f, 0x2f, 0x2f, 0x2f, 0x2f, 0x2f, 0x2f, 0x2f, 0x2f
    db 0x2f, 0x2f, 0x2f, 0x2f, 0x2f, 0x2f, 0x2f, 0x2f, 0x2f, 0x2f, 0x2f, 0x2f, 0x2f, 0x2f, 0x2f, 0x2f
    db 0x2f, 0x2f, 0x2f, 0x2f, 0x2f, 0x2f, 0x2f, 0x2f, 0x2f, 0x2f, 0x2f, 0x2f, 0x2f, 0x2f, 0x2f, 0x2f
    db 0x2f, 0x2f, 0x2f, 0x2f, 0x2f, 0x2f, 0x2f, 0x2f, 0x2f, 0x2f, 0x2f, 0x2f, 0x2f, 0x2f, 0x2a, 0x2a
    db 0x2a, 0x2a, 0x2a, 0x2a, 0x2f, 0x2f, 0x2f, 0x2f, 0x2f, 0x2f, 0x2f, 0x2f, 0x2f, 0x2f, 0x2f, 0x2f
    db 0x2f, 0x2f, 0x2f, 0x2f, 0x2f, 0x2f, 0x2f, 0x2f, 0x2f, 0x29, 0x40, 0x69, 0x15, 0x66, 0x15, 0x15
    db 0x34, 0x84, 0x50, 0x0d, 0x29, 0x2a, 0x2a, 0x2a, 0x2a, 0x2a, 0x2a, 0x2a, 0x2a, 0x2a, 0x2a, 0x2a
    db 0x2a, 0x2f, 0x38, 0x27, 0x63, 0x8e, 0x6c, 0x71, 0x87, 0xc2, 0xbe, 0x3b, 0x1e, 0x2b, 0x2b, 0x2a
    db 0x2a, 0x2a, 0x2a, 0x2a, 0x2b, 0x2b, 0x2b, 0x1f, 0x40, 0x6c, 0x15, 0x1c, 0x1c, 0x15, 0x53, 0x53
    db 0x15, 0x15, 0x15, 0x6a, 0x50, 0x1e, 0x2f, 0x2b, 0x2a, 0x2a, 0x2a, 0x2f, 0x2f, 0x2f, 0x2f, 0x2f
    db 0x2f, 0x2f, 0x2f, 0x2f, 0x2f, 0x2f, 0x2f, 0x2f, 0x2f, 0x2f, 0x2f, 0x2a, 0x2a, 0x2a, 0x2a, 0x2a
    db 0x2a, 0x2a, 0x2a, 0x2a, 0x2a, 0x2a, 0x2a, 0x2a, 0x2a, 0x2a, 0x2a, 0x2a, 0x2a, 0x2a, 0x2a, 0x2a
    db 0x2a, 0x2a, 0x2a, 0x2a, 0x2a, 0x2a, 0x2a, 0x2a, 0x2a, 0x2a, 0x2a, 0x2a, 0x2a, 0x2a, 0x2a, 0x2a
    db 0x2a, 0x2a, 0x2a, 0x2a, 0x2a, 0x2a, 0x2a, 0x2a, 0x2a, 0x2a, 0x2a, 0x2a, 0x2a, 0x2a, 0x2a, 0x2a
    db 0x2a, 0x2a, 0x2a, 0x2a, 0x2a, 0x2a, 0x2a, 0x2a, 0x2f, 0x2a, 0x2a, 0x2a, 0x2a, 0x2a, 0x2a, 0x2a
    db 0x2a, 0x2a, 0x2a, 0x2a, 0x2a, 0x2f, 0x2f, 0x2f, 0x2f, 0x2f, 0x2f, 0x2f, 0x2f, 0x2f, 0x2f, 0x2f
    db 0x2f, 0x2f, 0x2f, 0x2f, 0x2f, 0x2f, 0x2f, 0x2f, 0x2f, 0x2f, 0x2f, 0x2f, 0x2f, 0x2f, 0x2f, 0x2f
    db 0x2f, 0x2f, 0x2f, 0x2f, 0x2f, 0x2f, 0x2f, 0x2f, 0x2f, 0x2f, 0x2f, 0x2f, 0x2f, 0x2f, 0x2f, 0x2f
    db 0x2f, 0x2f, 0x2f, 0x2f, 0x2f, 0x2f, 0x2f, 0x2f, 0x2f, 0x2f, 0x2f, 0x2f, 0x2f, 0x2f, 0x2f, 0x2f
    db 0x2f, 0x2f, 0x2f, 0x2f, 0x2f, 0x2f, 0x2f, 0x2f, 0x2f, 0x2f, 0x2f, 0x2f, 0x2f, 0x2f, 0x2f, 0x2f
    db 0x2f, 0x2f, 0x2f, 0x2f, 0x2f, 0x2f, 0x2f, 0x2f, 0x2f, 0x2f, 0x2f, 0x2f, 0x2f, 0x2f, 0x2f, 0x2f
    db 0x2f, 0x2f, 0x2f, 0x2f, 0x2f, 0x2f, 0x2f, 0x2f, 0x2f, 0x2f, 0x2f, 0x2f, 0x2f, 0x2f, 0x2f, 0x2f
    db 0x2f, 0x2f, 0x2f, 0x2f, 0x2f, 0x2f, 0x2f, 0x2f, 0x2f, 0x2f, 0x2a, 0x2a, 0x2a, 0x2a, 0x2a, 0x2a
    db 0x2f, 0x2f, 0x2f, 0x2f, 0x2f, 0x2f, 0x2f, 0x2f, 0x2f, 0x2f, 0x2f, 0x2f, 0x2f, 0x2f, 0x2f, 0x2f
    db 0x2f, 0x2f, 0x2f, 0x2f, 0x2f, 0x29, 0x3e, 0x6c, 0x15, 0x53, 0x34, 0x15, 0x15, 0x34, 0x6c, 0x68
    db 0x3a, 0x1e, 0x2a, 0x2f, 0x2f, 0x2f, 0x2f, 0x2f, 0x2f, 0x2f, 0x2f, 0x2f, 0x2f, 0x30, 0x30, 0x27
    db 0x84, 0x71, 0x6f, 0x6f, 0x98, 0xdc, 0x50, 0x0d, 0x2b, 0x2b, 0x2f, 0x2f, 0x2f, 0x2f, 0x2f, 0x2f
    db 0x30, 0x2f, 0x30, 0x17, 0x6a, 0x53, 0x34, 0x15, 0x1b, 0x15, 0x53, 0x34, 0x15, 0x1b, 0x15, 0x53
    db 0x6c, 0x16, 0x2a, 0x2b, 0x2a, 0x2a, 0x2a, 0x2f, 0x2f, 0x2f, 0x2f, 0x2f, 0x2f, 0x2f, 0x2f, 0x2f
    db 0x2f, 0x2f, 0x2f, 0x2f, 0x2f, 0x2f, 0x37, 0x2f, 0x2a, 0x2a, 0x2a, 0x2a, 0x2a, 0x2a, 0x2a, 0x2a
    db 0x2a, 0x2a, 0x2a, 0x2a, 0x2a, 0x2a, 0x2a, 0x2a, 0x2a, 0x2a, 0x2a, 0x2f, 0x2f, 0x2f, 0x2f, 0x2a
    db 0x2a, 0x2a, 0x2a, 0x2a, 0x2a, 0x2a, 0x2a, 0x2a, 0x2a, 0x2a, 0x2a, 0x2a, 0x2a, 0x2a, 0x2a, 0x2a
    db 0x2a, 0x2a, 0x2a, 0x2a, 0x2a, 0x2a, 0x2a, 0x2f, 0x2f, 0x2f, 0x2f, 0x2f, 0x2a, 0x2a, 0x2a, 0x2a
    db 0x2a, 0x2a, 0x2a, 0x2a, 0x2f, 0x2a, 0x2a, 0x2a, 0x2a, 0x2a, 0x2a, 0x2a, 0x2a, 0x2a, 0x2a, 0x2f
    db 0x2f, 0x2f, 0x2f, 0x2f, 0x2f, 0x2f, 0x2f, 0x2f, 0x2f, 0x2f, 0x2f, 0x2f, 0x2f, 0x2f, 0x2f, 0x2f
    db 0x2f, 0x2f, 0x2f, 0x2f, 0x2f, 0x2f, 0x2f, 0x2f, 0x2f, 0x2f, 0x2f, 0x2f, 0x2f, 0x2f, 0x2f, 0x2f
    db 0x2f, 0x2f, 0x2f, 0x2f, 0x2f, 0x2f, 0x2f, 0x2f, 0x2f, 0x2f, 0x2f, 0x2f, 0x2f, 0x2f, 0x2f, 0x2f
    db 0x2f, 0x2f, 0x2f, 0x2f, 0x2f, 0x2f, 0x2f, 0x2f, 0x2f, 0x2f, 0x2f, 0x2f, 0x2f, 0x2f, 0x2f, 0x2f
    db 0x2f, 0x2f, 0x2f, 0x2f, 0x2f, 0x2f, 0x2f, 0x2f, 0x2f, 0x2f, 0x2f, 0x2f, 0x2f, 0x2f, 0x2f, 0x2f
    db 0x2f, 0x2f, 0x2f, 0x2f, 0x2f, 0x2f, 0x2f, 0x2f, 0x2f, 0x2f, 0x2f, 0x2f, 0x2f, 0x2f, 0x2f, 0x2f
    db 0x2f, 0x2f, 0x2f, 0x2f, 0x2f, 0x2f, 0x2f, 0x2f, 0x2f, 0x2f, 0x2f, 0x2f, 0x2f, 0x2f, 0x2f, 0x2f
    db 0x2f, 0x2f, 0x2f, 0x2f, 0x2f, 0x2f, 0x2a, 0x2a, 0x2a, 0x2a, 0x2a, 0x2f, 0x2f, 0x2f, 0x2f, 0x2f
    db 0x2f, 0x2f, 0x2f, 0x2f, 0x2f, 0x2f, 0x2f, 0x2f, 0x2f, 0x2f, 0x2f, 0x2f, 0x2f, 0x2f, 0x2f, 0x2f
    db 0x2f, 0x2a, 0x3b, 0x84, 0x15, 0x3e, 0x53, 0x15, 0x1b, 0x15, 0x15, 0x53, 0x74, 0x54, 0x1f, 0x1f
    db 0x36, 0x2f, 0x36, 0x2e, 0x2e, 0x2f, 0x2f, 0x2f, 0x2f, 0x30, 0x2b, 0x27, 0x8e, 0x74, 0x71, 0x87
    db 0xda, 0x84, 0x0d, 0x30, 0x30, 0x2f, 0x37, 0x37, 0x2f, 0x2f, 0x2f, 0x2f, 0x2f, 0x2e, 0x30, 0x27
    db 0x84, 0x3e, 0x34, 0x15, 0x15, 0x15, 0x69, 0x26, 0x15, 0x1b, 0x15, 0x34, 0x8e, 0x2a, 0x2b, 0x2e
    db 0x2f, 0x2f, 0x2f, 0x2f, 0x2f, 0x2f, 0x2f, 0x2f, 0x2f, 0x2f, 0x2f, 0x2f, 0x2f, 0x2f, 0x2f, 0x2f
    db 0x2f, 0x2f, 0x2f, 0x2f, 0x2f, 0x2f, 0x2f, 0x2a, 0x2a, 0x2a, 0x2a, 0x2a, 0x2a, 0x2a, 0x2a, 0x2a
    db 0x2a, 0x2a, 0x2a, 0x2f, 0x2f, 0x2f, 0x2f, 0x2f, 0x2f, 0x2f, 0x2f, 0x2f, 0x2f, 0x2a, 0x2a, 0x2a
    db 0x2a, 0x2a, 0x2a, 0x2a, 0x2a, 0x2a, 0x2a, 0x2a, 0x2a, 0x2a, 0x2a, 0x2a, 0x2f, 0x2f, 0x2f, 0x2a
    db 0x2a, 0x2a, 0x2f, 0x2f, 0x2f, 0x2f, 0x2f, 0x2f, 0x2f, 0x2a, 0x2a, 0x2a, 0x2a, 0x2f, 0x2f, 0x2f
    db 0x2f, 0x2f, 0x2f, 0x2f, 0x2f, 0x2f, 0x2f, 0x2f, 0x2f, 0x2f, 0x2f, 0x2f, 0x2f, 0x2f, 0x2f, 0x2f
    db 0x2f, 0x2f, 0x2f, 0x2f, 0x2f, 0x2f, 0x2f, 0x2f, 0x2f, 0x2f, 0x2f, 0x2f, 0x2f, 0x2f, 0x2f, 0x2f
    db 0x2f, 0x2f, 0x2f, 0x2f, 0x2f, 0x2f, 0x2f, 0x2f, 0x2f, 0x2f, 0x2f, 0x2f, 0x2f, 0x2f, 0x2f, 0x2f
    db 0x2f, 0x2f, 0x2f, 0x2f, 0x2f, 0x2f, 0x2f, 0x2f, 0x2f, 0x2f, 0x2f, 0x37, 0x2f, 0x2f, 0x2f, 0x2f
    db 0x2f, 0x2f, 0x2f, 0x2f, 0x2f, 0x2f, 0x2f, 0x2f, 0x2f, 0x2f, 0x2f, 0x2f, 0x2f, 0x2f, 0x2f, 0x2f
    db 0x2f, 0x2f, 0x2f, 0x2f, 0x2f, 0x2f, 0x2f, 0x2f, 0x2f, 0x2f, 0x2f, 0x2f, 0x2f, 0x2f, 0x2f, 0x2f
    db 0x2f, 0x2f, 0x2f, 0x2f, 0x2f, 0x2f, 0x2f, 0x2f, 0x2f, 0x2f, 0x2f, 0x2f, 0x2f, 0x2f, 0x2f, 0x2f
    db 0x2f, 0x2f, 0x2f, 0x2f, 0x2f, 0x2f, 0x2f, 0x2f, 0x2f, 0x2f, 0x2f, 0x2f, 0x2f, 0x2f, 0x2f, 0x2f
    db 0x2f, 0x2f, 0x2a, 0x2a, 0x2a, 0x2a, 0x2f, 0x2f, 0x2f, 0x2f, 0x2f, 0x2f, 0x2f, 0x2f, 0x2f, 0x2f
    db 0x2f, 0x2f, 0x2f, 0x2f, 0x2f, 0x2f, 0x2f, 0x2f, 0x2f, 0x2f, 0x2f, 0x2f, 0x2f, 0x2f, 0x2b, 0x84
    db 0x34, 0x34, 0x66, 0x15, 0x1c, 0x15, 0x15, 0x15, 0x34, 0x69, 0x71, 0x40, 0x1f, 0x2b, 0x30, 0x31
    db 0x31, 0x2f, 0x2f, 0x2f, 0x2f, 0x30, 0x2b, 0x27, 0x8a, 0x88, 0x6f, 0x8e, 0xd3, 0x3c, 0x1f, 0x30
    db 0x30, 0x30, 0x30, 0x30, 0x30, 0x30, 0x30, 0x30, 0x2b, 0x30, 0x2b, 0x1f, 0x88, 0x34, 0x3e, 0x15
    db 0x15, 0x34, 0x66, 0x15, 0x1b, 0x1b, 0x1b, 0x15, 0x88, 0x3c, 0x29, 0x28, 0x2f, 0x2f, 0x2f, 0x2f
    db 0x2f, 0x2f, 0x2f, 0x2f, 0x2f, 0x2f, 0x2f, 0x2f, 0x2f, 0x2f, 0x2f, 0x2f, 0x2f, 0x2f, 0x2f, 0x2f
    db 0x2f, 0x2f, 0x2f, 0x2a, 0x2a, 0x2a, 0x2a, 0x2a, 0x2a, 0x2a, 0x2a, 0x2a, 0x2a, 0x2a, 0x2a, 0x2f
    db 0x2f, 0x2f, 0x2f, 0x2f, 0x2f, 0x2f, 0x2f, 0x2f, 0x2f, 0x2a, 0x2a, 0x2a, 0x2a, 0x2a, 0x2a, 0x2a
    db 0x2a, 0x2a, 0x2a, 0x2a, 0x2a, 0x2a, 0x2a, 0x2f, 0x2f, 0x2f, 0x2f, 0x2f, 0x2f, 0x2f, 0x2f, 0x2f
    db 0x2f, 0x2f, 0x2f, 0x2f, 0x2f, 0x2f, 0x2a, 0x2a, 0x2a, 0x2f, 0x2f, 0x2f, 0x2f, 0x2f, 0x2f, 0x2f
    db 0x2f, 0x2f, 0x2f, 0x2f, 0x2f, 0x2f, 0x2f, 0x2f, 0x2f, 0x2f, 0x2f, 0x2f, 0x2f, 0x2f, 0x2f, 0x2f
    db 0x2f, 0x2f, 0x2f, 0x2f, 0x2f, 0x2f, 0x2f, 0x2f, 0x2f, 0x2f, 0x2f, 0x2f, 0x2f, 0x2f, 0x2f, 0x2f
    db 0x2f, 0x2f, 0x2f, 0x2f, 0x2f, 0x2f, 0x2f, 0x2f, 0x2f, 0x2f, 0x2f, 0x2f, 0x2f, 0x2f, 0x2f, 0x2f
    db 0x2f, 0x2f, 0x2f, 0x2f, 0x2f, 0x2f, 0x2f, 0x37, 0x2f, 0x2f, 0x2f, 0x2f, 0x2f, 0x2f, 0x2f, 0x2f
    db 0x2f, 0x2f, 0x2f, 0x2a, 0x2a, 0x2a, 0x2a, 0x2f, 0x2f, 0x2f, 0x2f, 0x2f, 0x2f, 0x2f, 0x2f, 0x2f
    db 0x2f, 0x2f, 0x2f, 0x2f, 0x2f, 0x2f, 0x2f, 0x2f, 0x2f, 0x2f, 0x2f, 0x2f, 0x2f, 0x2f, 0x2f, 0x2f
    db 0x2f, 0x2f, 0x2f, 0x2f, 0x2f, 0x2f, 0x2f, 0x2f, 0x2f, 0x2f, 0x2f, 0x2f, 0x2f, 0x2f, 0x2f, 0x2f
    db 0x2f, 0x2f, 0x2f, 0x2f, 0x2f, 0x2f, 0x2f, 0x2f, 0x2f, 0x2f, 0x2f, 0x2f, 0x2f, 0x2f, 0x2a, 0x2a
    db 0x2f, 0x2f, 0x2f, 0x2f, 0x2f, 0x2f, 0x2f, 0x2f, 0x2f, 0x2f, 0x2f, 0x2f, 0x2f, 0x2f, 0x2f, 0x2f
    db 0x2f, 0x2f, 0x2f, 0x2f, 0x2f, 0x2f, 0x2f, 0x2f, 0x2f, 0x2f, 0x1e, 0x6c, 0x53, 0x15, 0x69, 0x26
    db 0x15, 0x15, 0x1b, 0x1b, 0x15, 0x15, 0x34, 0x6c, 0x6c, 0x3c, 0x17, 0x30, 0x31, 0x31, 0x2f, 0x2f
    db 0x2f, 0x2f, 0x2b, 0x0d, 0x68, 0x97, 0x6f, 0x97, 0x88, 0x0d, 0x1f, 0x1f, 0x1f, 0x17, 0x17, 0x17
    db 0x17, 0x17, 0x17, 0x1f, 0x1f, 0x2b, 0x2b, 0x39, 0x88, 0x34, 0x53, 0x15, 0x15, 0x66, 0x3e, 0x15
    db 0x15, 0x15, 0x1b, 0x15, 0x6a, 0x54, 0x1f, 0x28, 0x2a, 0x2f, 0x2f, 0x2f, 0x2a, 0x2a, 0x2f, 0x2f
    db 0x2f, 0x2f, 0x2f, 0x2f, 0x2f, 0x2f, 0x2f, 0x2f, 0x2f, 0x2f, 0x2f, 0x2f, 0x2f, 0x2f, 0x2f, 0x2f
    db 0x2a, 0x2a, 0x2a, 0x2a, 0x2a, 0x2a, 0x2a, 0x2a, 0x2f, 0x2f, 0x2f, 0x2f, 0x2f, 0x2f, 0x2f, 0x2f
    db 0x2f, 0x2f, 0x2f, 0x2f, 0x2f, 0x2a, 0x2a, 0x2a, 0x2a, 0x2a, 0x2a, 0x2a, 0x2a, 0x2a, 0x2a, 0x2a
    db 0x2a, 0x2a, 0x2f, 0x2f, 0x2f, 0x2f, 0x2f, 0x2f, 0x2f, 0x2f, 0x2f, 0x2f, 0x2f, 0x2f, 0x2f, 0x2f
    db 0x2f, 0x2f, 0x2f, 0x2a, 0x2a, 0x2f, 0x2a, 0x2a, 0x2a, 0x2f, 0x2f, 0x2f, 0x2f, 0x2f, 0x2f, 0x2f
    db 0x2f, 0x2f, 0x2f, 0x2f, 0x2f, 0x2f, 0x2f, 0x2f, 0x2f, 0x2f, 0x2f, 0x2f, 0x2f, 0x2f, 0x2f, 0x2f
    db 0x2f, 0x2f, 0x2f, 0x2f, 0x2f, 0x2f, 0x2f, 0x2f, 0x2f, 0x2f, 0x2f, 0x2f, 0x2f, 0x2f, 0x2f, 0x2f
    db 0x2f, 0x2f, 0x2f, 0x2f, 0x2f, 0x2f, 0x2f, 0x2f, 0x2f, 0x2f, 0x2f, 0x2f, 0x2f, 0x2f, 0x2f, 0x2f
    db 0x2f, 0x2f, 0x2f, 0x37, 0x2f, 0x2f, 0x2f, 0x2f, 0x2f, 0x2f, 0x2f, 0x2f, 0x2f, 0x2f, 0x2f, 0x2a
    db 0x2a, 0x2a, 0x2a, 0x2f, 0x2f, 0x2f, 0x2f, 0x2f, 0x2f, 0x2f, 0x2f, 0x2f, 0x2f, 0x2f, 0x2f, 0x2f
    db 0x2f, 0x2f, 0x2f, 0x2f, 0x2f, 0x2f, 0x2f, 0x2f, 0x2f, 0x2f, 0x2f, 0x2f, 0x2f, 0x2f, 0x2f, 0x2f
    db 0x2f, 0x2f, 0x2f, 0x2f, 0x2f, 0x2f, 0x2f, 0x2f, 0x2f, 0x2f, 0x2f, 0x2f, 0x2f, 0x2f, 0x2f, 0x2f
    db 0x2f, 0x2f, 0x2f, 0x2f, 0x2f, 0x2f, 0x2f, 0x2f, 0x2f, 0x2f, 0x2f, 0x2f, 0x2f, 0x2f, 0x2f, 0x2f
    db 0x2f, 0x2f, 0x2f, 0x2f, 0x2f, 0x2f, 0x2f, 0x2f, 0x2f, 0x2f, 0x2f, 0x2f, 0x2f, 0x2f, 0x2f, 0x2f
    db 0x2f, 0x2f, 0x2f, 0x2f, 0x2f, 0x2f, 0x1f, 0x54, 0x69, 0x15, 0x69, 0x34, 0x15, 0x15, 0x1b, 0x1b
    db 0x1c, 0x1b, 0x15, 0x15, 0x53, 0x84, 0x66, 0x1f, 0x1f, 0x2b, 0x1f, 0x1f, 0x1f, 0x29, 0x2b, 0x2b
    db 0x1f, 0x8e, 0x8a, 0xc1, 0x6a, 0x39, 0x40, 0x54, 0x63, 0x63, 0x66, 0x66, 0x65, 0x63, 0x62, 0x50
    db 0x3c, 0x3a, 0x1e, 0x27, 0x84, 0x34, 0x53, 0x26, 0x34, 0x69, 0x15, 0x15, 0x15, 0x15, 0x15, 0x15
    db 0x69, 0x63, 0x16, 0x2a, 0x2f, 0x2f, 0x2f, 0x2f, 0x2f, 0x2f, 0x2f, 0x2f, 0x2f, 0x2f, 0x2f, 0x2f
    db 0x2f, 0x2f, 0x2f, 0x2f, 0x2f, 0x2f, 0x2f, 0x2f, 0x2f, 0x2f, 0x2f, 0x2f, 0x2a, 0x2a, 0x2a, 0x2a
    db 0x2a, 0x2a, 0x2a, 0x2a, 0x2f, 0x2f, 0x2f, 0x2f, 0x2f, 0x2f, 0x2f, 0x2f, 0x2f, 0x2f, 0x2f, 0x2f
    db 0x2f, 0x2f, 0x2a, 0x2a, 0x2a, 0x2a, 0x2a, 0x2f, 0x2f, 0x2f, 0x2f, 0x2f, 0x2f, 0x2f, 0x2f, 0x2f
    db 0x2f, 0x2f, 0x2f, 0x2f, 0x2f, 0x2f, 0x2f, 0x2f, 0x2f, 0x2f, 0x2f, 0x2f, 0x2f, 0x2f, 0x2f, 0x2a
    db 0x2a, 0x2f, 0x2a, 0x2a, 0x2a, 0x2f, 0x2f, 0x2f, 0x2f, 0x2f, 0x2f, 0x2f, 0x2f, 0x2f, 0x2f, 0x2f
    db 0x2f, 0x2f, 0x2f, 0x2f, 0x2f, 0x2f, 0x2f, 0x2f, 0x2f, 0x2f, 0x2f, 0x2f, 0x2f, 0x2f, 0x2f, 0x2f
    db 0x2f, 0x2f, 0x2f, 0x2f, 0x2f, 0x2f, 0x2f, 0x2f, 0x2f, 0x2f, 0x2f, 0x2f, 0x2f, 0x2f, 0x2f, 0x2f
    db 0x2f, 0x2f, 0x2f, 0x2f, 0x2f, 0x2f, 0x2f, 0x2f, 0x2f, 0x2f, 0x2f, 0x2f, 0x2f, 0x2f, 0x2f, 0x37
    db 0x2f, 0x2f, 0x2f, 0x2f, 0x2f, 0x2f, 0x2f, 0x2f, 0x2f, 0x2f, 0x2f, 0x2a, 0x2a, 0x2a, 0x2a, 0x2f
    db 0x2f, 0x2f, 0x2f, 0x2f, 0x2f, 0x2f, 0x2f, 0x2f, 0x2f, 0x2f, 0x2f, 0x2f, 0x2f, 0x2f, 0x2f, 0x2f
    db 0x2f, 0x2f, 0x2f, 0x2f, 0x2f, 0x2f, 0x2f, 0x2f, 0x2f, 0x2f, 0x2f, 0x2f, 0x2f, 0x2f, 0x2f, 0x2f
    db 0x2f, 0x2f, 0x2f, 0x2f, 0x2f, 0x2f, 0x2f, 0x2f, 0x2f, 0x2f, 0x2f, 0x2f, 0x2f, 0x2f, 0x2f, 0x2f
    db 0x2f, 0x2f, 0x2f, 0x2f, 0x2f, 0x2f, 0x2f, 0x2f, 0x2f, 0x2f, 0x2f, 0x2f, 0x2f, 0x2f, 0x2f, 0x2f
    db 0x2f, 0x2f, 0x2f, 0x2f, 0x2f, 0x2f, 0x2f, 0x2f, 0x2f, 0x2f, 0x2f, 0x2f, 0x2f, 0x2f, 0x2f, 0x2f
    db 0x2f, 0x37, 0x36, 0x3b, 0x88, 0x26, 0x53, 0x3e, 0x15, 0x1c, 0x1c, 0x1c, 0x26, 0x26, 0x1b, 0x1b
    db 0x15, 0x26, 0x69, 0x74, 0x3c, 0x37, 0x3f, 0x40, 0x40, 0x39, 0x0d, 0x39, 0x3e, 0x6a, 0xbe, 0xd2
    db 0xba, 0x74, 0x81, 0x6f, 0x6e, 0x6e, 0x6f, 0x6f, 0x72, 0x88, 0x92, 0x97, 0x97, 0x97, 0x92, 0x8a
    db 0xbe, 0x34, 0x53, 0x26, 0x66, 0x53, 0x15, 0x15, 0x15, 0x15, 0x15, 0x15, 0x66, 0x66, 0x16, 0x2a
    db 0x2f, 0x2f, 0x2f, 0x2f, 0x2e, 0x2e, 0x2e, 0x2e, 0x2f, 0x30, 0x2f, 0x2e, 0x2e, 0x2e, 0x2f, 0x2f
    db 0x2f, 0x2f, 0x2f, 0x2f, 0x2f, 0x2f, 0x2f, 0x2f, 0x2a, 0x2a, 0x2a, 0x2a, 0x2f, 0x2f, 0x2f, 0x2f
    db 0x2f, 0x2f, 0x2f, 0x2f, 0x2f, 0x2f, 0x2f, 0x2f, 0x2f, 0x2f, 0x2f, 0x2f, 0x2f, 0x2f, 0x2a, 0x2a
    db 0x2a, 0x2a, 0x2a, 0x2f, 0x2f, 0x2f, 0x2f, 0x2f, 0x2f, 0x2f, 0x2f, 0x2f, 0x2f, 0x2f, 0x2f, 0x2f
    db 0x2f, 0x2f, 0x2f, 0x2f, 0x2f, 0x2f, 0x2f, 0x2f, 0x2f, 0x2f, 0x2f, 0x2a, 0x2a, 0x2a, 0x2a, 0x2a
    db 0x2a, 0x2f, 0x2f, 0x2f, 0x2f, 0x2f, 0x2f, 0x2f, 0x2f, 0x2f, 0x2a, 0x2f, 0x2f, 0x2f, 0x2f, 0x2f
    db 0x2f, 0x2f, 0x2f, 0x2f, 0x2f, 0x2f, 0x2f, 0x2f, 0x2f, 0x2f, 0x2f, 0x2f, 0x2f, 0x2f, 0x2f, 0x2f
    db 0x2f, 0x2f, 0x2f, 0x2f, 0x2f, 0x2f, 0x2f, 0x2f, 0x2f, 0x2f, 0x2f, 0x2f, 0x2f, 0x2f, 0x2f, 0x2f
    db 0x2f, 0x2f, 0x2f, 0x2f, 0x2f, 0x2f, 0x2f, 0x2f, 0x2f, 0x2f, 0x2f, 0x37, 0x2f, 0x2f, 0x2f, 0x2f
    db 0x2f, 0x2f, 0x2f, 0x2f, 0x2f, 0x2f, 0x2f, 0x2a, 0x2a, 0x2a, 0x2f, 0x2f, 0x2f, 0x2f, 0x2f, 0x2f
    db 0x2f, 0x2f, 0x2f, 0x2f, 0x2f, 0x2f, 0x2f, 0x2f, 0x2f, 0x2f, 0x2f, 0x2f, 0x2f, 0x2f, 0x2f, 0x2f
    db 0x2f, 0x2f, 0x2f, 0x2f, 0x2f, 0x2f, 0x2f, 0x2f, 0x2f, 0x2f, 0x2f, 0x2f, 0x2f, 0x2f, 0x2f, 0x2f
    db 0x2f, 0x2f, 0x2f, 0x2f, 0x2f, 0x2f, 0x2f, 0x2f, 0x2f, 0x2f, 0x2f, 0x2f, 0x2f, 0x2f, 0x2f, 0x2f
    db 0x2f, 0x2f, 0x2f, 0x2f, 0x2f, 0x2f, 0x2f, 0x2f, 0x2f, 0x2f, 0x2f, 0x2f, 0x2f, 0x2f, 0x2f, 0x2f
    db 0x2f, 0x2f, 0x2f, 0x2f, 0x2f, 0x2f, 0x2f, 0x2f, 0x2f, 0x2f, 0x2f, 0x2f, 0x2f, 0x37, 0x2c, 0x1f
    db 0x68, 0x53, 0x34, 0x69, 0x15, 0x1c, 0x1c, 0x1c, 0x26, 0x1b, 0x1b, 0x1b, 0x1c, 0x15, 0x15, 0x53
    db 0x93, 0x84, 0x6b, 0x63, 0x6b, 0x8e, 0x6c, 0x88, 0x84, 0x6c, 0x68, 0x92, 0x95, 0x63, 0x68, 0x68
    db 0x6a, 0x6a, 0x6c, 0x6c, 0x6c, 0x6c, 0x6c, 0x6c, 0x6e, 0x75, 0x8a, 0xbe, 0xe6, 0x69, 0x3e, 0x3e
    db 0x6e, 0x15, 0x15, 0x15, 0x15, 0x15, 0x1b, 0x15, 0x66, 0x63, 0x17, 0x2a, 0x1e, 0x1e, 0x2f, 0x2f
    db 0x2f, 0x2f, 0x2f, 0x2f, 0x30, 0x30, 0x30, 0x2e, 0x2e, 0x2e, 0x2f, 0x2f, 0x2f, 0x2f, 0x2f, 0x2f
    db 0x2f, 0x2f, 0x2f, 0x2f, 0x2f, 0x2f, 0x2f, 0x2f, 0x2f, 0x2f, 0x2a, 0x2a, 0x2f, 0x2f, 0x2f, 0x2f
    db 0x2f, 0x2f, 0x2a, 0x2a, 0x2a, 0x2a, 0x2a, 0x2a, 0x2f, 0x2f, 0x2f, 0x2f, 0x2f, 0x2f, 0x2f, 0x2f
    db 0x2f, 0x2f, 0x2f, 0x2f, 0x2f, 0x2f, 0x2f, 0x2f, 0x2f, 0x2f, 0x2f, 0x2f, 0x2f, 0x2f, 0x2f, 0x2f
    db 0x2f, 0x2f, 0x2f, 0x2f, 0x2f, 0x2f, 0x2f, 0x2f, 0x2a, 0x2a, 0x2f, 0x2f, 0x2f, 0x2f, 0x2f, 0x2f
    db 0x2f, 0x2f, 0x2f, 0x2f, 0x2f, 0x2f, 0x2a, 0x2f, 0x2f, 0x2f, 0x2f, 0x2f, 0x2f, 0x2f, 0x2f, 0x2f
    db 0x2f, 0x2f, 0x2f, 0x2f, 0x2f, 0x2f, 0x2f, 0x2f, 0x2f, 0x2f, 0x2f, 0x2f, 0x2f, 0x2f, 0x2f, 0x2f
    db 0x2f, 0x2f, 0x2f, 0x2f, 0x2f, 0x2f, 0x2f, 0x2f, 0x2f, 0x2f, 0x2f, 0x2f, 0x2f, 0x2f, 0x2f, 0x2f
    db 0x2f, 0x2f, 0x2f, 0x2f, 0x2f, 0x2f, 0x2f, 0x37, 0x2f, 0x2f, 0x2f, 0x2f, 0x2f, 0x2f, 0x2f, 0x2f
    db 0x2f, 0x2f, 0x2f, 0x2a, 0x2f, 0x2f, 0x2f, 0x2f, 0x2f, 0x2f, 0x2f, 0x2f, 0x2f, 0x2f, 0x2f, 0x2f
    db 0x2f, 0x2f, 0x2f, 0x2f, 0x2f, 0x2f, 0x2f, 0x2f, 0x2f, 0x2f, 0x2f, 0x2f, 0x2f, 0x2f, 0x2f, 0x2f
    db 0x2f, 0x2f, 0x2f, 0x2f, 0x2f, 0x2f, 0x2f, 0x2f, 0x2f, 0x2f, 0x2f, 0x2f, 0x2f, 0x2f, 0x2f, 0x2f
    db 0x2f, 0x2f, 0x2f, 0x2f, 0x2f, 0x2f, 0x2f, 0x2f, 0x2f, 0x2f, 0x2f, 0x2f, 0x2f, 0x2f, 0x2f, 0x2f
    db 0x2f, 0x2f, 0x2f, 0x2f, 0x2f, 0x2f, 0x2f, 0x2f, 0x2f, 0x2f, 0x2f, 0x2f, 0x2f, 0x2f, 0x2f, 0x2f
    db 0x2f, 0x2f, 0x2f, 0x2f, 0x2f, 0x2f, 0x2f, 0x2f, 0x2f, 0x2f, 0x2f, 0x2f, 0x3b, 0x84, 0x1d, 0x69
    db 0x34, 0x15, 0x15, 0x1c, 0x26, 0x26, 0x26, 0x15, 0x26, 0x53, 0x69, 0x53, 0x35, 0x2d, 0x2d, 0x54
    db 0x84, 0x88, 0x6e, 0x6c, 0x87, 0x8e, 0x8f, 0x8f, 0x92, 0x8f, 0x92, 0x8f, 0x8b, 0x8b, 0x8a, 0x87
    db 0x82, 0x71, 0x71, 0x71, 0x71, 0x71, 0x71, 0x87, 0xc2, 0xc2, 0x34, 0x3e, 0x69, 0x15, 0x15, 0x15
    db 0x1b, 0x1b, 0x1b, 0x15, 0x69, 0x40, 0x17, 0x0d, 0x40, 0x40, 0x27, 0x2e, 0x2f, 0x2b, 0x2a, 0x1f
    db 0x1f, 0x1f, 0x1f, 0x29, 0x30, 0x2f, 0x2f, 0x2f, 0x2f, 0x2f, 0x2f, 0x2f, 0x2f, 0x2f, 0x2f, 0x2f
    db 0x2f, 0x2f, 0x2f, 0x2f, 0x2f, 0x2f, 0x2a, 0x2a, 0x2a, 0x2a, 0x2f, 0x2a, 0x2a, 0x2a, 0x2a, 0x2a
    db 0x2a, 0x2a, 0x2a, 0x2a, 0x2a, 0x2f, 0x2f, 0x2f, 0x2f, 0x2f, 0x2f, 0x2f, 0x2f, 0x2f, 0x2f, 0x2f
    db 0x2f, 0x2f, 0x2f, 0x2f, 0x2f, 0x2f, 0x2f, 0x2f, 0x2f, 0x2f, 0x2f, 0x2f, 0x2f, 0x2f, 0x2f, 0x2f
    db 0x2f, 0x2f, 0x2f, 0x2f, 0x2a, 0x2a, 0x2f, 0x2f, 0x2f, 0x2f, 0x2f, 0x2f, 0x2f, 0x2f, 0x2f, 0x2f
    db 0x2f, 0x2f, 0x2a, 0x2a, 0x2f, 0x2f, 0x2f, 0x2f, 0x2f, 0x2f, 0x2f, 0x2f, 0x2f, 0x2f, 0x2f, 0x2f
    db 0x2f, 0x2f, 0x2f, 0x2f, 0x2f, 0x2f, 0x2f, 0x2f, 0x2f, 0x2f, 0x2f, 0x2f, 0x2f, 0x2f, 0x2f, 0x2f
    db 0x2f, 0x2f, 0x2f, 0x2f, 0x2f, 0x2f, 0x2f, 0x2f, 0x2f, 0x2f, 0x2f, 0x2f, 0x2f, 0x2f, 0x2f, 0x2f
    db 0x2f, 0x2f, 0x2f, 0x37, 0x2f, 0x2f, 0x2f, 0x2f, 0x2f, 0x2f, 0x2f, 0x2f, 0x2f, 0x2f, 0x2f, 0x2f
    db 0x2f, 0x2f, 0x2f, 0x2f, 0x2f, 0x2f, 0x2f, 0x2f, 0x2f, 0x2f, 0x2f, 0x2f, 0x2f, 0x2f, 0x2f, 0x2f
    db 0x2f, 0x2f, 0x2f, 0x2f, 0x2f, 0x2f, 0x2f, 0x2f, 0x2f, 0x2f, 0x2f, 0x2f, 0x2f, 0x2f, 0x2f, 0x2f
    db 0x2f, 0x2f, 0x2f, 0x2f, 0x2f, 0x2f, 0x2f, 0x2f, 0x2f, 0x2f, 0x2f, 0x2f, 0x2f, 0x2f, 0x2f, 0x2f
    db 0x2f, 0x2f, 0x2f, 0x2f, 0x2f, 0x2f, 0x2f, 0x2f, 0x2f, 0x2f, 0x2f, 0x2f, 0x2f, 0x2f, 0x2f, 0x2f
    db 0x2f, 0x2f, 0x2f, 0x2f, 0x2f, 0x2f, 0x2f, 0x2f, 0x2f, 0x2f, 0x2f, 0x2f, 0x2f, 0x2f, 0x2f, 0x2f
    db 0x2f, 0x2f, 0x2f, 0x2f, 0x2f, 0x2f, 0x30, 0x2f, 0x1e, 0x63, 0x69, 0x34, 0x69, 0x15, 0x15, 0x15
    db 0x1c, 0x15, 0x26, 0x3e, 0x69, 0x62, 0x35, 0x07, 0x2d, 0x66, 0x8e, 0x84, 0x68, 0x78, 0x97, 0xd0
    db 0xd4, 0xcf, 0xcf, 0xcb, 0xcb, 0xd2, 0xd2, 0xd2, 0xd2, 0xd2, 0xc2, 0xc1, 0xbe, 0x98, 0x8e, 0x87
    db 0x73, 0x73, 0x73, 0x72, 0x8a, 0xdc, 0x6f, 0x34, 0x69, 0x15, 0x15, 0x1c, 0x26, 0x1c, 0x15, 0x15
    db 0x8a, 0x50, 0x0d, 0x54, 0x95, 0x97, 0x28, 0x27, 0x39, 0x3c, 0x40, 0x54, 0x62, 0x66, 0x66, 0x3c
    db 0x1f, 0x2f, 0x2f, 0x2f, 0x2f, 0x2f, 0x2f, 0x2f, 0x2f, 0x2f, 0x2f, 0x2f, 0x2f, 0x2f, 0x2f, 0x2f
    db 0x2f, 0x2f, 0x2a, 0x2a, 0x2a, 0x2a, 0x2a, 0x2a, 0x2a, 0x2a, 0x2a, 0x2a, 0x2a, 0x2a, 0x2a, 0x2a
    db 0x2f, 0x2f, 0x2f, 0x2f, 0x2f, 0x2f, 0x2f, 0x2f, 0x2f, 0x2f, 0x2f, 0x2f, 0x2f, 0x2f, 0x2f, 0x2f
    db 0x2f, 0x2f, 0x2f, 0x2f, 0x2f, 0x2f, 0x2f, 0x2f, 0x2f, 0x2f, 0x2f, 0x2f, 0x2f, 0x2f, 0x2f, 0x2f
    db 0x2f, 0x2f, 0x2f, 0x2a, 0x2a, 0x2f, 0x2f, 0x2f, 0x2f, 0x2f, 0x2f, 0x2f, 0x2a, 0x2a, 0x2a, 0x2a
    db 0x2f, 0x2a, 0x2f, 0x2f, 0x2f, 0x2f, 0x2f, 0x2f, 0x2f, 0x2f, 0x2a, 0x2a, 0x2a, 0x2f, 0x2f, 0x2f
    db 0x2f, 0x2f, 0x2f, 0x2f, 0x2f, 0x2f, 0x2a, 0x2f, 0x2f, 0x2f, 0x2f, 0x2f, 0x2f, 0x2f, 0x2f, 0x2f
    db 0x2f, 0x2f, 0x2f, 0x2f, 0x2f, 0x2f, 0x2f, 0x2f, 0x2f, 0x2f, 0x2f, 0x2f, 0x2f, 0x2f, 0x2f, 0x2f
    db 0x2f, 0x2f, 0x2f, 0x2f, 0x2f, 0x2f, 0x2f, 0x2f, 0x2f, 0x2f, 0x2f, 0x2f, 0x2f, 0x2f, 0x2f, 0x2f
    db 0x2f, 0x2f, 0x2f, 0x2f, 0x2f, 0x2f, 0x2f, 0x2f, 0x2f, 0x2f, 0x2f, 0x2f, 0x2f, 0x2f, 0x2f, 0x2f
    db 0x2f, 0x2f, 0x2f, 0x2f, 0x2f, 0x2f, 0x2f, 0x2f, 0x2f, 0x2f, 0x2f, 0x2f, 0x2f, 0x2a, 0x2f, 0x2f
    db 0x2f, 0x2f, 0x2f, 0x2f, 0x2f, 0x2f, 0x2f, 0x2f, 0x2f, 0x2f, 0x2f, 0x2f, 0x2f, 0x2f, 0x2f, 0x2f
    db 0x2f, 0x2f, 0x2f, 0x2f, 0x2f, 0x2f, 0x2f, 0x2f, 0x2f, 0x2f, 0x2f, 0x2f, 0x2f, 0x2f, 0x2f, 0x2f
    db 0x2f, 0x2f, 0x2f, 0x2f, 0x2f, 0x2f, 0x2f, 0x2f, 0x2f, 0x2f, 0x2f, 0x2f, 0x2f, 0x2f, 0x2f, 0x2f
    db 0x2f, 0x2f, 0x30, 0x2f, 0x2b, 0x17, 0x6e, 0x53, 0x3e, 0x53, 0x15, 0x15, 0x15, 0x34, 0x69, 0x69
    db 0x3e, 0x2d, 0x2d, 0x54, 0x93, 0x84, 0x6a, 0x88, 0xc1, 0xda, 0xdc, 0xdc, 0xda, 0xda, 0xda, 0xd5
    db 0xd5, 0xda, 0xda, 0xda, 0xdc, 0xdc, 0xdc, 0xdc, 0xda, 0xda, 0xd4, 0xd0, 0xbe, 0x92, 0x8a, 0x83
    db 0x71, 0x92, 0xd4, 0x84, 0x93, 0x26, 0x15, 0x1c, 0x1c, 0x1c, 0x15, 0x34, 0xd4, 0xc1, 0x88, 0x92
    db 0x3a, 0x6c, 0x75, 0x71, 0x81, 0x74, 0x6f, 0x6a, 0x65, 0x63, 0x84, 0x8e, 0x27, 0x2f, 0x2f, 0x2f
    db 0x2f, 0x2f, 0x2f, 0x2f, 0x2f, 0x2f, 0x2f, 0x2f, 0x2f, 0x2f, 0x2f, 0x2f, 0x2f, 0x2f, 0x2a, 0x2a
    db 0x2a, 0x2a, 0x2f, 0x2a, 0x2a, 0x2a, 0x2a, 0x2a, 0x2a, 0x2a, 0x2a, 0x2a, 0x2f, 0x2f, 0x2f, 0x2f
    db 0x2f, 0x2f, 0x2f, 0x2f, 0x2f, 0x2f, 0x2f, 0x2f, 0x2f, 0x2f, 0x2f, 0x2f, 0x2f, 0x2f, 0x2f, 0x2f
    db 0x2f, 0x2f, 0x2f, 0x2f, 0x2f, 0x2f, 0x2f, 0x2f, 0x2f, 0x2f, 0x2f, 0x2f, 0x2f, 0x2f, 0x2f, 0x2a
    db 0x2a, 0x2f, 0x2f, 0x2f, 0x2f, 0x2f, 0x2a, 0x2a, 0x2a, 0x2a, 0x2a, 0x2a, 0x2f, 0x2a, 0x2f, 0x2f
    db 0x2f, 0x2f, 0x2f, 0x2f, 0x2f, 0x2a, 0x2a, 0x2a, 0x2a, 0x2f, 0x2f, 0x2f, 0x2f, 0x2f, 0x2f, 0x2f
    db 0x2f, 0x2f, 0x2a, 0x2f, 0x2f, 0x2f, 0x2f, 0x2f, 0x2f, 0x2f, 0x2f, 0x2f, 0x2f, 0x2f, 0x2f, 0x2f
    db 0x2f, 0x2f, 0x2f, 0x2f, 0x2f, 0x2f, 0x2f, 0x2f, 0x2f, 0x2f, 0x2f, 0x2f, 0x2f, 0x2f, 0x2f, 0x2f
    db 0x2f, 0x2f, 0x2f, 0x2f, 0x2f, 0x2f, 0x2f, 0x2f, 0x2f, 0x2f, 0x2f, 0x2f, 0x2f, 0x2f, 0x2f, 0x2f
    db 0x2f, 0x2f, 0x2f, 0x2f, 0x2f, 0x2f, 0x2f, 0x2f, 0x2f, 0x2f, 0x2f, 0x2f, 0x2f, 0x2f, 0x2f, 0x2f
    db 0x2f, 0x2f, 0x2f, 0x2f, 0x2f, 0x2f, 0x2f, 0x2f, 0x2f, 0x2f, 0x2f, 0x2f, 0x2f, 0x2f, 0x2f, 0x2f
    db 0x2f, 0x2f, 0x2f, 0x2f, 0x2f, 0x2f, 0x2f, 0x2f, 0x2f, 0x2f, 0x2f, 0x2f, 0x2f, 0x2f, 0x2f, 0x2f
    db 0x2f, 0x2f, 0x2f, 0x2f, 0x2f, 0x2f, 0x2f, 0x2f, 0x2f, 0x2f, 0x2f, 0x2f, 0x2f, 0x2f, 0x2f, 0x2f
    db 0x2f, 0x2f, 0x2f, 0x2a, 0x2f, 0x2f, 0x2f, 0x2f, 0x2f, 0x2f, 0x2f, 0x2f, 0x2f, 0x2f, 0x2f, 0x2f
    db 0x2f, 0x29, 0x36, 0x84, 0x53, 0x53, 0x3e, 0x15, 0x53, 0x6c, 0x53, 0x2d, 0x08, 0x3e, 0x84, 0x93
    db 0x74, 0x92, 0xdc, 0xdc, 0xd2, 0xbe, 0x97, 0x95, 0x92, 0x8f, 0x8e, 0x8b, 0x8e, 0x8e, 0x8f, 0x92
    db 0x88, 0x84, 0x92, 0x97, 0x9c, 0xc1, 0xda, 0xda, 0xd4, 0xdd, 0xdd, 0xd2, 0x92, 0x71, 0x8e, 0xca
    db 0xd4, 0x8a, 0x3e, 0x26, 0x15, 0x15, 0x15, 0x66, 0xd4, 0xc1, 0xda, 0x97, 0x6c, 0x40, 0x3f, 0x3c
    db 0x3b, 0x36, 0x24, 0x21, 0x24, 0x16, 0x61, 0x95, 0x37, 0x2b, 0x2f, 0x2f, 0x2f, 0x2f, 0x2f, 0x2f
    db 0x2f, 0x2f, 0x2f, 0x2f, 0x2f, 0x2f, 0x2f, 0x2f, 0x2f, 0x2f, 0x2f, 0x2f, 0x2f, 0x2f, 0x2f, 0x2f
    db 0x2f, 0x2a, 0x2a, 0x2f, 0x2f, 0x2a, 0x2a, 0x2a, 0x2a, 0x2f, 0x2f, 0x2f, 0x2f, 0x2f, 0x2f, 0x2f
    db 0x2f, 0x2f, 0x2f, 0x2f, 0x2f, 0x2f, 0x2f, 0x2f, 0x2f, 0x2f, 0x2f, 0x2f, 0x2f, 0x2f, 0x2f, 0x2f
    db 0x2f, 0x2f, 0x2f, 0x2f, 0x2f, 0x2f, 0x2a, 0x2a, 0x2a, 0x2f, 0x2f, 0x2f, 0x2f, 0x2f, 0x2f, 0x2f
    db 0x2f, 0x2a, 0x2a, 0x2a, 0x2a, 0x2a, 0x2a, 0x2a, 0x2a, 0x2f, 0x2f, 0x2f, 0x2f, 0x2f, 0x2f, 0x2f
    db 0x2f, 0x2f, 0x2f, 0x2a, 0x2a, 0x2a, 0x2f, 0x2f, 0x2f, 0x2f, 0x2f, 0x2f, 0x2f, 0x2f, 0x2f, 0x2f
    db 0x2f, 0x2f, 0x2f, 0x2f, 0x2f, 0x2f, 0x2f, 0x2f, 0x2f, 0x2f, 0x2f, 0x2f, 0x2f, 0x2f, 0x2f, 0x2f
    db 0x2f, 0x2f, 0x2f, 0x2f, 0x2f, 0x2f, 0x2f, 0x2f, 0x2f, 0x2f, 0x2f, 0x2f, 0x2f, 0x2f, 0x2f, 0x2f
    db 0x2f, 0x2f, 0x2f, 0x2f, 0x2f, 0x2f, 0x2f, 0x2f, 0x2f, 0x2f, 0x2f, 0x2f, 0x2f, 0x2f, 0x2f, 0x2f
    db 0x2f, 0x2f, 0x2f, 0x2f, 0x2f, 0x2f, 0x2f, 0x2f, 0x2f, 0x2f, 0x2f, 0x2f, 0x2f, 0x2f, 0x2f, 0x2f
    db 0x2f, 0x2f, 0x2a, 0x2a, 0x2a, 0x2f, 0x2f, 0x2f, 0x2f, 0x2f, 0x2f, 0x2f, 0x2f, 0x2f, 0x2f, 0x2f
    db 0x2f, 0x2f, 0x2f, 0x2f, 0x2f, 0x2f, 0x2f, 0x2a, 0x2a, 0x2a, 0x2a, 0x2a, 0x2f, 0x2f, 0x2f, 0x2f
    db 0x2f, 0x2f, 0x2f, 0x2f, 0x2f, 0x2f, 0x2f, 0x2f, 0x2f, 0x2f, 0x2f, 0x2f, 0x2a, 0x2a, 0x2a, 0x2a
    db 0x2a, 0x2f, 0x2f, 0x2f, 0x2f, 0x2f, 0x2f, 0x2f, 0x2f, 0x2f, 0x2f, 0x2f, 0x2f, 0x2f, 0x1e, 0x39
    db 0x74, 0x62, 0x34, 0x66, 0x69, 0x3e, 0x2d, 0x1d, 0x53, 0x93, 0x93, 0xba, 0xdd, 0xdc, 0xbe, 0x8f
    db 0x84, 0x72, 0x6e, 0x6e, 0x6c, 0x6c, 0x6e, 0x6e, 0x6f, 0x6f, 0x66, 0x3e, 0x1d, 0x62, 0x84, 0x84
    db 0x6f, 0x69, 0x53, 0x34, 0x34, 0x53, 0x6f, 0xbe, 0xdc, 0xd0, 0x8a, 0x87, 0x91, 0xc1, 0xd2, 0x93
    db 0x6a, 0x53, 0x53, 0xba, 0xc9, 0xc8, 0xbe, 0x87, 0x92, 0xba, 0x6c, 0x50, 0x3b, 0x3b, 0x3b, 0x3a
    db 0x31, 0x22, 0x66, 0x97, 0x3a, 0x29, 0x2a, 0x2a, 0x2f, 0x2f, 0x2f, 0x2f, 0x2f, 0x2f, 0x2f, 0x2f
    db 0x2f, 0x2f, 0x2f, 0x2f, 0x2f, 0x2f, 0x2f, 0x2f, 0x2f, 0x2f, 0x2f, 0x2f, 0x2f, 0x2a, 0x2a, 0x2f
    db 0x2f, 0x2f, 0x2f, 0x2f, 0x2f, 0x2f, 0x2f, 0x2f, 0x2f, 0x2f, 0x2f, 0x2f, 0x2f, 0x2f, 0x2f, 0x2f
    db 0x2a, 0x2a, 0x2f, 0x2f, 0x2f, 0x2f, 0x2f, 0x2f, 0x2f, 0x2f, 0x2f, 0x2f, 0x2f, 0x2f, 0x2f, 0x2f
    db 0x2f, 0x2f, 0x2a, 0x2a, 0x2a, 0x2f, 0x2f, 0x2f, 0x2f, 0x2f, 0x2f, 0x2f, 0x2a, 0x2a, 0x2a, 0x2a
    db 0x2a, 0x2a, 0x2a, 0x2a, 0x2a, 0x2f, 0x2f, 0x2a, 0x2a, 0x2a, 0x2a, 0x2a, 0x2f, 0x2f, 0x2f, 0x2f
    db 0x2a, 0x2f, 0x2f, 0x2f, 0x2f, 0x2f, 0x2f, 0x2f, 0x2a, 0x2a, 0x2f, 0x2f, 0x2f, 0x2f, 0x2f, 0x2a
    db 0x2a, 0x2f, 0x2f, 0x2f, 0x2f, 0x2f, 0x2f, 0x2f, 0x2f, 0x2f, 0x2f, 0x2f, 0x2f, 0x2f, 0x2f, 0x2f
    db 0x2f, 0x2f, 0x2f, 0x2f, 0x2f, 0x2f, 0x2f, 0x2f, 0x2f, 0x2f, 0x2f, 0x2f, 0x2f, 0x2f, 0x2f, 0x2f
    db 0x2f, 0x2f, 0x2f, 0x2f, 0x2f, 0x2f, 0x2f, 0x2f, 0x2f, 0x2f, 0x2f, 0x2f, 0x2f, 0x2f, 0x2f, 0x2f
    db 0x2f, 0x2f, 0x2f, 0x2f, 0x2f, 0x2f, 0x2f, 0x2f, 0x2f, 0x2f, 0x2f, 0x2f, 0x2f, 0x2f, 0x2f, 0x2f
    db 0x2f, 0x2f, 0x2f, 0x2f, 0x2f, 0x2f, 0x2f, 0x2f, 0x2f, 0x2f, 0x2f, 0x2f, 0x2f, 0x2f, 0x2f, 0x2f
    db 0x2f, 0x2f, 0x2f, 0x2f, 0x2f, 0x2f, 0x2f, 0x2f, 0x2f, 0x2f, 0x2f, 0x2f, 0x2f, 0x2f, 0x2f, 0x2f
    db 0x2f, 0x2f, 0x2f, 0x2f, 0x2f, 0x2f, 0x2f, 0x2f, 0x2f, 0x2f, 0x2f, 0x2f, 0x2f, 0x2f, 0x2f, 0x2f
    db 0x2f, 0x2f, 0x2f, 0x2f, 0x2f, 0x2f, 0x2f, 0x2f, 0x2f, 0x2f, 0x2f, 0x29, 0x2a, 0x68, 0x93, 0x69
    db 0x3e, 0x2d, 0x27, 0x69, 0xbd, 0x93, 0x84, 0xba, 0xba, 0x6a, 0x40, 0x6f, 0x71, 0x6f, 0x6e, 0x6e
    db 0x6f, 0x6f, 0x6f, 0x6f, 0x66, 0x3e, 0x1d, 0x26, 0x26, 0x66, 0x66, 0x3e, 0x34, 0x26, 0x15, 0x15
    db 0x15, 0x15, 0x15, 0x26, 0x3e, 0x6a, 0xbe, 0xc2, 0x8a, 0x86, 0x92, 0xd0, 0xdd, 0xdd, 0xda, 0xd2
    db 0xcb, 0xd2, 0x98, 0x71, 0x74, 0x8a, 0xbe, 0x92, 0x67, 0x3c, 0x23, 0x3a, 0x3b, 0x31, 0x6c, 0x97
    db 0x37, 0x2b, 0x2f, 0x2f, 0x2f, 0x2f, 0x2f, 0x2f, 0x2f, 0x2f, 0x2f, 0x2f, 0x2f, 0x2f, 0x2f, 0x2f
    db 0x2f, 0x2f, 0x2f, 0x2f, 0x2f, 0x2f, 0x2f, 0x2f, 0x2f, 0x2f, 0x2f, 0x2f, 0x2f, 0x2f, 0x2a, 0x2f
    db 0x2f, 0x2f, 0x2f, 0x2f, 0x2a, 0x2f, 0x2f, 0x2f, 0x2f, 0x2f, 0x2f, 0x2f, 0x2f, 0x2f, 0x2f, 0x2f
    db 0x2f, 0x2f, 0x2f, 0x2f, 0x2f, 0x2f, 0x2f, 0x2f, 0x2f, 0x2f, 0x2f, 0x2f, 0x2f, 0x2f, 0x2f, 0x2f
    db 0x2f, 0x2f, 0x2f, 0x2f, 0x2f, 0x2f, 0x2f, 0x2a, 0x2a, 0x2a, 0x2a, 0x2a, 0x2a, 0x2a, 0x2a, 0x2a
    db 0x2f, 0x2a, 0x2f, 0x2f, 0x2f, 0x2f, 0x2f, 0x2f, 0x2f, 0x2f, 0x2f, 0x2f, 0x2f, 0x2f, 0x2f, 0x2f
    db 0x2f, 0x2f, 0x2f, 0x2f, 0x2f, 0x2f, 0x2f, 0x2f, 0x2f, 0x2f, 0x2f, 0x2f, 0x2f, 0x2f, 0x2f, 0x2f
    db 0x2f, 0x2f, 0x2f, 0x2f, 0x2f, 0x2f, 0x2f, 0x2f, 0x2f, 0x2f, 0x2f, 0x2f, 0x2f, 0x2f, 0x2f, 0x2f
    db 0x2f, 0x2f, 0x2f, 0x2f, 0x2f, 0x2f, 0x2f, 0x2f, 0x2f, 0x2f, 0x2f, 0x2f, 0x2f, 0x2f, 0x2f, 0x2f
    db 0x2f, 0x2f, 0x2f, 0x2f, 0x2f, 0x2f, 0x2f, 0x2f, 0x2f, 0x2f, 0x2f, 0x2f, 0x2f, 0x2f, 0x2f, 0x2f
    db 0x2f, 0x2f, 0x2f, 0x2f, 0x2f, 0x2f, 0x2f, 0x2f, 0x2f, 0x2f, 0x2f, 0x2f, 0x2f, 0x2f, 0x2f, 0x2f
    db 0x2f, 0x2f, 0x2f, 0x2f, 0x2f, 0x2f, 0x2f, 0x2f, 0x2f, 0x2f, 0x2f, 0x2f, 0x2f, 0x2f, 0x2f, 0x2f
    db 0x2f, 0x2f, 0x2f, 0x2f, 0x2f, 0x2f, 0x2f, 0x2f, 0x2f, 0x2f, 0x2f, 0x2f, 0x2f, 0x2f, 0x2f, 0x2f
    db 0x2f, 0x2f, 0x2f, 0x2f, 0x2f, 0x2f, 0x2f, 0x2f, 0x2f, 0x2f, 0x2f, 0x2f, 0x2f, 0x2f, 0x2f, 0x2f
    db 0x2f, 0x2f, 0x2f, 0x2f, 0x2f, 0x2f, 0x2f, 0x38, 0x1f, 0x40, 0x88, 0x39, 0x2d, 0x3e, 0x84, 0xbd
    db 0x84, 0x3e, 0x0c, 0x62, 0x69, 0x34, 0x34, 0x3e, 0x6c, 0x72, 0x87, 0x88, 0x71, 0x72, 0x6a, 0x3e
    db 0x1d, 0x26, 0x26, 0x26, 0x34, 0x3e, 0x26, 0x1b, 0x1b, 0x26, 0x26, 0x26, 0x26, 0x26, 0x1c, 0x1b
    db 0x15, 0x15, 0x34, 0x69, 0xbe, 0xc2, 0x8a, 0x83, 0x8a, 0x8b, 0x92, 0x97, 0xba, 0x92, 0x87, 0x81
    db 0x81, 0x76, 0x82, 0x98, 0x94, 0x6a, 0x3c, 0x23, 0x3b, 0x3b, 0x78, 0x9c, 0x36, 0x2f, 0x2f, 0x2f
    db 0x2f, 0x2f, 0x2f, 0x2f, 0x2f, 0x2f, 0x2f, 0x2f, 0x2f, 0x2f, 0x2f, 0x2f, 0x2f, 0x2f, 0x2f, 0x2f
    db 0x2f, 0x2f, 0x2a, 0x2f, 0x2f, 0x2f, 0x2a, 0x2a, 0x2a, 0x2a, 0x2a, 0x2f, 0x2f, 0x2f, 0x2f, 0x2f
    db 0x2a, 0x2f, 0x2f, 0x2f, 0x2f, 0x2f, 0x2f, 0x2f, 0x2f, 0x2f, 0x2f, 0x2f, 0x2f, 0x2f, 0x2f, 0x2f
    db 0x37, 0x2f, 0x2f, 0x2f, 0x2f, 0x2f, 0x2f, 0x2a, 0x2a, 0x2a, 0x2f, 0x2f, 0x2f, 0x2a, 0x2f, 0x2f
    db 0x2f, 0x2a, 0x2a, 0x2a, 0x2a, 0x2a, 0x2a, 0x2a, 0x2a, 0x2a, 0x2a, 0x2a, 0x2f, 0x2a, 0x2f, 0x2f
    db 0x2f, 0x2f, 0x2f, 0x2f, 0x2f, 0x2f, 0x2f, 0x2f, 0x2a, 0x2a, 0x2a, 0x2f, 0x2f, 0x2f, 0x2f, 0x2f
    db 0x2f, 0x2f, 0x2f, 0x2f, 0x2f, 0x2f, 0x2f, 0x2f, 0x2f, 0x2f, 0x2f, 0x2f, 0x2f, 0x2f, 0x2f, 0x2f
    db 0x2f, 0x2f, 0x2f, 0x2f, 0x2f, 0x2f, 0x2f, 0x2f, 0x2f, 0x2f, 0x2f, 0x2f, 0x2f, 0x2f, 0x2f, 0x2f
    db 0x2f, 0x2f, 0x2f, 0x2f, 0x2f, 0x2f, 0x2f, 0x2f, 0x2f, 0x2f, 0x2f, 0x2f, 0x2f, 0x2f, 0x2f, 0x2f
    db 0x2f, 0x2f, 0x2f, 0x2f, 0x2f, 0x2f, 0x2f, 0x2f, 0x2f, 0x2f, 0x2f, 0x2f, 0x2f, 0x2f, 0x2f, 0x2f
    db 0x2f, 0x2f, 0x2f, 0x2f, 0x2f, 0x2f, 0x2f, 0x2f, 0x2f, 0x2f, 0x2f, 0x2f, 0x2f, 0x2f, 0x2f, 0x2f
    db 0x2f, 0x2f, 0x2f, 0x2f, 0x2f, 0x2f, 0x2f, 0x2f, 0x2f, 0x2f, 0x2f, 0x2f, 0x2f, 0x2f, 0x2f, 0x2f
    db 0x2f, 0x2f, 0x2f, 0x2f, 0x2f, 0x2f, 0x2f, 0x2f, 0x2f, 0x2f, 0x2f, 0x2f, 0x2f, 0x2f, 0x2f, 0x2f
    db 0x2f, 0x2f, 0x2f, 0x2f, 0x2f, 0x2f, 0x2f, 0x2f, 0x2f, 0x2f, 0x2f, 0x2f, 0x2f, 0x2f, 0x2f, 0x2f
    db 0x2f, 0x2f, 0x2f, 0x30, 0x1e, 0x54, 0x66, 0x08, 0x3e, 0xbd, 0xc2, 0x66, 0x26, 0x15, 0x26, 0x3e
    db 0x1d, 0x26, 0x34, 0x26, 0x27, 0x88, 0x95, 0x96, 0x95, 0x66, 0x34, 0x26, 0x26, 0x26, 0x26, 0x63
    db 0x88, 0x8e, 0x66, 0x1c, 0x15, 0x26, 0x26, 0x26, 0x15, 0x26, 0x34, 0x15, 0x15, 0x15, 0x15, 0x15
    db 0x34, 0x6a, 0xdc, 0x99, 0x72, 0x6e, 0x71, 0x72, 0x73, 0x72, 0x75, 0x81, 0x81, 0x75, 0x71, 0x6f
    db 0x8e, 0x97, 0x6e, 0x3f, 0x3b, 0x3c, 0x84, 0xc2, 0x3c, 0x16, 0x2f, 0x2f, 0x2f, 0x2f, 0x2f, 0x2f
    db 0x2f, 0x2f, 0x2f, 0x2f, 0x2f, 0x2f, 0x2f, 0x2f, 0x2f, 0x2f, 0x2f, 0x2f, 0x2f, 0x2f, 0x2a, 0x2a
    db 0x2a, 0x2a, 0x2a, 0x2a, 0x2a, 0x2a, 0x2f, 0x2f, 0x2f, 0x2f, 0x2f, 0x2f, 0x2f, 0x2f, 0x2f, 0x2f
    db 0x2f, 0x2f, 0x2f, 0x2f, 0x2f, 0x2f, 0x2f, 0x2f, 0x2f, 0x2f, 0x2f, 0x2f, 0x2f, 0x2f, 0x2f, 0x2f
    db 0x2f, 0x2f, 0x2a, 0x2f, 0x2a, 0x2a, 0x2f, 0x2f, 0x2f, 0x2a, 0x2a, 0x2a, 0x2f, 0x2a, 0x2a, 0x2a
    db 0x2a, 0x2a, 0x2a, 0x2a, 0x2a, 0x2a, 0x2f, 0x2f, 0x2f, 0x2f, 0x2f, 0x2f, 0x2f, 0x2f, 0x2f, 0x2f
    db 0x2f, 0x2f, 0x2a, 0x2a, 0x2a, 0x2a, 0x2a, 0x2f, 0x2f, 0x2f, 0x2f, 0x2f, 0x2f, 0x2f, 0x2f, 0x2f
    db 0x2f, 0x2f, 0x2f, 0x2f, 0x2f, 0x2f, 0x2f, 0x2f, 0x2f, 0x2f, 0x2f, 0x2f, 0x2f, 0x2f, 0x2f, 0x2f
    db 0x2f, 0x2f, 0x2f, 0x2f, 0x2f, 0x2f, 0x2f, 0x2f, 0x2f, 0x2f, 0x2f, 0x2f, 0x2f, 0x2f, 0x2f, 0x2f
    db 0x2f, 0x2f, 0x2f, 0x2f, 0x2f, 0x2f, 0x2f, 0x2f, 0x2f, 0x2f, 0x2f, 0x2f, 0x2f, 0x2f, 0x2f, 0x2f
    db 0x2f, 0x2f, 0x2f, 0x2f, 0x2f, 0x2f, 0x2f, 0x2f, 0x2f, 0x2f, 0x2f, 0x2f, 0x2f, 0x2f, 0x2f, 0x2f
    db 0x2f, 0x2f, 0x2f, 0x2f, 0x2f, 0x2f, 0x2f, 0x2f, 0x2f, 0x2f, 0x2f, 0x2f, 0x2f, 0x2f, 0x2f, 0x2f
    db 0x2f, 0x2f, 0x2f, 0x2f, 0x2f, 0x2f, 0x2f, 0x2f, 0x2f, 0x2f, 0x2f, 0x2f, 0x2f, 0x2f, 0x2f, 0x2f
    db 0x2f, 0x2f, 0x2f, 0x2f, 0x2f, 0x2f, 0x2f, 0x2f, 0x2f, 0x2f, 0x2f, 0x2f, 0x2f, 0x2f, 0x2f, 0x2f
    db 0x2f, 0x2f, 0x2f, 0x2f, 0x2f, 0x2f, 0x2f, 0x2f, 0x2f, 0x2f, 0x2f, 0x2f, 0x2f, 0x2f, 0x2f, 0x2c
    db 0x1f, 0x40, 0x69, 0x3e, 0xbd, 0xbd, 0x3e, 0x15, 0x1b, 0x26, 0x54, 0x92, 0x66, 0x26, 0x1d, 0x34
    db 0x6c, 0x85, 0x51, 0x51, 0x96, 0x6a, 0x26, 0x26, 0x26, 0x34, 0x69, 0x85, 0x51, 0x51, 0x85, 0x6c
    db 0x26, 0x1b, 0x1c, 0x26, 0x6a, 0x53, 0x53, 0x26, 0x15, 0x1b, 0x1c, 0x1c, 0x15, 0x15, 0x3e, 0xbe
    db 0xd2, 0x83, 0x71, 0x79, 0x79, 0x75, 0x76, 0x76, 0x75, 0x75, 0x72, 0x71, 0x6f, 0x8e, 0xc1, 0x7a
    db 0x40, 0x3f, 0x83, 0x95, 0x97, 0x40, 0x27, 0x2f, 0x2f, 0x2f, 0x2f, 0x2f, 0x2f, 0x2f, 0x2f, 0x2f
    db 0x2f, 0x2f, 0x2f, 0x2f, 0x2f, 0x2f, 0x2f, 0x2f, 0x2f, 0x2f, 0x2a, 0x2a, 0x2a, 0x2a, 0x2a, 0x2a
    db 0x2a, 0x2a, 0x2f, 0x2f, 0x2f, 0x2f, 0x2f, 0x2f, 0x2f, 0x2f, 0x2f, 0x2f, 0x2f, 0x2f, 0x2f, 0x2f
    db 0x2f, 0x2f, 0x2f, 0x2f, 0x2f, 0x2f, 0x2f, 0x2f, 0x2f, 0x2f, 0x2f, 0x2f, 0x2f, 0x2a, 0x2a, 0x2f
    db 0x2f, 0x2f, 0x2f, 0x2f, 0x2f, 0x2a, 0x2a, 0x2a, 0x2f, 0x2a, 0x2a, 0x2a, 0x2a, 0x2a, 0x2a, 0x2a
    db 0x2a, 0x2a, 0x2f, 0x2f, 0x2f, 0x2a, 0x2a, 0x2a, 0x2a, 0x2a, 0x2a, 0x2a, 0x2a, 0x2a, 0x2a, 0x2a
    db 0x2a, 0x2a, 0x2a, 0x2a, 0x2a, 0x2a, 0x2f, 0x2f, 0x2f, 0x2f, 0x2f, 0x2f, 0x2f, 0x2f, 0x2f, 0x2f
    db 0x2f, 0x2f, 0x2f, 0x2f, 0x2f, 0x2f, 0x2f, 0x2f, 0x2f, 0x2f, 0x2f, 0x2f, 0x2f, 0x2f, 0x2f, 0x2f
    db 0x2f, 0x2f, 0x2f, 0x2f, 0x2f, 0x2f, 0x2f, 0x2f, 0x2f, 0x2f, 0x2f, 0x2f, 0x2f, 0x2f, 0x2f, 0x2f
    db 0x2f, 0x2f, 0x2f, 0x2f, 0x2f, 0x2f, 0x2f, 0x2f, 0x2f, 0x2f, 0x2f, 0x2f, 0x2f, 0x2f, 0x2f, 0x2f
    db 0x2f, 0x2f, 0x2f, 0x2f, 0x2f, 0x2f, 0x2f, 0x2f, 0x2f, 0x2f, 0x2f, 0x2f, 0x2f, 0x2f, 0x2f, 0x2f
    db 0x2f, 0x2f, 0x2f, 0x2f, 0x2f, 0x2f, 0x2f, 0x2f, 0x2f, 0x2f, 0x2f, 0x2f, 0x2f, 0x2f, 0x2f, 0x2f
    db 0x2f, 0x2f, 0x2f, 0x2f, 0x2f, 0x2f, 0x2f, 0x2f, 0x2f, 0x2f, 0x2f, 0x2f, 0x2f, 0x2f, 0x2f, 0x2f
    db 0x2f, 0x2f, 0x2f, 0x2f, 0x2f, 0x2f, 0x37, 0x2f, 0x2f, 0x2f, 0x2f, 0x2f, 0x2f, 0x2f, 0x2f, 0x2f
    db 0x2f, 0x2f, 0x2f, 0x2f, 0x2f, 0x2f, 0x2f, 0x2f, 0x2f, 0x2f, 0x2f, 0x2e, 0x30, 0x2a, 0x6c, 0xbd
    db 0x8a, 0x53, 0x3e, 0x15, 0x26, 0x63, 0x55, 0x51, 0x96, 0x3e, 0x34, 0x84, 0x80, 0x51, 0x05, 0x05
    db 0x51, 0x95, 0x69, 0x26, 0x34, 0x71, 0x85, 0x51, 0x05, 0x05, 0x51, 0x85, 0x84, 0x26, 0x26, 0x84
    db 0x85, 0x85, 0x74, 0x3e, 0x15, 0x1b, 0x1b, 0x1c, 0x1c, 0x1b, 0x15, 0x34, 0x93, 0xdc, 0x8f, 0x78
    db 0x78, 0x75, 0x76, 0x76, 0x75, 0x75, 0x72, 0x72, 0x75, 0x71, 0x97, 0xc1, 0x6d, 0x60, 0x78, 0x6f
    db 0x88, 0xc2, 0x54, 0x27, 0x2f, 0x37, 0x37, 0x37, 0x2f, 0x2f, 0x2f, 0x2f, 0x2f, 0x2f, 0x2f, 0x2f
    db 0x2f, 0x2f, 0x2f, 0x2f, 0x37, 0x2f, 0x2f, 0x2a, 0x2a, 0x2a, 0x2a, 0x2a, 0x2a, 0x2a, 0x2a, 0x2f
    db 0x2f, 0x2f, 0x2f, 0x2f, 0x2f, 0x2f, 0x2f, 0x2f, 0x2f, 0x2f, 0x2f, 0x2f, 0x2f, 0x2f, 0x37, 0x37
    db 0x2f, 0x2f, 0x2f, 0x37, 0x2f, 0x2f, 0x2a, 0x2a, 0x2a, 0x2a, 0x2a, 0x2a, 0x2f, 0x2f, 0x2f, 0x2f
    db 0x2f, 0x2f, 0x2f, 0x2f, 0x2f, 0x2a, 0x2a, 0x2a, 0x2a, 0x2a, 0x2a, 0x2a, 0x2a, 0x2a, 0x2a, 0x2f
    db 0x2f, 0x2a, 0x2a, 0x2a, 0x2a, 0x2a, 0x2f, 0x2f, 0x2a, 0x2a, 0x2a, 0x2f, 0x2f, 0x2a, 0x2a, 0x2a
    db 0x2a, 0x2a, 0x2a, 0x2f, 0x2f, 0x2f, 0x2f, 0x2f, 0x2f, 0x2f, 0x2f, 0x2f, 0x2f, 0x2f, 0x2f, 0x2f
    db 0x2f, 0x2f, 0x2f, 0x2f, 0x2f, 0x2f, 0x2f, 0x2f, 0x2f, 0x2f, 0x2f, 0x2f, 0x2f, 0x2f, 0x2f, 0x2f
    db 0x2f, 0x2f, 0x2f, 0x2f, 0x2f, 0x2f, 0x2f, 0x2f, 0x2f, 0x2f, 0x2f, 0x2f, 0x2f, 0x2f, 0x2f, 0x2f
    db 0x2f, 0x2f, 0x2f, 0x2f, 0x2f, 0x2f, 0x2f, 0x2f, 0x2f, 0x2f, 0x2f, 0x2f, 0x2f, 0x2f, 0x2f, 0x2f
    db 0x2f, 0x2f, 0x2f, 0x2f, 0x2f, 0x2f, 0x2f, 0x2f, 0x2f, 0x2f, 0x2f, 0x2f, 0x2f, 0x2f, 0x2f, 0x2f
    db 0x2f, 0x2f, 0x2f, 0x2f, 0x2f, 0x2f, 0x2f, 0x2f, 0x2f, 0x2f, 0x2f, 0x2f, 0x2f, 0x2f, 0x2f, 0x2f
    db 0x2f, 0x2f, 0x2f, 0x2f, 0x2f, 0x2f, 0x2f, 0x2f, 0x2f, 0x2f, 0x2f, 0x2f, 0x2f, 0x2f, 0x2f, 0x2f
    db 0x2f, 0x2f, 0x2f, 0x2f, 0x2a, 0x2a, 0x2a, 0x2f, 0x2f, 0x2f, 0x2f, 0x2f, 0x2f, 0x2f, 0x2f, 0x2f
    db 0x2f, 0x2f, 0x2f, 0x2f, 0x2f, 0x2f, 0x2f, 0x30, 0x30, 0x16, 0x71, 0x84, 0x3e, 0x84, 0x93, 0x1d
    db 0x6b, 0x7c, 0x05, 0x05, 0x56, 0x8e, 0x84, 0x7e, 0x05, 0x05, 0x05, 0x05, 0x05, 0x55, 0x96, 0x69
    db 0x84, 0x80, 0x51, 0x05, 0x05, 0x05, 0x05, 0x51, 0x95, 0x6a, 0x6a, 0x96, 0x05, 0x3d, 0x96, 0x93
    db 0x26, 0x15, 0x1c, 0x1c, 0x1b, 0x1b, 0x1c, 0x15, 0x26, 0x8a, 0xe5, 0x8f, 0x71, 0x72, 0x73, 0x76
    db 0x75, 0x75, 0x75, 0x75, 0x76, 0x76, 0x74, 0xbe, 0xba, 0x6a, 0x6f, 0x6e, 0x6f, 0x97, 0x3f, 0x28
    db 0x2f, 0x2f, 0x2f, 0x2f, 0x2f, 0x2f, 0x2f, 0x2f, 0x2f, 0x2f, 0x2f, 0x2f, 0x2f, 0x2f, 0x2f, 0x2f
    db 0x2f, 0x2f, 0x2f, 0x2a, 0x2a, 0x2a, 0x2a, 0x2a, 0x2a, 0x2a, 0x2a, 0x2a, 0x2a, 0x2a, 0x2a, 0x2a
    db 0x2a, 0x2a, 0x2f, 0x2f, 0x2f, 0x2f, 0x2f, 0x2f, 0x2f, 0x2f, 0x2f, 0x2f, 0x2f, 0x2f, 0x2f, 0x2f
    db 0x2f, 0x2a, 0x2a, 0x2a, 0x2a, 0x2a, 0x2a, 0x2a, 0x2a, 0x2a, 0x2f, 0x2f, 0x2f, 0x2a, 0x2a, 0x2a
    db 0x2a, 0x2a, 0x2a, 0x2a, 0x2a, 0x2a, 0x2a, 0x2a, 0x2a, 0x2a, 0x2a, 0x2a, 0x2a, 0x2a, 0x2a, 0x2a
    db 0x2a, 0x2a, 0x2a, 0x2a, 0x2a, 0x2a, 0x2a, 0x2a, 0x2a, 0x2a, 0x2a, 0x2a, 0x2a, 0x2a, 0x2a, 0x2a
    db 0x2a, 0x2a, 0x2f, 0x2f, 0x2f, 0x2f, 0x2f, 0x2f, 0x2f, 0x2f, 0x2f, 0x2f, 0x2f, 0x2f, 0x2f, 0x2f
    db 0x2f, 0x2f, 0x2f, 0x2f, 0x2f, 0x2f, 0x2f, 0x2f, 0x2f, 0x2f, 0x2f, 0x2f, 0x2f, 0x2f, 0x2f, 0x2f
    db 0x2f, 0x2f, 0x2f, 0x2f, 0x2f, 0x2f, 0x2f, 0x2f, 0x2f, 0x2f, 0x2f, 0x2f, 0x2f, 0x2f, 0x2f, 0x2f
    db 0x2f, 0x2f, 0x2f, 0x2f, 0x2f, 0x2f, 0x2f, 0x2f, 0x2f, 0x2f, 0x2f, 0x2f, 0x2f, 0x2f, 0x2f, 0x2f
    db 0x2f, 0x2f, 0x2f, 0x2f, 0x2f, 0x2f, 0x2f, 0x2f, 0x37, 0x2f, 0x2f, 0x2f, 0x2f, 0x2f, 0x2f, 0x2f
    db 0x2f, 0x2f, 0x2f, 0x2f, 0x2f, 0x2f, 0x37, 0x2f, 0x2f, 0x2f, 0x2f, 0x2f, 0x2f, 0x2f, 0x37, 0x37
    db 0x2f, 0x2f, 0x2f, 0x2f, 0x2f, 0x2f, 0x2a, 0x2f, 0x2f, 0x2f, 0x2f, 0x2f, 0x2f, 0x2f, 0x2f, 0x2f
    db 0x2a, 0x2a, 0x2a, 0x2f, 0x2f, 0x2f, 0x2f, 0x2f, 0x2f, 0x2f, 0x2f, 0x2f, 0x2f, 0x2f, 0x2f, 0x2f
    db 0x2f, 0x2f, 0x2f, 0x38, 0x1e, 0x54, 0x8a, 0x4c, 0x55, 0x3d, 0x96, 0xba, 0x80, 0x05, 0x05, 0x05
    db 0x05, 0x8d, 0x85, 0x05, 0x05, 0x05, 0x05, 0x05, 0x05, 0x05, 0x56, 0xd3, 0x8d, 0x05, 0x05, 0x05
    db 0x05, 0x05, 0x05, 0x05, 0x51, 0x95, 0x96, 0x51, 0x05, 0x05, 0x55, 0xe1, 0x53, 0x15, 0x26, 0x26
    db 0x1b, 0x1b, 0x1b, 0x1b, 0x15, 0x26, 0x8a, 0xdd, 0x8a, 0x71, 0x71, 0x72, 0x72, 0x72, 0x75, 0x75
    db 0x75, 0x75, 0x72, 0x83, 0xd0, 0x8a, 0x6a, 0x71, 0x9c, 0x62, 0x0d, 0x30, 0x2f, 0x2f, 0x2f, 0x2f
    db 0x2f, 0x2f, 0x2f, 0x2f, 0x2f, 0x2f, 0x2f, 0x2f, 0x2f, 0x2f, 0x2f, 0x37, 0x2f, 0x2f, 0x2f, 0x2f
    db 0x2f, 0x2a, 0x2a, 0x2a, 0x2a, 0x2a, 0x2a, 0x29, 0x2a, 0x2a, 0x2a, 0x2a, 0x2a, 0x2a, 0x2f, 0x2f
    db 0x2f, 0x2f, 0x2f, 0x37, 0x2f, 0x2f, 0x2f, 0x2f, 0x2f, 0x2f, 0x2f, 0x2a, 0x2a, 0x2a, 0x2a, 0x2a
    db 0x2a, 0x2a, 0x2a, 0x2a, 0x2f, 0x2f, 0x2f, 0x2f, 0x2f, 0x2f, 0x2f, 0x2a, 0x2a, 0x2a, 0x2a, 0x2a
    db 0x2a, 0x2a, 0x2a, 0x2a, 0x2a, 0x2a, 0x2a, 0x2a, 0x2a, 0x2a, 0x2a, 0x2f, 0x2f, 0x2f, 0x2f, 0x2f
    db 0x2a, 0x2a, 0x2a, 0x2a, 0x2a, 0x2a, 0x2a, 0x2a, 0x2a, 0x2a, 0x2a, 0x2a, 0x2a, 0x2a, 0x2f, 0x2f
    db 0x2f, 0x2f, 0x2f, 0x2f, 0x2f, 0x2f, 0x2f, 0x2f, 0x2f, 0x2f, 0x2f, 0x2f, 0x2f, 0x2f, 0x2f, 0x2f
    db 0x2a, 0x2a, 0x2f, 0x2f, 0x2f, 0x2f, 0x2f, 0x2f, 0x2f, 0x2f, 0x2f, 0x2f, 0x2f, 0x2f, 0x2f, 0x2f
    db 0x2f, 0x2f, 0x2f, 0x2f, 0x2f, 0x2f, 0x2f, 0x2f, 0x2f, 0x2f, 0x2f, 0x2f, 0x2f, 0x2f, 0x2f, 0x2f
    db 0x2f, 0x2f, 0x2f, 0x2f, 0x2f, 0x2f, 0x2f, 0x2f, 0x2f, 0x2f, 0x2f, 0x2f, 0x2f, 0x2f, 0x2f, 0x2f
    db 0x2f, 0x2f, 0x2f, 0x2f, 0x2f, 0x2f, 0x2f, 0x2f, 0x2f, 0x2f, 0x2f, 0x2f, 0x2f, 0x2f, 0x2f, 0x2f
    db 0x2f, 0x2f, 0x2f, 0x2f, 0x2f, 0x2f, 0x2f, 0x2f, 0x2f, 0x2f, 0x2f, 0x2f, 0x2f, 0x2f, 0x2f, 0x2f
    db 0x2f, 0x2f, 0x2a, 0x2f, 0x2f, 0x2f, 0x2f, 0x2f, 0x2f, 0x2f, 0x37, 0x2f, 0x2f, 0x2f, 0x2f, 0x2f
    db 0x2f, 0x2f, 0x2f, 0x2f, 0x2f, 0x2f, 0x2f, 0x2f, 0x2f, 0x2f, 0x2f, 0x2f, 0x2f, 0x2f, 0x2f, 0x2b
    db 0x39, 0x8e, 0x4c, 0x56, 0x05, 0x05, 0x8d, 0x85, 0x05, 0x05, 0x05, 0x05, 0x80, 0x9c, 0x96, 0x51
    db 0x05, 0x05, 0x05, 0x05, 0x05, 0x05, 0x80, 0xc2, 0x96, 0x3d, 0x05, 0x05, 0x05, 0x05, 0x05, 0x05
    db 0x51, 0x96, 0x9f, 0x3d, 0x05, 0x05, 0x05, 0x80, 0xbd, 0x26, 0x1c, 0x1b, 0x1b, 0x1b, 0x1b, 0x1b
    db 0x26, 0x15, 0x26, 0x93, 0xd4, 0x83, 0x71, 0x75, 0x75, 0x75, 0x72, 0x72, 0x75, 0x75, 0x75, 0x71
    db 0x87, 0xc1, 0x87, 0x9c, 0x65, 0x0d, 0x30, 0x2b, 0x2f, 0x2f, 0x2f, 0x2f, 0x2f, 0x2f, 0x2f, 0x2f
    db 0x2f, 0x2f, 0x2f, 0x2f, 0x2f, 0x2f, 0x2f, 0x37, 0x2f, 0x2f, 0x2f, 0x2a, 0x2a, 0x2a, 0x2a, 0x2a
    db 0x2a, 0x2a, 0x2a, 0x2a, 0x2f, 0x2a, 0x2a, 0x2a, 0x2a, 0x2a, 0x2a, 0x2f, 0x2f, 0x2f, 0x2f, 0x2f
    db 0x2f, 0x2f, 0x2f, 0x2f, 0x2f, 0x2f, 0x2f, 0x2f, 0x2a, 0x2a, 0x2a, 0x2a, 0x2a, 0x2a, 0x2a, 0x2a
    db 0x2a, 0x2a, 0x2a, 0x2a, 0x2a, 0x2a, 0x2a, 0x2a, 0x2a, 0x2a, 0x2a, 0x2a, 0x2a, 0x2a, 0x2a, 0x2a
    db 0x2a, 0x2a, 0x2a, 0x2a, 0x2a, 0x2a, 0x2a, 0x2a, 0x2a, 0x2a, 0x2a, 0x2a, 0x2a, 0x2a, 0x2a, 0x2a
    db 0x2a, 0x2a, 0x2a, 0x2a, 0x2a, 0x2a, 0x2a, 0x2a, 0x2a, 0x2a, 0x2f, 0x2f, 0x2f, 0x2f, 0x2f, 0x2f
    db 0x2f, 0x2f, 0x2f, 0x2f, 0x2f, 0x2f, 0x2f, 0x2f, 0x2f, 0x2f, 0x2f, 0x2a, 0x2a, 0x2a, 0x2a, 0x2f
    db 0x2f, 0x2f, 0x2f, 0x2f, 0x2f, 0x2f, 0x2f, 0x2f, 0x2f, 0x2f, 0x2f, 0x2f, 0x2f, 0x2f, 0x2f, 0x2f
    db 0x2f, 0x2f, 0x2f, 0x2f, 0x2f, 0x2f, 0x2f, 0x2f, 0x2f, 0x2f, 0x2f, 0x2f, 0x2f, 0x2f, 0x2f, 0x2f
    db 0x2f, 0x2f, 0x2f, 0x2f, 0x2f, 0x2f, 0x2f, 0x2f, 0x2f, 0x2f, 0x2f, 0x2f, 0x2f, 0x2f, 0x2f, 0x2f
    db 0x2f, 0x2f, 0x2f, 0x2f, 0x2f, 0x2f, 0x2f, 0x2f, 0x2f, 0x2a, 0x2a, 0x2a, 0x2a, 0x2f, 0x2f, 0x2f
    db 0x2f, 0x2f, 0x2f, 0x2f, 0x2f, 0x2f, 0x2f, 0x2f, 0x2f, 0x2f, 0x2f, 0x2f, 0x2f, 0x2f, 0x2f, 0x2f
    db 0x2f, 0x2f, 0x2f, 0x2f, 0x2f, 0x2f, 0x2f, 0x2f, 0x2f, 0x2f, 0x2f, 0x2f, 0x2f, 0x2f, 0x2f, 0x2f
    db 0x2f, 0x2f, 0x2f, 0x2f, 0x2f, 0x2f, 0x2f, 0x2f, 0x2f, 0x2f, 0x2f, 0x16, 0x6a, 0x69, 0x57, 0x05
    db 0x05, 0x51, 0xc7, 0x7e, 0x05, 0x05, 0x05, 0x80, 0xc2, 0x36, 0x84, 0x96, 0x3d, 0x05, 0x05, 0x05
    db 0x51, 0x85, 0xbd, 0x34, 0x84, 0x96, 0x51, 0x05, 0x05, 0x05, 0x05, 0x55, 0xc7, 0x6c, 0x88, 0x85
    db 0x05, 0x05, 0x05, 0x05, 0x96, 0x3e, 0x15, 0x1b, 0x1b, 0x1c, 0x1c, 0x1c, 0x1b, 0x1b, 0x15, 0x34
    db 0xda, 0x99, 0x73, 0x76, 0x75, 0x75, 0x75, 0x75, 0x75, 0x75, 0x75, 0x75, 0x6f, 0x8e, 0xe5, 0x68
    db 0x0d, 0x2b, 0x30, 0x2b, 0x2a, 0x2e, 0x2a, 0x2a, 0x2f, 0x2f, 0x2f, 0x2f, 0x2f, 0x2f, 0x2f, 0x2f
    db 0x2f, 0x2f, 0x2f, 0x2f, 0x2f, 0x2f, 0x2f, 0x2a, 0x2a, 0x2a, 0x2f, 0x2f, 0x2f, 0x2f, 0x2f, 0x2f
    db 0x2f, 0x2f, 0x2a, 0x2a, 0x2a, 0x2a, 0x2a, 0x2f, 0x2f, 0x2f, 0x2f, 0x2f, 0x2f, 0x2f, 0x2f, 0x2f
    db 0x2f, 0x2f, 0x2f, 0x2f, 0x2f, 0x2f, 0x2a, 0x2a, 0x2a, 0x2a, 0x2a, 0x2a, 0x2a, 0x2f, 0x2f, 0x2f
    db 0x2f, 0x2a, 0x2a, 0x2a, 0x2a, 0x2a, 0x2a, 0x2a, 0x2a, 0x2a, 0x2a, 0x2a, 0x2a, 0x2a, 0x2a, 0x2a
    db 0x2a, 0x2a, 0x2a, 0x2a, 0x2a, 0x2a, 0x2a, 0x2a, 0x2a, 0x2a, 0x2a, 0x2a, 0x29, 0x2a, 0x2a, 0x2a
    db 0x2a, 0x2a, 0x2a, 0x2a, 0x2a, 0x2f, 0x2f, 0x2f, 0x2f, 0x2f, 0x2f, 0x2f, 0x2f, 0x2f, 0x2f, 0x2f
    db 0x2f, 0x2f, 0x2f, 0x2f, 0x2f, 0x2f, 0x2a, 0x2a, 0x2a, 0x2a, 0x2a, 0x2f, 0x2f, 0x2f, 0x2f, 0x2f
    db 0x2f, 0x2f, 0x2f, 0x2f, 0x2f, 0x2f, 0x2f, 0x2f, 0x2f, 0x2f, 0x2f, 0x2f, 0x2f, 0x2f, 0x2f, 0x2f
    db 0x2f, 0x2f, 0x2f, 0x2f, 0x2f, 0x2f, 0x2f, 0x2f, 0x2f, 0x2f, 0x2f, 0x2f, 0x2f, 0x2f, 0x2f, 0x2f
    db 0x2f, 0x2f, 0x2f, 0x2f, 0x2f, 0x2f, 0x2f, 0x2f, 0x2f, 0x2f, 0x2f, 0x2f, 0x2f, 0x2f, 0x2f, 0x2f
    db 0x2f, 0x2f, 0x2f, 0x2f, 0x2f, 0x2a, 0x2a, 0x2a, 0x2f, 0x2f, 0x2f, 0x2f, 0x2f, 0x2f, 0x2f, 0x2f
    db 0x2f, 0x2f, 0x2f, 0x2f, 0x2f, 0x2f, 0x2f, 0x2f, 0x2f, 0x2f, 0x2f, 0x2f, 0x2f, 0x2f, 0x2f, 0x2f
    db 0x2f, 0x2f, 0x2f, 0x2f, 0x2f, 0x2f, 0x2f, 0x2f, 0x2f, 0x2f, 0x2f, 0x2f, 0x2f, 0x2f, 0x2f, 0x2f
    db 0x2f, 0x2f, 0x2f, 0x2f, 0x2f, 0x2f, 0x2a, 0x3b, 0x8e, 0x3e, 0x56, 0x05, 0x3d, 0x95, 0x88, 0x96
    db 0x3d, 0x05, 0x80, 0xc2, 0x3e, 0x15, 0x34, 0xbd, 0x85, 0x05, 0x05, 0x51, 0x95, 0x93, 0x34, 0x15
    db 0x15, 0x6f, 0xc7, 0x51, 0x05, 0x05, 0x56, 0xd8, 0x6a, 0x15, 0x34, 0xbe, 0x7e, 0x05, 0x05, 0x05
    db 0x51, 0x63, 0x15, 0x1b, 0x1b, 0x1c, 0x1c, 0x1c, 0x1b, 0x1b, 0x1b, 0x15, 0x69, 0xe4, 0x8a, 0x71
    db 0x75, 0x75, 0x75, 0x75, 0x75, 0x75, 0x75, 0x75, 0x72, 0x71, 0xbe, 0x84, 0x0d, 0x0d, 0x1f, 0x3b
    db 0x3a, 0x2f, 0x2a, 0x2a, 0x2f, 0x2f, 0x2f, 0x2f, 0x2f, 0x2f, 0x2f, 0x2f, 0x2f, 0x2f, 0x2f, 0x2f
    db 0x2f, 0x2f, 0x2f, 0x2a, 0x2a, 0x2a, 0x2f, 0x2f, 0x2f, 0x2f, 0x2f, 0x2f, 0x2f, 0x2f, 0x2f, 0x2f
    db 0x2f, 0x2f, 0x2f, 0x2f, 0x2f, 0x2f, 0x2f, 0x2f, 0x2f, 0x2f, 0x2a, 0x2a, 0x2f, 0x2f, 0x2f, 0x2f
    db 0x2f, 0x2f, 0x2f, 0x2a, 0x2a, 0x2a, 0x2a, 0x2a, 0x2a, 0x2f, 0x2f, 0x2f, 0x2f, 0x2f, 0x2a, 0x2f
    db 0x2f, 0x2a, 0x2a, 0x2a, 0x2f, 0x2f, 0x2f, 0x2f, 0x2a, 0x2a, 0x2a, 0x2a, 0x2a, 0x2a, 0x2a, 0x2a
    db 0x2a, 0x2a, 0x2a, 0x2a, 0x2a, 0x2a, 0x2a, 0x2a, 0x29, 0x2a, 0x2a, 0x2a, 0x2a, 0x2a, 0x2a, 0x2a
    db 0x2a, 0x2f, 0x2f, 0x2f, 0x2f, 0x2f, 0x2f, 0x2f, 0x2f, 0x2f, 0x2f, 0x2f, 0x2f, 0x2f, 0x2f, 0x2f
    db 0x2f, 0x2a, 0x2a, 0x2a, 0x2a, 0x2a, 0x2a, 0x2a, 0x2f, 0x2f, 0x2f, 0x2f, 0x2f, 0x2f, 0x2f, 0x2f
    db 0x2f, 0x2f, 0x2f, 0x2f, 0x2f, 0x2f, 0x2f, 0x2f, 0x2f, 0x2f, 0x2f, 0x2f, 0x2f, 0x2f, 0x2f, 0x2f
    db 0x2f, 0x2f, 0x2f, 0x2a, 0x2f, 0x2f, 0x2f, 0x2f, 0x2f, 0x2f, 0x2f, 0x2f, 0x2f, 0x2f, 0x2f, 0x2f
    db 0x2f, 0x2f, 0x2f, 0x2f, 0x2f, 0x2f, 0x2f, 0x2f, 0x2f, 0x2f, 0x2f, 0x2f, 0x2f, 0x2f, 0x2f, 0x2f
    db 0x2f, 0x2f, 0x2a, 0x2a, 0x2f, 0x2f, 0x2f, 0x2f, 0x2f, 0x2f, 0x2f, 0x2f, 0x2f, 0x2f, 0x2f, 0x2f
    db 0x2f, 0x2f, 0x2f, 0x2f, 0x2f, 0x2f, 0x2f, 0x2f, 0x2f, 0x2f, 0x2f, 0x2f, 0x2f, 0x2f, 0x2f, 0x2f
    db 0x2f, 0x2f, 0x2f, 0x2f, 0x2f, 0x2f, 0x2f, 0x2f, 0x2f, 0x2f, 0x2f, 0x2f, 0x2f, 0x2f, 0x30, 0x2f
    db 0x2e, 0x2b, 0x17, 0x68, 0x66, 0x3e, 0x7c, 0x05, 0x85, 0x84, 0x0c, 0x8e, 0x70, 0x70, 0xba, 0x34
    db 0x15, 0x1b, 0x15, 0x34, 0xba, 0x85, 0x55, 0x96, 0x84, 0x26, 0x15, 0x1b, 0x15, 0x15, 0x6a, 0xc7
    db 0x55, 0x7e, 0xc2, 0x66, 0x15, 0x15, 0x15, 0x53, 0xda, 0x55, 0x05, 0x05, 0x55, 0x88, 0x15, 0x1c
    db 0x1c, 0x1c, 0x26, 0x1c, 0x1b, 0x1b, 0x1b, 0x15, 0x26, 0xba, 0xbe, 0x71, 0x74, 0x76, 0x76, 0x75
    db 0x75, 0x75, 0x75, 0x75, 0x73, 0x71, 0x83, 0xd3, 0x6f, 0x6a, 0x81, 0x95, 0x71, 0x1f, 0x2f, 0x2f
    db 0x2f, 0x2f, 0x2f, 0x2f, 0x2f, 0x2f, 0x2f, 0x2f, 0x2f, 0x2f, 0x2f, 0x2f, 0x2f, 0x2f, 0x2f, 0x2f
    db 0x2f, 0x2f, 0x2f, 0x2f, 0x2f, 0x2f, 0x2f, 0x2f, 0x2f, 0x2f, 0x2f, 0x2f, 0x2f, 0x2f, 0x2a, 0x2f
    db 0x2f, 0x2f, 0x2f, 0x2f, 0x2a, 0x2a, 0x2f, 0x2f, 0x2f, 0x2f, 0x2f, 0x2f, 0x2f, 0x2f, 0x2f, 0x2a
    db 0x2a, 0x2a, 0x2a, 0x2a, 0x2a, 0x2a, 0x2f, 0x2f, 0x2f, 0x2f, 0x2f, 0x2f, 0x2f, 0x2a, 0x2a, 0x2f
    db 0x2f, 0x2f, 0x2f, 0x2f, 0x2f, 0x2f, 0x2a, 0x2a, 0x2a, 0x2a, 0x2a, 0x2a, 0x2a, 0x2a, 0x2a, 0x2a
    db 0x2a, 0x2a, 0x2a, 0x2a, 0x2a, 0x2a, 0x2a, 0x2a, 0x2a, 0x2f, 0x2f, 0x2a, 0x2f, 0x2f, 0x2f, 0x2f
    db 0x2f, 0x2f, 0x2f, 0x2f, 0x2f, 0x2f, 0x2f, 0x2f, 0x2f, 0x2f, 0x2f, 0x2f, 0x2f, 0x2a, 0x2a, 0x2a
    db 0x2a, 0x2a, 0x2a, 0x2a, 0x2f, 0x2f, 0x2f, 0x2f, 0x2f, 0x2f, 0x2f, 0x2f, 0x2f, 0x2f, 0x2f, 0x2f
    db 0x2f, 0x2f, 0x2f, 0x2f, 0x2f, 0x2f, 0x2f, 0x2f, 0x2f, 0x2f, 0x2f, 0x2f, 0x2f, 0x2f, 0x2f, 0x2a
    db 0x2f, 0x2f, 0x2f, 0x2f, 0x2f, 0x2f, 0x2f, 0x2f, 0x2f, 0x2f, 0x2f, 0x2f, 0x2f, 0x2f, 0x2f, 0x2a
    db 0x2a, 0x2f, 0x2f, 0x2f, 0x2f, 0x2f, 0x2f, 0x2f, 0x2f, 0x2f, 0x2f, 0x2f, 0x2f, 0x2f, 0x2f, 0x2f
    db 0x2f, 0x2f, 0x2f, 0x2f, 0x2f, 0x2f, 0x2f, 0x2f, 0x2f, 0x2f, 0x2f, 0x2f, 0x2f, 0x2f, 0x2f, 0x2f
    db 0x2f, 0x2f, 0x2f, 0x2f, 0x2f, 0x2f, 0x2f, 0x2f, 0x2f, 0x2f, 0x2f, 0x2f, 0x2f, 0x2f, 0x2f, 0x2f
    db 0x2f, 0x2f, 0x2f, 0x2f, 0x2f, 0x2f, 0x2f, 0x2f, 0x2f, 0x2f, 0x2f, 0x2f, 0x2e, 0x30, 0x30, 0x8e
    db 0x34, 0x3e, 0x85, 0x7e, 0xc2, 0x26, 0x15, 0x3e, 0xbe, 0x93, 0x34, 0x15, 0x26, 0x26, 0x1b, 0x15
    db 0x34, 0x93, 0xbe, 0x69, 0x15, 0x15, 0x26, 0x26, 0x1b, 0x15, 0x15, 0x53, 0x93, 0x84, 0x34, 0x15
    db 0x15, 0x1b, 0x34, 0x15, 0x6a, 0xc7, 0x3d, 0x3d, 0x96, 0x8a, 0x26, 0x15, 0x1c, 0x1c, 0x26, 0x1c
    db 0x1b, 0x34, 0x26, 0x15, 0x15, 0x69, 0xe6, 0x8a, 0x72, 0x76, 0x76, 0x75, 0x75, 0x75, 0x75, 0x75
    db 0x75, 0x79, 0x71, 0x95, 0xe6, 0x8a, 0x67, 0x40, 0x95, 0x2b, 0x2b, 0x2f, 0x2f, 0x2f, 0x2f, 0x2f
    db 0x2f, 0x2f, 0x2f, 0x2f, 0x2f, 0x2f, 0x2f, 0x2f, 0x2f, 0x2f, 0x2f, 0x2f, 0x2f, 0x2f, 0x2f, 0x2f
    db 0x2f, 0x2f, 0x2f, 0x2f, 0x2f, 0x2f, 0x2f, 0x2f, 0x2f, 0x2f, 0x2a, 0x2f, 0x2f, 0x2f, 0x2f, 0x2f
    db 0x2a, 0x2a, 0x2f, 0x2f, 0x2f, 0x2f, 0x2f, 0x2f, 0x2f, 0x2f, 0x2f, 0x2f, 0x2f, 0x2a, 0x2a, 0x2a
    db 0x2a, 0x2f, 0x2f, 0x2f, 0x2f, 0x2f, 0x2f, 0x2f, 0x2f, 0x2f, 0x2f, 0x2f, 0x2f, 0x2f, 0x2f, 0x2f
    db 0x2f, 0x2f, 0x2a, 0x2a, 0x2a, 0x2a, 0x2a, 0x2a, 0x2a, 0x2a, 0x2a, 0x29, 0x2a, 0x2a, 0x2a, 0x2a
    db 0x2a, 0x2f, 0x2f, 0x2f, 0x2f, 0x2f, 0x2f, 0x2f, 0x2f, 0x2f, 0x2f, 0x2f, 0x2f, 0x2f, 0x2f, 0x2f
    db 0x2f, 0x2f, 0x2f, 0x2f, 0x2f, 0x2f, 0x2f, 0x2f, 0x2f, 0x2a, 0x2a, 0x2a, 0x2a, 0x2a, 0x2a, 0x2a
    db 0x2f, 0x2f, 0x2f, 0x2f, 0x2f, 0x2f, 0x2f, 0x2f, 0x2f, 0x2f, 0x2f, 0x2f, 0x2f, 0x2f, 0x2f, 0x2f
    db 0x2f, 0x2f, 0x2f, 0x2f, 0x2f, 0x2f, 0x2f, 0x2f, 0x2f, 0x2f, 0x2f, 0x2f, 0x2f, 0x2f, 0x2f, 0x2f
    db 0x2f, 0x2f, 0x2f, 0x2f, 0x2f, 0x2f, 0x2f, 0x2f, 0x2f, 0x2f, 0x2f, 0x2a, 0x2a, 0x2f, 0x2a, 0x2f
    db 0x2f, 0x2f, 0x2f, 0x2f, 0x2f, 0x2f, 0x2f, 0x2f, 0x2f, 0x2f, 0x2f, 0x2f, 0x2f, 0x2f, 0x2f, 0x2f
    db 0x2f, 0x2f, 0x2f, 0x2a, 0x2f, 0x2f, 0x2f, 0x2f, 0x2f, 0x2f, 0x2f, 0x2f, 0x2f, 0x2f, 0x2f, 0x2f
    db 0x2f, 0x2f, 0x2f, 0x2f, 0x2f, 0x2f, 0x2f, 0x2f, 0x2f, 0x2f, 0x2f, 0x2f, 0x2f, 0x2f, 0x2f, 0x2f
    db 0x2f, 0x2f, 0x2f, 0x2f, 0x2f, 0x2f, 0x2f, 0x2f, 0x2f, 0x1f, 0x40, 0x84, 0x15, 0x34, 0xd2, 0xe6
    db 0x53, 0x15, 0x15, 0x15, 0x3e, 0x34, 0x15, 0x1c, 0x1c, 0x1c, 0x26, 0x1b, 0x15, 0x26, 0x34, 0x15
    db 0x26, 0x1c, 0x1c, 0x26, 0x1c, 0x1c, 0x1b, 0x15, 0x26, 0x15, 0x15, 0x1c, 0x1b, 0x34, 0x3e, 0x15
    db 0x15, 0x6f, 0x85, 0x95, 0x84, 0x53, 0x3e, 0x15, 0x1c, 0x1c, 0x26, 0x1c, 0x15, 0x34, 0x34, 0x15
    db 0x15, 0x34, 0xda, 0xbe, 0x71, 0x76, 0x76, 0x75, 0x75, 0x75, 0x75, 0x75, 0x72, 0x72, 0x71, 0x88
    db 0xda, 0x8e, 0x6a, 0x3c, 0x97, 0x3c, 0x27, 0x2f, 0x2f, 0x2f, 0x2f, 0x2f, 0x2f, 0x2f, 0x2f, 0x2f
    db 0x2f, 0x2f, 0x2f, 0x2f, 0x2f, 0x2f, 0x2f, 0x2f, 0x2f, 0x2f, 0x2f, 0x2f, 0x2f, 0x2f, 0x2f, 0x2f
    db 0x2f, 0x2f, 0x2f, 0x2f, 0x2f, 0x2f, 0x2f, 0x2f, 0x2f, 0x2f, 0x2f, 0x2f, 0x2f, 0x2f, 0x2f, 0x2f
    db 0x2f, 0x2f, 0x2f, 0x2f, 0x2f, 0x2f, 0x2f, 0x2f, 0x2f, 0x2f, 0x2f, 0x2f, 0x2f, 0x2f, 0x2f, 0x2f
    db 0x2f, 0x2f, 0x2f, 0x2f, 0x2f, 0x2f, 0x2f, 0x2f, 0x2f, 0x2f, 0x2f, 0x2f, 0x2f, 0x2f, 0x2f, 0x2f
    db 0x2f, 0x2a, 0x2a, 0x2a, 0x2a, 0x2a, 0x2a, 0x2a, 0x2a, 0x2a, 0x2a, 0x2a, 0x2a, 0x2f, 0x2f, 0x2f
    db 0x2f, 0x2f, 0x2f, 0x2f, 0x2f, 0x2f, 0x2f, 0x2f, 0x2f, 0x2f, 0x2f, 0x2f, 0x2f, 0x2f, 0x2f, 0x2f
    db 0x2f, 0x2f, 0x2f, 0x2f, 0x2f, 0x2f, 0x2f, 0x2a, 0x2a, 0x2a, 0x2a, 0x2a, 0x2f, 0x2f, 0x2f, 0x2f
    db 0x2f, 0x2f, 0x2f, 0x2f, 0x2f, 0x2f, 0x2f, 0x2f, 0x2f, 0x2f, 0x2f, 0x2f, 0x2f, 0x2f, 0x2f, 0x2f
    db 0x2f, 0x2f, 0x2f, 0x2f, 0x2f, 0x2f, 0x2f, 0x2f, 0x2f, 0x2f, 0x2f, 0x2f, 0x2f, 0x2f, 0x2f, 0x2f
    db 0x2f, 0x2f, 0x2f, 0x2f, 0x2f, 0x2f, 0x2f, 0x2a, 0x2a, 0x2a, 0x2a, 0x2f, 0x2f, 0x2f, 0x2f, 0x2f
    db 0x2f, 0x2f, 0x2f, 0x2f, 0x2f, 0x2f, 0x2f, 0x2f, 0x2f, 0x2f, 0x2f, 0x2f, 0x2f, 0x2f, 0x2f, 0x2a
    db 0x2f, 0x2f, 0x2f, 0x2f, 0x2f, 0x2f, 0x2f, 0x2f, 0x2f, 0x2f, 0x2f, 0x2f, 0x2f, 0x2f, 0x2f, 0x2f
    db 0x2f, 0x2f, 0x2f, 0x2f, 0x2f, 0x2f, 0x2f, 0x2f, 0x2f, 0x2f, 0x2f, 0x2f, 0x2f, 0x2f, 0x2f, 0x2f
    db 0x2f, 0x2f, 0x2e, 0x2f, 0x30, 0x0d, 0x6a, 0x53, 0x15, 0x34, 0x69, 0x53, 0x1b, 0x1c, 0x26, 0x15
    db 0x15, 0x15, 0x1c, 0x1c, 0x1c, 0x1b, 0x1b, 0x1c, 0x26, 0x1c, 0x15, 0x26, 0x26, 0x1c, 0x1b, 0x1b
    db 0x1b, 0x1c, 0x1c, 0x1b, 0x15, 0x1b, 0x1c, 0x26, 0x1b, 0x3e, 0x3e, 0x1b, 0x15, 0x15, 0x66, 0x74
    db 0x3e, 0x3e, 0x53, 0x15, 0x1c, 0x1c, 0x1c, 0x1b, 0x15, 0x34, 0x53, 0x15, 0x1b, 0x15, 0x84, 0xdc
    db 0x87, 0x73, 0x76, 0x75, 0x75, 0x75, 0x75, 0x75, 0x72, 0x72, 0x73, 0x72, 0xc1, 0xda, 0x7a, 0x60
    db 0x6c, 0x8e, 0x40, 0x0d, 0x1e, 0x2a, 0x2f, 0x2f, 0x2f, 0x2f, 0x2f, 0x2f, 0x2f, 0x2f, 0x2f, 0x2f
    db 0x2f, 0x2f, 0x2f, 0x2f, 0x2f, 0x2f, 0x2f, 0x2f, 0x2f, 0x2f, 0x2f, 0x2f, 0x2f, 0x2f, 0x2f, 0x2f
    db 0x2f, 0x2f, 0x2f, 0x2f, 0x2f, 0x2f, 0x2f, 0x2f, 0x2f, 0x2f, 0x2f, 0x2f, 0x2f, 0x2f, 0x2f, 0x2f
    db 0x2f, 0x2f, 0x2f, 0x2f, 0x2f, 0x2f, 0x2f, 0x2f, 0x2f, 0x2f, 0x2f, 0x2f, 0x2f, 0x2f, 0x2f, 0x2f
    db 0x2f, 0x2f, 0x2f, 0x2f, 0x2f, 0x2f, 0x2f, 0x2f, 0x2f, 0x2f, 0x2f, 0x2f, 0x2f, 0x2a, 0x2a, 0x2a
    db 0x2a, 0x2a, 0x2f, 0x2a, 0x2a, 0x2a, 0x2a, 0x2a, 0x2a, 0x2f, 0x2f, 0x2f, 0x2f, 0x2f, 0x2f, 0x2f
    db 0x2f, 0x2f, 0x2f, 0x2f, 0x2f, 0x2f, 0x2f, 0x2f, 0x2f, 0x2f, 0x2f, 0x2f, 0x2f, 0x2f, 0x2f, 0x2f
    db 0x2f, 0x2f, 0x2f, 0x2a, 0x2a, 0x2a, 0x2a, 0x2a, 0x2f, 0x2f, 0x2f, 0x2f, 0x2f, 0x2f, 0x2f, 0x2f
    db 0x2f, 0x2f, 0x2f, 0x2f, 0x2f, 0x2f, 0x2f, 0x2f, 0x2f, 0x2f, 0x2f, 0x2f, 0x2a, 0x2f, 0x2f, 0x2f
    db 0x2f, 0x2f, 0x2f, 0x2f, 0x2f, 0x2f, 0x2f, 0x2f, 0x2f, 0x2f, 0x2f, 0x2f, 0x2f, 0x2f, 0x2f, 0x2f
    db 0x2f, 0x2f, 0x2f, 0x2f, 0x2a, 0x2a, 0x2f, 0x2f, 0x2f, 0x2f, 0x2f, 0x2f, 0x2f, 0x2f, 0x2f, 0x2f
    db 0x2f, 0x2f, 0x2f, 0x2f, 0x2f, 0x2f, 0x2f, 0x2f, 0x2f, 0x2f, 0x2f, 0x2f, 0x2f, 0x2f, 0x2f, 0x2f
    db 0x2f, 0x2f, 0x2f, 0x2f, 0x2f, 0x2f, 0x2f, 0x2f, 0x2f, 0x2f, 0x2f, 0x2f, 0x2f, 0x2f, 0x2f, 0x2f
    db 0x2f, 0x2f, 0x2f, 0x2f, 0x2f, 0x2f, 0x2f, 0x2f, 0x2f, 0x2f, 0x2f, 0x2f, 0x2f, 0x2f, 0x2e, 0x2e
    db 0x30, 0x1f, 0x84, 0x34, 0x15, 0x34, 0x53, 0x15, 0x26, 0x1c, 0x3e, 0x26, 0x1c, 0x1c, 0x1c, 0x1c
    db 0x1c, 0x1c, 0x1b, 0x1b, 0x1b, 0x1b, 0x1c, 0x1c, 0x1c, 0x1c, 0x1c, 0x1b, 0x1b, 0x1b, 0x1b, 0x1b
    db 0x1c, 0x1b, 0x26, 0x26, 0x26, 0x6a, 0x34, 0x1b, 0x1b, 0x15, 0x15, 0x66, 0x34, 0x34, 0x66, 0x15
    db 0x1c, 0x1c, 0x15, 0x15, 0x15, 0x26, 0x53, 0x26, 0x1c, 0x15, 0x53, 0xdd, 0x92, 0x71, 0x81, 0x75
    db 0x75, 0x72, 0x75, 0x75, 0x72, 0x75, 0x75, 0x6f, 0x92, 0xe6, 0x92, 0x6a, 0x36, 0x65, 0x92, 0x84
    db 0x40, 0x27, 0x1e, 0x2f, 0x2f, 0x2f, 0x2f, 0x2f, 0x2f, 0x2f, 0x2f, 0x2f, 0x2f, 0x2f, 0x2f, 0x2f
    db 0x2f, 0x2f, 0x2f, 0x2f, 0x2f, 0x2f, 0x2f, 0x2f, 0x2f, 0x2f, 0x2f, 0x2f, 0x2f, 0x2f, 0x2f, 0x2f
    db 0x2f, 0x2f, 0x2f, 0x2f, 0x2f, 0x2f, 0x2f, 0x2f, 0x2f, 0x2f, 0x2f, 0x2f, 0x2f, 0x2f, 0x2f, 0x2f
    db 0x2f, 0x2f, 0x2f, 0x2f, 0x2f, 0x2f, 0x2f, 0x2f, 0x2f, 0x2f, 0x2f, 0x2f, 0x2f, 0x2f, 0x2f, 0x2f
    db 0x2f, 0x2f, 0x2f, 0x2f, 0x2f, 0x2f, 0x2f, 0x2f, 0x2f, 0x2f, 0x2f, 0x2a, 0x2f, 0x2f, 0x2f, 0x2a
    db 0x2a, 0x2a, 0x2a, 0x2a, 0x2f, 0x2f, 0x2f, 0x2f, 0x2f, 0x2f, 0x2f, 0x2f, 0x2f, 0x2f, 0x2f, 0x2f
    db 0x2f, 0x2f, 0x2f, 0x2f, 0x2f, 0x2f, 0x2f, 0x2f, 0x2f, 0x2f, 0x2f, 0x2f, 0x2f, 0x2f, 0x2a, 0x2a
    db 0x2a, 0x2a, 0x2a, 0x2a, 0x2f, 0x2f, 0x2f, 0x2f, 0x2f, 0x2f, 0x2f, 0x2f, 0x2f, 0x2f, 0x2f, 0x2f
    db 0x2f, 0x2f, 0x2f, 0x2f, 0x2f, 0x2f, 0x2f, 0x2f, 0x2a, 0x2a, 0x2f, 0x2f, 0x2f, 0x2f, 0x2f, 0x2f
    db 0x2f, 0x2f, 0x2f, 0x2f, 0x2f, 0x2f, 0x2f, 0x2f, 0x2f, 0x2f, 0x2f, 0x2f, 0x2f, 0x2f, 0x2f, 0x2f
    db 0x2f, 0x2f, 0x2f, 0x2f, 0x2f, 0x2f, 0x2f, 0x2f, 0x2f, 0x2f, 0x2f, 0x2f, 0x2f, 0x2f, 0x2f, 0x2f
    db 0x2f, 0x2f, 0x2f, 0x2f, 0x2f, 0x2f, 0x2f, 0x2f, 0x2f, 0x2f, 0x2f, 0x2f, 0x2f, 0x2f, 0x2f, 0x2f
    db 0x2f, 0x2f, 0x2f, 0x2f, 0x2f, 0x2f, 0x2f, 0x2f, 0x2f, 0x2f, 0x2f, 0x2f, 0x2f, 0x2f, 0x2f, 0x2f
    db 0x2f, 0x2f, 0x2f, 0x2f, 0x2f, 0x2f, 0x2f, 0x2f, 0x2f, 0x2f, 0x2f, 0x2e, 0x2b, 0x30, 0x8a, 0x26
    db 0x15, 0x34, 0x53, 0x15, 0x1c, 0x15, 0x53, 0x53, 0x15, 0x26, 0x26, 0x1c, 0x1c, 0x1b, 0x1b, 0x1b
    db 0x1b, 0x1b, 0x1c, 0x1c, 0x1c, 0x1c, 0x1c, 0x1b, 0x1b, 0x1b, 0x1b, 0x1c, 0x1c, 0x1c, 0x26, 0x15
    db 0x3e, 0xbd, 0x34, 0x15, 0x15, 0x15, 0x53, 0x93, 0x26, 0x34, 0x69, 0x15, 0x1c, 0x1b, 0x15, 0x15
    db 0x15, 0x15, 0x53, 0x26, 0x26, 0x1b, 0x34, 0xd2, 0xc1, 0x74, 0x73, 0x75, 0x75, 0x72, 0x75, 0x75
    db 0x72, 0x75, 0x75, 0x74, 0x88, 0xd4, 0xd2, 0x6e, 0x3c, 0x0d, 0x2c, 0x63, 0x8e, 0x8e, 0x54, 0x29
    db 0x2f, 0x2f, 0x2f, 0x2f, 0x2f, 0x2f, 0x2f, 0x2f, 0x2f, 0x2f, 0x2f, 0x2f, 0x2f, 0x2f, 0x2f, 0x2f
    db 0x2f, 0x2f, 0x2f, 0x2f, 0x2f, 0x2f, 0x2f, 0x2f, 0x2f, 0x2f, 0x2f, 0x2f, 0x2f, 0x2f, 0x2f, 0x2f
    db 0x2f, 0x2f, 0x2f, 0x2f, 0x2f, 0x2f, 0x2f, 0x2f, 0x2f, 0x2f, 0x2f, 0x2f, 0x2f, 0x2f, 0x2f, 0x2f
    db 0x2f, 0x2f, 0x2f, 0x2f, 0x2f, 0x2f, 0x2f, 0x2f, 0x2f, 0x2f, 0x2f, 0x2f, 0x2f, 0x2f, 0x2f, 0x2f
    db 0x2f, 0x2f, 0x2f, 0x2f, 0x2f, 0x2f, 0x2f, 0x2a, 0x2f, 0x2f, 0x2f, 0x2a, 0x2a, 0x2a, 0x2a, 0x2f
    db 0x2f, 0x2f, 0x2f, 0x2f, 0x2f, 0x2f, 0x2f, 0x2f, 0x2f, 0x2f, 0x2f, 0x2f, 0x2f, 0x2f, 0x2f, 0x2f
    db 0x2f, 0x2f, 0x2f, 0x2f, 0x2f, 0x2f, 0x2f, 0x2f, 0x2f, 0x2f, 0x2a, 0x2a, 0x2a, 0x2a, 0x2a, 0x2a
    db 0x2f, 0x2f, 0x2f, 0x2f, 0x2f, 0x2f, 0x2f, 0x2f, 0x2f, 0x2f, 0x2f, 0x2f, 0x2f, 0x2f, 0x2f, 0x2f
    db 0x2f, 0x2f, 0x2f, 0x2a, 0x2a, 0x2a, 0x2a, 0x2f, 0x2f, 0x2f, 0x2f, 0x2f, 0x2f, 0x2f, 0x2f, 0x2f
    db 0x2f, 0x2f, 0x2f, 0x2f, 0x2f, 0x2f, 0x2f, 0x2f, 0x2f, 0x2f, 0x2f, 0x2f, 0x2f, 0x2f, 0x2f, 0x2f
    db 0x2f, 0x2f, 0x2f, 0x2f, 0x2f, 0x2f, 0x2f, 0x2f, 0x2f, 0x2f, 0x2f, 0x2f, 0x2f, 0x2f, 0x2f, 0x2f
    db 0x2f, 0x2f, 0x2f, 0x2f, 0x2f, 0x2f, 0x2f, 0x2f, 0x2f, 0x2f, 0x2f, 0x2f, 0x2f, 0x2f, 0x2f, 0x2f
    db 0x2f, 0x2a, 0x2f, 0x2f, 0x2f, 0x2f, 0x2f, 0x2f, 0x2f, 0x2f, 0x2f, 0x2f, 0x2f, 0x2f, 0x2f, 0x2f
    db 0x2f, 0x2f, 0x2f, 0x2f, 0x2f, 0x2f, 0x2f, 0x2e, 0x29, 0x3c, 0x8a, 0x15, 0x15, 0x15, 0x69, 0x3e
    db 0x1c, 0x15, 0x69, 0x93, 0x3e, 0x15, 0x1c, 0x1b, 0x1c, 0x1b, 0x1b, 0x1b, 0x1b, 0x1b, 0x1c, 0x1c
    db 0x1c, 0x1c, 0x26, 0x26, 0x26, 0x1b, 0x1b, 0x1c, 0x1b, 0x1c, 0x15, 0x34, 0x84, 0x6c, 0x26, 0x34
    db 0x53, 0x69, 0x85, 0x70, 0x53, 0x34, 0x69, 0x1c, 0x1b, 0x1b, 0x1b, 0x1c, 0x1b, 0x15, 0x53, 0x34
    db 0x26, 0x1c, 0x26, 0xbd, 0xda, 0x87, 0x71, 0x75, 0x72, 0x72, 0x75, 0x75, 0x75, 0x75, 0x75, 0x79
    db 0x82, 0x9c, 0xe5, 0x8a, 0x40, 0x1e, 0x31, 0x1e, 0x28, 0x66, 0xc2, 0x3c, 0x29, 0x2f, 0x2f, 0x2f
    db 0x2f, 0x2f, 0x2f, 0x2f, 0x2f, 0x2f, 0x2f, 0x37, 0x37, 0x37, 0x37, 0x37, 0x37, 0x37, 0x2f, 0x2f
    db 0x2f, 0x2f, 0x2f, 0x2f, 0x2f, 0x2f, 0x2f, 0x2f, 0x2f, 0x2f, 0x2f, 0x2f, 0x2f, 0x2f, 0x2f, 0x2f
    db 0x2f, 0x2f, 0x2f, 0x2f, 0x2f, 0x2f, 0x2f, 0x2f, 0x2f, 0x2f, 0x2f, 0x2f, 0x2f, 0x2f, 0x2f, 0x2f
    db 0x2a, 0x2a, 0x2f, 0x2f, 0x2f, 0x37, 0x37, 0x37, 0x2f, 0x2f, 0x2f, 0x2f, 0x2f, 0x2f, 0x2f, 0x2f
    db 0x2f, 0x2f, 0x2f, 0x2a, 0x2a, 0x2a, 0x2f, 0x2f, 0x2a, 0x2a, 0x2a, 0x2f, 0x2f, 0x2f, 0x2f, 0x2f
    db 0x2f, 0x2f, 0x2f, 0x2f, 0x2f, 0x2f, 0x2a, 0x2f, 0x2f, 0x2f, 0x2f, 0x37, 0x37, 0x2f, 0x37, 0x37
    db 0x2f, 0x2f, 0x2f, 0x2f, 0x2f, 0x2f, 0x2a, 0x2a, 0x2a, 0x2a, 0x2a, 0x2a, 0x2f, 0x2f, 0x2f, 0x2f
    db 0x2f, 0x2f, 0x2f, 0x2f, 0x2f, 0x2f, 0x2f, 0x2f, 0x2f, 0x2f, 0x2f, 0x2f, 0x2f, 0x2f, 0x2f, 0x2a
    db 0x2a, 0x2a, 0x2a, 0x2a, 0x2f, 0x2f, 0x2f, 0x2f, 0x2f, 0x2f, 0x2f, 0x2f, 0x2f, 0x2f, 0x2f, 0x2f
    db 0x2f, 0x2f, 0x2f, 0x2f, 0x2f, 0x2f, 0x2f, 0x2f, 0x2f, 0x2f, 0x2f, 0x2f, 0x2f, 0x2f, 0x2f, 0x2f
    db 0x2f, 0x2f, 0x2f, 0x2f, 0x2f, 0x2f, 0x2f, 0x2f, 0x2f, 0x2f, 0x2f, 0x2f, 0x2f, 0x2f, 0x2f, 0x2f
    db 0x2f, 0x2f, 0x2f, 0x2f, 0x2f, 0x2f, 0x2f, 0x2f, 0x2f, 0x2f, 0x2f, 0x2f, 0x2f, 0x2a, 0x2f, 0x2f
    db 0x2f, 0x2f, 0x2f, 0x2f, 0x2f, 0x2f, 0x2f, 0x2f, 0x2f, 0x2f, 0x2f, 0x2f, 0x2f, 0x2f, 0x2f, 0x2f
    db 0x2f, 0x2f, 0x2f, 0x2f, 0x1f, 0x3c, 0x84, 0x15, 0x15, 0x15, 0x53, 0x93, 0x53, 0x53, 0x6a, 0x57
    db 0x84, 0x34, 0x15, 0x1c, 0x1b, 0x1b, 0x1b, 0x1b, 0x1b, 0x1b, 0x1c, 0x1c, 0x1c, 0x26, 0x26, 0x26
    db 0x26, 0x26, 0x26, 0x26, 0x1b, 0x15, 0x34, 0x84, 0x70, 0x84, 0x69, 0x69, 0x69, 0x85, 0x2d, 0x35
    db 0x84, 0x26, 0x69, 0x15, 0x15, 0x15, 0x1c, 0x1c, 0x1c, 0x15, 0x53, 0x34, 0x1c, 0x26, 0x15, 0x84
    db 0xdc, 0x8e, 0x71, 0x76, 0x75, 0x75, 0x75, 0x75, 0x74, 0x74, 0x75, 0x73, 0x73, 0x92, 0xdc, 0xba
    db 0x63, 0x2c, 0x31, 0x31, 0x31, 0x50, 0xc2, 0x40, 0x29, 0x2f, 0x2f, 0x2f, 0x2f, 0x2f, 0x2f, 0x2f
    db 0x2f, 0x2f, 0x2f, 0x2f, 0x2f, 0x2f, 0x2f, 0x2f, 0x2f, 0x2f, 0x2f, 0x2f, 0x2f, 0x2f, 0x2f, 0x2f
    db 0x2f, 0x2f, 0x2f, 0x2f, 0x2f, 0x2f, 0x2f, 0x2f, 0x2f, 0x2f, 0x2f, 0x2f, 0x2f, 0x2f, 0x36, 0x2f
    db 0x29, 0x1e, 0x1e, 0x1e, 0x29, 0x2f, 0x2f, 0x2f, 0x2f, 0x2f, 0x2f, 0x2f, 0x2a, 0x2a, 0x2f, 0x2f
    db 0x2f, 0x2f, 0x2f, 0x2f, 0x2f, 0x2f, 0x2f, 0x2f, 0x2f, 0x2f, 0x2f, 0x2f, 0x2f, 0x2f, 0x2f, 0x2a
    db 0x2a, 0x2a, 0x2a, 0x2a, 0x2a, 0x2a, 0x2a, 0x2f, 0x2f, 0x2f, 0x2f, 0x2f, 0x2f, 0x2f, 0x2a, 0x2a
    db 0x2f, 0x2f, 0x2a, 0x2f, 0x2f, 0x2f, 0x2f, 0x2f, 0x2f, 0x2f, 0x37, 0x37, 0x2f, 0x2f, 0x2f, 0x2f
    db 0x2f, 0x2f, 0x2a, 0x2a, 0x2a, 0x2a, 0x2a, 0x2a, 0x2f, 0x2f, 0x2f, 0x2f, 0x2f, 0x2f, 0x2f, 0x2f
    db 0x2f, 0x2f, 0x2f, 0x2f, 0x2f, 0x2f, 0x2f, 0x2f, 0x2f, 0x2a, 0x2a, 0x2a, 0x2a, 0x2a, 0x2a, 0x2a
    db 0x2f, 0x2f, 0x2f, 0x2f, 0x2f, 0x2f, 0x2f, 0x2f, 0x2f, 0x2f, 0x2f, 0x2f, 0x2f, 0x2f, 0x2f, 0x2f
    db 0x2f, 0x2f, 0x2f, 0x2f, 0x2f, 0x2f, 0x2f, 0x2f, 0x2f, 0x2f, 0x2f, 0x2f, 0x2f, 0x2f, 0x2f, 0x2f
    db 0x2f, 0x2f, 0x2f, 0x2f, 0x2f, 0x2f, 0x2f, 0x2f, 0x2f, 0x2f, 0x2f, 0x2f, 0x2f, 0x2f, 0x37, 0x37
    db 0x2f, 0x2f, 0x2f, 0x2f, 0x2f, 0x2f, 0x2f, 0x2f, 0x2f, 0x2a, 0x2f, 0x2f, 0x2f, 0x2f, 0x2f, 0x2f
    db 0x2f, 0x2f, 0x2f, 0x2f, 0x2f, 0x37, 0x37, 0x2f, 0x2f, 0x2f, 0x2f, 0x2f, 0x2f, 0x2f, 0x2c, 0x2c
    db 0x1f, 0x40, 0x93, 0x1c, 0x15, 0x15, 0x3e, 0x88, 0x66, 0x34, 0x84, 0x85, 0x7e, 0xbd, 0x53, 0x15
    db 0x34, 0x34, 0x1c, 0x1b, 0x1b, 0x1b, 0x1c, 0x1c, 0x26, 0x26, 0x1c, 0x1c, 0x1b, 0x15, 0x15, 0x26
    db 0x34, 0x53, 0x93, 0x84, 0x70, 0x53, 0x15, 0x3e, 0x7e, 0x3d, 0x01, 0x04, 0x70, 0x53, 0x69, 0x26
    db 0x15, 0x15, 0x1c, 0x1c, 0x26, 0x1b, 0x53, 0x34, 0x1b, 0x1c, 0x15, 0x6a, 0xe6, 0x92, 0x71, 0x73
    db 0x72, 0x72, 0x75, 0x75, 0x74, 0x74, 0x75, 0x73, 0x73, 0x8a, 0xd0, 0xda, 0x71, 0x3c, 0x31, 0x31
    db 0x3c, 0x83, 0x9c, 0x3a, 0x2f, 0x2f, 0x2f, 0x2f, 0x2f, 0x2f, 0x2f, 0x2f, 0x2f, 0x2f, 0x2f, 0x2f
    db 0x2f, 0x2f, 0x2f, 0x2f, 0x2f, 0x2f, 0x2f, 0x2f, 0x2f, 0x2f, 0x2f, 0x2f, 0x2f, 0x2f, 0x2f, 0x2f
    db 0x2f, 0x2f, 0x2f, 0x2f, 0x37, 0x2f, 0x2a, 0x2a, 0x2a, 0x1e, 0x0d, 0x30, 0x3c, 0x40, 0x40, 0x40
    db 0x3c, 0x1e, 0x0d, 0x0d, 0x0d, 0x0d, 0x0d, 0x29, 0x2f, 0x2a, 0x2f, 0x37, 0x37, 0x2f, 0x2f, 0x2f
    db 0x2f, 0x2f, 0x2f, 0x2f, 0x2f, 0x2f, 0x2f, 0x2f, 0x2f, 0x2f, 0x2f, 0x2f, 0x2f, 0x2f, 0x2a, 0x2a
    db 0x2a, 0x2a, 0x2a, 0x2f, 0x2f, 0x2f, 0x2f, 0x2f, 0x2f, 0x2f, 0x2a, 0x2a, 0x2f, 0x2f, 0x2a, 0x2f
    db 0x2f, 0x2f, 0x2f, 0x2f, 0x2f, 0x2f, 0x2f, 0x2f, 0x2f, 0x2f, 0x2f, 0x2f, 0x2f, 0x2f, 0x2a, 0x2a
    db 0x2a, 0x2a, 0x2a, 0x2a, 0x2f, 0x2f, 0x2f, 0x2f, 0x2f, 0x2f, 0x2f, 0x2f, 0x2f, 0x2f, 0x2f, 0x2f
    db 0x2f, 0x2f, 0x2f, 0x2f, 0x2f, 0x2a, 0x2a, 0x2a, 0x2a, 0x2a, 0x2a, 0x2a, 0x2f, 0x2f, 0x2f, 0x2f
    db 0x2f, 0x2f, 0x2f, 0x2f, 0x2f, 0x2f, 0x2f, 0x2f, 0x2f, 0x2f, 0x2f, 0x2f, 0x2f, 0x2f, 0x2f, 0x2f
    db 0x2f, 0x2f, 0x2f, 0x2f, 0x2f, 0x2f, 0x2f, 0x2f, 0x2f, 0x2f, 0x2f, 0x2f, 0x2f, 0x2f, 0x2f, 0x2f
    db 0x2f, 0x2f, 0x2f, 0x2f, 0x2f, 0x2f, 0x2f, 0x2f, 0x2f, 0x2f, 0x37, 0x37, 0x2f, 0x2f, 0x2f, 0x2f
    db 0x2f, 0x2f, 0x2f, 0x2f, 0x2f, 0x2a, 0x2f, 0x2f, 0x2f, 0x2f, 0x2f, 0x2f, 0x2f, 0x2f, 0x2f, 0x2f
    db 0x2f, 0x37, 0x37, 0x2f, 0x2f, 0x2f, 0x2f, 0x2f, 0x2f, 0x2f, 0x2c, 0x2c, 0x1f, 0x40, 0xbe, 0x34
    db 0x1c, 0x15, 0x69, 0x35, 0x69, 0x53, 0x53, 0x57, 0x2d, 0x4c, 0x88, 0x8e, 0x53, 0x53, 0x34, 0x15
    db 0x1b, 0x1b, 0x1b, 0x1b, 0x1b, 0x1b, 0x1b, 0x26, 0x34, 0x53, 0x53, 0x69, 0x93, 0x85, 0x52, 0x04
    db 0x69, 0x34, 0x69, 0x7e, 0x3d, 0x04, 0x00, 0x00, 0x35, 0x84, 0x69, 0x26, 0x15, 0x1b, 0x1c, 0x26
    db 0x26, 0x1b, 0x53, 0x34, 0x15, 0x1b, 0x15, 0x69, 0xe6, 0x98, 0x72, 0x75, 0x75, 0x75, 0x75, 0x75
    db 0x75, 0x75, 0x75, 0x75, 0x75, 0x81, 0xbe, 0xdc, 0x92, 0x44, 0x24, 0x3b, 0x63, 0x99, 0x6c, 0x0d
    db 0x2f, 0x2f, 0x2f, 0x2f, 0x2f, 0x2f, 0x2f, 0x2f, 0x2f, 0x2f, 0x2f, 0x2f, 0x2f, 0x2f, 0x2f, 0x2f
    db 0x2f, 0x2f, 0x2f, 0x2f, 0x2f, 0x2f, 0x2f, 0x2f, 0x2f, 0x2f, 0x2f, 0x2f, 0x2f, 0x2f, 0x2f, 0x2f
    db 0x1e, 0x0d, 0x37, 0x3a, 0x3a, 0x54, 0x8b, 0xea, 0xf3, 0xf4, 0xf4, 0xef, 0x8b, 0x62, 0x65, 0x6b
    db 0x6c, 0x6e, 0x68, 0x3c, 0x0d, 0x1e, 0x2f, 0x2f, 0x2f, 0x2f, 0x2f, 0x2f, 0x2f, 0x2f, 0x2f, 0x2f
    db 0x2f, 0x2f, 0x2f, 0x2f, 0x2f, 0x2f, 0x2f, 0x2f, 0x2f, 0x2a, 0x2f, 0x2f, 0x2a, 0x2f, 0x2f, 0x2f
    db 0x2f, 0x2f, 0x2f, 0x2f, 0x2f, 0x2f, 0x2a, 0x2a, 0x2f, 0x2f, 0x2f, 0x2f, 0x2f, 0x2f, 0x2f, 0x2f
    db 0x2f, 0x2f, 0x2f, 0x2f, 0x2f, 0x2f, 0x2f, 0x2f, 0x2f, 0x2f, 0x2a, 0x2a, 0x2a, 0x2a, 0x2a, 0x2a
    db 0x2f, 0x2f, 0x2f, 0x2f, 0x2f, 0x2f, 0x2f, 0x2f, 0x2f, 0x2f, 0x2f, 0x2f, 0x2f, 0x2f, 0x2f, 0x2f
    db 0x2f, 0x2a, 0x2a, 0x2a, 0x2f, 0x2f, 0x2f, 0x2f, 0x2f, 0x2f, 0x2f, 0x2f, 0x2f, 0x2f, 0x2f, 0x2f
    db 0x2f, 0x2f, 0x2f, 0x2f, 0x2f, 0x2f, 0x2f, 0x2f, 0x2f, 0x2f, 0x2f, 0x2f, 0x2f, 0x2f, 0x2f, 0x2f
    db 0x2f, 0x2f, 0x2f, 0x2f, 0x2f, 0x2f, 0x2f, 0x2f, 0x2f, 0x2f, 0x2f, 0x2f, 0x2f, 0x2f, 0x2f, 0x2f
    db 0x2f, 0x2f, 0x2f, 0x2f, 0x2f, 0x2f, 0x2f, 0x2f, 0x2f, 0x2f, 0x2f, 0x2f, 0x2f, 0x2f, 0x2f, 0x2f
    db 0x2f, 0x2a, 0x2f, 0x2f, 0x2f, 0x2f, 0x2f, 0x2f, 0x2f, 0x2f, 0x2f, 0x2f, 0x2f, 0x2f, 0x2f, 0x2f
    db 0x2f, 0x2f, 0x2f, 0x2f, 0x2f, 0x2f, 0x30, 0x2f, 0x1e, 0x54, 0xda, 0x34, 0x1c, 0x15, 0x6f, 0x35
    db 0x04, 0x54, 0x93, 0x84, 0x07, 0x00, 0x03, 0x4c, 0x85, 0x93, 0x84, 0x3e, 0x15, 0x15, 0x15, 0x1c
    db 0x1c, 0x1b, 0x15, 0x3e, 0x53, 0x53, 0x53, 0x84, 0x57, 0x2d, 0x03, 0x07, 0x92, 0x6f, 0x52, 0x07
    db 0x04, 0x00, 0x00, 0x00, 0x04, 0x84, 0x93, 0x26, 0x1c, 0x1c, 0x1b, 0x1c, 0x1c, 0x15, 0x53, 0x26
    db 0x15, 0x1c, 0x15, 0x66, 0xe6, 0xc0, 0x74, 0x75, 0x75, 0x75, 0x75, 0x75, 0x75, 0x75, 0x75, 0x75
    db 0x75, 0x72, 0x98, 0xda, 0xc1, 0x65, 0x24, 0x40, 0x83, 0xbe, 0x3c, 0x29, 0x37, 0x37, 0x2f, 0x2f
    db 0x2f, 0x2f, 0x2f, 0x2f, 0x2f, 0x2f, 0x2f, 0x2f, 0x2f, 0x2f, 0x2f, 0x2f, 0x2f, 0x2f, 0x2f, 0x2f
    db 0x2f, 0x2f, 0x2f, 0x2f, 0x2f, 0x2f, 0x30, 0x2f, 0x2f, 0x2f, 0x16, 0x0d, 0x3f, 0x87, 0xee, 0xe8
    db 0xef, 0xf5, 0xff, 0xff, 0xff, 0xff, 0xff, 0xff, 0xf7, 0xf5, 0xfb, 0xff, 0xff, 0xff, 0xf5, 0xee
    db 0x87, 0x3b, 0x0d, 0x0d, 0x29, 0x2f, 0x2f, 0x2f, 0x2f, 0x2f, 0x2f, 0x2f, 0x2f, 0x2f, 0x2f, 0x2f
    db 0x2f, 0x2f, 0x2f, 0x2f, 0x2f, 0x2a, 0x2f, 0x2f, 0x2a, 0x2f, 0x2f, 0x2f, 0x2f, 0x2f, 0x2f, 0x2f
    db 0x2f, 0x2f, 0x2a, 0x2a, 0x2f, 0x2f, 0x2f, 0x2f, 0x2f, 0x2f, 0x2f, 0x2f, 0x2f, 0x2f, 0x2f, 0x2f
    db 0x2f, 0x2f, 0x2f, 0x2a, 0x2f, 0x2f, 0x2a, 0x2a, 0x2a, 0x2a, 0x2a, 0x2f, 0x2f, 0x2f, 0x2f, 0x2f
    db 0x2f, 0x2f, 0x2f, 0x2f, 0x2f, 0x2a, 0x2a, 0x2f, 0x2f, 0x2f, 0x2f, 0x2f, 0x2f, 0x2f, 0x2a, 0x2a
    db 0x2f, 0x2f, 0x2f, 0x2f, 0x2f, 0x2f, 0x2f, 0x2f, 0x2f, 0x2f, 0x2f, 0x2f, 0x2f, 0x2f, 0x2f, 0x2f
    db 0x2f, 0x2f, 0x2f, 0x2f, 0x2f, 0x2f, 0x2f, 0x2f, 0x2f, 0x2f, 0x2f, 0x2f, 0x2f, 0x2f, 0x2f, 0x2f
    db 0x2f, 0x2f, 0x2f, 0x2f, 0x2f, 0x2f, 0x2f, 0x2f, 0x2f, 0x2f, 0x2f, 0x2f, 0x2f, 0x2f, 0x2f, 0x37
    db 0x37, 0x37, 0x2f, 0x2f, 0x2f, 0x2f, 0x2f, 0x2f, 0x2f, 0x2f, 0x2f, 0x2f, 0x2f, 0x2f, 0x2f, 0x2f
    db 0x2f, 0x2f, 0x2f, 0x2f, 0x2f, 0x2f, 0x2f, 0x2f, 0x2f, 0x2f, 0x2f, 0x2f, 0x2f, 0x2f, 0x2f, 0x2f
    db 0x2f, 0x2f, 0x30, 0x2f, 0x0d, 0x6a, 0x93, 0x53, 0x15, 0x1c, 0x8a, 0xdd, 0xc2, 0xbe, 0xdd, 0xdd
    db 0xc2, 0xba, 0x96, 0x95, 0xbe, 0xdd, 0xbd, 0x85, 0x6a, 0x34, 0x15, 0x15, 0x1b, 0x15, 0x15, 0x26
    db 0x53, 0x84, 0xd2, 0xd4, 0xbf, 0x96, 0x95, 0xc2, 0xe6, 0xba, 0x8e, 0x85, 0x8e, 0x8e, 0x71, 0x07
    db 0x04, 0x52, 0x93, 0x26, 0x1c, 0x1c, 0x26, 0x1c, 0x1c, 0x26, 0x53, 0x26, 0x15, 0x1c, 0x15, 0x53
    db 0xe6, 0xc8, 0x83, 0x73, 0x75, 0x75, 0x75, 0x75, 0x75, 0x75, 0x75, 0x75, 0x75, 0x71, 0x90, 0xd5
    db 0xdd, 0x78, 0x40, 0x6a, 0x92, 0x6f, 0x0d, 0x2f, 0x2f, 0x2f, 0x2f, 0x2f, 0x2f, 0x2f, 0x2f, 0x2f
    db 0x2f, 0x2f, 0x2f, 0x2f, 0x2f, 0x2f, 0x2f, 0x2f, 0x2f, 0x2f, 0x2f, 0x2f, 0x2f, 0x2f, 0x29, 0x30
    db 0x2b, 0x29, 0x17, 0x0d, 0x1e, 0x2b, 0x63, 0xd3, 0xf2, 0xff, 0xff, 0xff, 0xff, 0xff, 0xfa, 0xfa
    db 0xfa, 0xff, 0xfa, 0xfa, 0xff, 0xff, 0xff, 0xff, 0xff, 0xfa, 0xfa, 0xff, 0xf7, 0xef, 0xd5, 0x71
    db 0x3b, 0x0d, 0x1e, 0x2a, 0x2f, 0x2f, 0x2f, 0x2f, 0x2f, 0x2f, 0x2f, 0x2f, 0x2f, 0x2f, 0x2f, 0x2f
    db 0x2f, 0x2f, 0x2f, 0x2f, 0x2f, 0x2f, 0x2f, 0x2f, 0x2f, 0x2f, 0x2f, 0x2f, 0x2f, 0x2f, 0x2a, 0x2f
    db 0x2f, 0x2f, 0x2f, 0x2f, 0x2f, 0x2f, 0x2f, 0x2f, 0x2f, 0x2f, 0x2f, 0x2f, 0x2f, 0x2f, 0x2f, 0x2a
    db 0x2a, 0x2a, 0x2a, 0x2a, 0x2a, 0x2f, 0x2f, 0x2f, 0x2f, 0x2f, 0x2f, 0x2f, 0x2f, 0x2f, 0x2f, 0x2f
    db 0x2f, 0x2a, 0x2a, 0x2a, 0x2f, 0x2f, 0x2f, 0x2f, 0x2f, 0x2f, 0x2a, 0x2a, 0x2f, 0x2f, 0x2f, 0x2f
    db 0x2f, 0x2f, 0x2f, 0x2f, 0x2f, 0x2f, 0x2f, 0x2f, 0x2f, 0x2f, 0x2f, 0x2f, 0x2f, 0x2f, 0x2f, 0x2f
    db 0x2f, 0x2f, 0x2f, 0x2f, 0x2f, 0x2f, 0x2f, 0x2f, 0x2f, 0x2f, 0x2f, 0x2f, 0x2f, 0x2f, 0x2f, 0x2f
    db 0x2f, 0x2f, 0x2f, 0x2f, 0x2f, 0x2f, 0x2f, 0x2f, 0x2f, 0x2f, 0x2f, 0x2f, 0x2f, 0x2f, 0x2f, 0x2f
    db 0x2f, 0x2f, 0x2f, 0x2f, 0x2f, 0x2f, 0x2f, 0x2f, 0x2f, 0x2f, 0x2f, 0x2f, 0x2f, 0x2f, 0x2f, 0x2f
    db 0x2f, 0x2f, 0x2f, 0x2f, 0x2f, 0x2f, 0x2f, 0x2f, 0x2f, 0x2f, 0x2f, 0x2f, 0x2f, 0x2f, 0x2f, 0x37
    db 0x1f, 0x84, 0x53, 0x6e, 0x26, 0x1c, 0x93, 0xea, 0xe6, 0xe6, 0xdd, 0xdd, 0xdd, 0xdd, 0xdd, 0xdd
    db 0xdd, 0xe8, 0x96, 0x07, 0x4c, 0x84, 0x6e, 0x53, 0x34, 0x34, 0x69, 0x69, 0x93, 0xea, 0xe6, 0xdd
    db 0xe6, 0xe6, 0xe6, 0xe6, 0xdd, 0xdd, 0xdd, 0xdd, 0xdd, 0xe6, 0xdd, 0x35, 0x00, 0x35, 0x84, 0x26
    db 0x1c, 0x26, 0x1c, 0x1c, 0x26, 0x26, 0x53, 0x15, 0x15, 0x1c, 0x15, 0x66, 0xe6, 0xd0, 0x87, 0x72
    db 0x75, 0x75, 0x75, 0x75, 0x75, 0x75, 0x75, 0x75, 0x75, 0x71, 0x89, 0xd3, 0xdd, 0x92, 0x6f, 0x6f
    db 0xba, 0x68, 0x0d, 0x30, 0x30, 0x2f, 0x2f, 0x2f, 0x2f, 0x2f, 0x2f, 0x2f, 0x2f, 0x2f, 0x2f, 0x2f
    db 0x2f, 0x2f, 0x2f, 0x2f, 0x2f, 0x2f, 0x2f, 0x2f, 0x2f, 0x16, 0x3a, 0x0d, 0x29, 0x3c, 0x63, 0x82
    db 0x92, 0xe8, 0xf7, 0xff, 0xff, 0xff, 0xff, 0xfa, 0xfa, 0xfa, 0xfa, 0xfa, 0xfa, 0xff, 0xfa, 0xfa
    db 0xfa, 0xfa, 0xfa, 0xff, 0xff, 0xfa, 0xfa, 0xfa, 0xff, 0xff, 0xff, 0xff, 0xef, 0x8b, 0x3c, 0x0d
    db 0x16, 0x2f, 0x2f, 0x2f, 0x2f, 0x2f, 0x2f, 0x2f, 0x2f, 0x2f, 0x2f, 0x2f, 0x2f, 0x2f, 0x2f, 0x2f
    db 0x2f, 0x2f, 0x2f, 0x2f, 0x2f, 0x2f, 0x2f, 0x2f, 0x2f, 0x2f, 0x2f, 0x2f, 0x2f, 0x2f, 0x2f, 0x2f
    db 0x2f, 0x2f, 0x2f, 0x2f, 0x2f, 0x2f, 0x2f, 0x2f, 0x2f, 0x2f, 0x2f, 0x2a, 0x2a, 0x2a, 0x2a, 0x2a
    db 0x2a, 0x2f, 0x2f, 0x2f, 0x2f, 0x2f, 0x2f, 0x2f, 0x2f, 0x2f, 0x2f, 0x2f, 0x2f, 0x2a, 0x2a, 0x2a
    db 0x2f, 0x2f, 0x2f, 0x2f, 0x2f, 0x2a, 0x2a, 0x2a, 0x2f, 0x2f, 0x2f, 0x2f, 0x2f, 0x2f, 0x2f, 0x2f
    db 0x2f, 0x2f, 0x2f, 0x2f, 0x2f, 0x2f, 0x2f, 0x2f, 0x2f, 0x2f, 0x2f, 0x2f, 0x2f, 0x2f, 0x2f, 0x2f
    db 0x2f, 0x2f, 0x2f, 0x2f, 0x2f, 0x2f, 0x2f, 0x2f, 0x2f, 0x2f, 0x2f, 0x2f, 0x2f, 0x2f, 0x2f, 0x2f
    db 0x2f, 0x2f, 0x2f, 0x2f, 0x2f, 0x2f, 0x2f, 0x2f, 0x2f, 0x2f, 0x2f, 0x2f, 0x2f, 0x2f, 0x2f, 0x2f
    db 0x2f, 0x2f, 0x2f, 0x2f, 0x2f, 0x2f, 0x2f, 0x2f, 0x2f, 0x2f, 0x2f, 0x2f, 0x2f, 0x2f, 0x2f, 0x2f
    db 0x2f, 0x2f, 0x2f, 0x2f, 0x2f, 0x2f, 0x2f, 0x2f, 0x2f, 0x2f, 0x2e, 0x1f, 0x3c, 0x8a, 0x15, 0x6c
    db 0x3e, 0x15, 0x6f, 0x54, 0x8a, 0x93, 0x78, 0x93, 0x93, 0x93, 0x93, 0x93, 0xbd, 0x54, 0x2d, 0x04
    db 0x01, 0x04, 0x35, 0x57, 0x70, 0x70, 0x4c, 0x07, 0x35, 0x4c, 0x63, 0xcf, 0xbd, 0xbd, 0x93, 0x93
    db 0x93, 0x93, 0x93, 0x93, 0xbd, 0x69, 0x54, 0x07, 0x00, 0x2d, 0x70, 0x26, 0x1c, 0x26, 0x1c, 0x15
    db 0x34, 0x34, 0x53, 0x15, 0x15, 0x1b, 0x15, 0x69, 0xe6, 0xd2, 0x88, 0x72, 0x75, 0x75, 0x79, 0x79
    db 0x79, 0x75, 0x75, 0x75, 0x75, 0x72, 0x88, 0xce, 0xdc, 0xbe, 0x6f, 0x6f, 0x8a, 0x92, 0x1f, 0x2b
    db 0x30, 0x2f, 0x2f, 0x2f, 0x2f, 0x2f, 0x2f, 0x2f, 0x2f, 0x2f, 0x2f, 0x2f, 0x2f, 0x2f, 0x2f, 0x2f
    db 0x2f, 0x2f, 0x2a, 0x2a, 0x0d, 0x63, 0x54, 0x6b, 0xea, 0xf2, 0xf6, 0xff, 0xff, 0xff, 0xff, 0xff
    db 0xff, 0xff, 0xfa, 0xfa, 0xfa, 0xfa, 0xfa, 0xfa, 0xfa, 0xff, 0xff, 0xfa, 0xfa, 0xfa, 0xfa, 0xfa
    db 0xfa, 0xfa, 0xff, 0xff, 0xfa, 0xff, 0xff, 0xfa, 0xff, 0xff, 0xf2, 0x8a, 0x50, 0x0d, 0x0d, 0x29
    db 0x2f, 0x2f, 0x2f, 0x2f, 0x2f, 0x2f, 0x2f, 0x2f, 0x2f, 0x2f, 0x2f, 0x2f, 0x2f, 0x2f, 0x2f, 0x2f
    db 0x2f, 0x2f, 0x2f, 0x2f, 0x2f, 0x2f, 0x2f, 0x2f, 0x2f, 0x2f, 0x2f, 0x2f, 0x2f, 0x2f, 0x2f, 0x2f
    db 0x2f, 0x2f, 0x2f, 0x2f, 0x2f, 0x2f, 0x2f, 0x2f, 0x2a, 0x2a, 0x2a, 0x2a, 0x2a, 0x2f, 0x2f, 0x2f
    db 0x2f, 0x2f, 0x2f, 0x2f, 0x2f, 0x2f, 0x2f, 0x2f, 0x2a, 0x2a, 0x2a, 0x2a, 0x2f, 0x2f, 0x2f, 0x2f
    db 0x2f, 0x2a, 0x2a, 0x2a, 0x2f, 0x2f, 0x2f, 0x2f, 0x2f, 0x2f, 0x2f, 0x2f, 0x2f, 0x2f, 0x2f, 0x2f
    db 0x2f, 0x2f, 0x2f, 0x2f, 0x2f, 0x2f, 0x2f, 0x2f, 0x2f, 0x2f, 0x2f, 0x2f, 0x2f, 0x2f, 0x2f, 0x2a
    db 0x2a, 0x2a, 0x2a, 0x2f, 0x2f, 0x2f, 0x2f, 0x2f, 0x2f, 0x2f, 0x2f, 0x2f, 0x2f, 0x2f, 0x2f, 0x2f
    db 0x2f, 0x2f, 0x2f, 0x2f, 0x2f, 0x2f, 0x2a, 0x2a, 0x2f, 0x2f, 0x2f, 0x2f, 0x2f, 0x2f, 0x2f, 0x2f
    db 0x2f, 0x2f, 0x2f, 0x2f, 0x2f, 0x2f, 0x2f, 0x2f, 0x2f, 0x2f, 0x2f, 0x2a, 0x2a, 0x2f, 0x2f, 0x2a
    db 0x2a, 0x2a, 0x2f, 0x2f, 0x2f, 0x2f, 0x2f, 0x0d, 0x69, 0x69, 0x15, 0x3e, 0x69, 0x15, 0x6c, 0x2d
    db 0x69, 0x0c, 0x00, 0x69, 0x93, 0x84, 0x93, 0x93, 0x93, 0x35, 0x00, 0x02, 0x02, 0x01, 0x00, 0x03
    db 0x04, 0x04, 0x01, 0x01, 0x00, 0x00, 0x35, 0x53, 0x03, 0x53, 0x93, 0x93, 0x93, 0x93, 0x84, 0x84
    db 0x93, 0x27, 0x00, 0x00, 0x00, 0x2d, 0x69, 0x15, 0x1b, 0x26, 0x15, 0x26, 0x34, 0x34, 0x53, 0x15
    db 0x26, 0x34, 0x15, 0x6a, 0xe6, 0xd1, 0x8a, 0x71, 0x75, 0x75, 0x79, 0x79, 0x79, 0x79, 0x79, 0x79
    db 0x79, 0x73, 0x83, 0xc8, 0xd5, 0xda, 0x83, 0x6e, 0x6c, 0x95, 0x40, 0x1f, 0x30, 0x2f, 0x2f, 0x2f
    db 0x2f, 0x2f, 0x2f, 0x2f, 0x2f, 0x2f, 0x2f, 0x2f, 0x2f, 0x2f, 0x2f, 0x2f, 0x2f, 0x2f, 0x2a, 0x0d
    db 0x88, 0xd3, 0xe4, 0xff, 0xff, 0xff, 0xff, 0xfe, 0xf7, 0xf7, 0xfa, 0xfa, 0xfa, 0xfa, 0xfa, 0xfa
    db 0xfa, 0xfa, 0xfa, 0xfa, 0xfa, 0xff, 0xff, 0xfa, 0xfa, 0xfa, 0xfa, 0xfa, 0xfa, 0xfa, 0xff, 0xff
    db 0xfa, 0xfa, 0xfa, 0xfa, 0xfa, 0xf7, 0xff, 0xff, 0xf3, 0xd3, 0x6c, 0x3c, 0x0d, 0x2a, 0x2f, 0x2f
    db 0x2f, 0x2f, 0x2f, 0x2f, 0x2f, 0x2f, 0x2a, 0x2a, 0x2a, 0x2a, 0x2a, 0x2a, 0x2a, 0x2f, 0x2f, 0x2f
    db 0x2f, 0x2f, 0x2f, 0x2f, 0x2f, 0x2f, 0x2f, 0x2f, 0x2f, 0x2f, 0x2f, 0x2a, 0x2a, 0x2a, 0x2a, 0x2a
    db 0x2f, 0x2f, 0x2f, 0x2f, 0x2a, 0x2a, 0x2a, 0x2a, 0x2a, 0x2f, 0x2f, 0x2f, 0x2f, 0x2f, 0x2f, 0x2f
    db 0x2f, 0x2f, 0x2f, 0x2f, 0x2f, 0x2a, 0x2a, 0x2a, 0x2f, 0x2f, 0x2f, 0x2f, 0x2f, 0x2a, 0x2a, 0x2a
    db 0x2a, 0x2a, 0x2f, 0x2f, 0x2f, 0x2f, 0x2f, 0x2f, 0x2f, 0x2f, 0x2f, 0x2f, 0x2f, 0x2f, 0x2f, 0x2f
    db 0x2f, 0x2f, 0x2f, 0x2f, 0x2f, 0x2f, 0x2f, 0x2f, 0x2f, 0x2f, 0x2f, 0x2f, 0x2f, 0x2f, 0x2f, 0x2f
    db 0x2f, 0x2f, 0x2f, 0x2f, 0x2f, 0x2f, 0x2f, 0x2f, 0x2f, 0x2f, 0x2f, 0x2f, 0x2f, 0x2f, 0x2f, 0x2f
    db 0x2f, 0x2f, 0x2f, 0x2f, 0x2f, 0x2f, 0x2f, 0x2f, 0x2f, 0x2f, 0x2f, 0x2f, 0x2f, 0x2f, 0x2f, 0x2f
    db 0x2f, 0x2f, 0x2f, 0x2f, 0x2f, 0x2f, 0x2f, 0x2f, 0x2f, 0x2f, 0x2f, 0x2f, 0x2f, 0x2f, 0x2f, 0x2f
    db 0x2f, 0x2f, 0x2f, 0x39, 0x8a, 0x34, 0x15, 0x15, 0x6a, 0x3e, 0x66, 0x3e, 0x63, 0x53, 0x34, 0x69
    db 0x93, 0x93, 0x93, 0x69, 0x93, 0x3e, 0x00, 0x01, 0x01, 0x04, 0x03, 0x03, 0x03, 0x01, 0x01, 0x02
    db 0x01, 0x00, 0x3e, 0x66, 0x0c, 0x53, 0x93, 0x93, 0x93, 0x93, 0x93, 0x93, 0x93, 0x3e, 0x00, 0x01
    db 0x00, 0x2d, 0x66, 0x15, 0x15, 0x15, 0x15, 0x53, 0x3e, 0x3e, 0x3e, 0x15, 0x34, 0x53, 0x15, 0x84
    db 0xdc, 0xca, 0x8a, 0x72, 0x75, 0x75, 0x79, 0x79, 0x79, 0x79, 0x79, 0x79, 0x73, 0x73, 0x77, 0xc0
    db 0xd5, 0xe5, 0x8e, 0x6c, 0x6c, 0x97, 0x72, 0x0d, 0x30, 0x2f, 0x2f, 0x2f, 0x2f, 0x2f, 0x2f, 0x2f
    db 0x2f, 0x2f, 0x2f, 0x2f, 0x2f, 0x2f, 0x2f, 0x2f, 0x2f, 0x2f, 0x0d, 0x6f, 0xf3, 0xf2, 0xff, 0xff
    db 0xfe, 0xff, 0xf6, 0xf2, 0xf2, 0xf5, 0xfb, 0xfb, 0xfa, 0xfa, 0xfa, 0xfa, 0xfa, 0xfa, 0xfa, 0xfa
    db 0xfa, 0xfa, 0xfa, 0xff, 0xff, 0xff, 0xfa, 0xfa, 0xff, 0xfa, 0xff, 0xff, 0xff, 0xfa, 0xfa, 0xfa
    db 0xfa, 0xfa, 0xfa, 0xfa, 0xff, 0xff, 0xff, 0xef, 0x6c, 0x3a, 0x2f, 0x2f, 0x2f, 0x2f, 0x2f, 0x2f
    db 0x2f, 0x2f, 0x2f, 0x2f, 0x2f, 0x2f, 0x2f, 0x2f, 0x2f, 0x2f, 0x2f, 0x2f, 0x2f, 0x2f, 0x2a, 0x2a
    db 0x2f, 0x2f, 0x2f, 0x2f, 0x2f, 0x2f, 0x2f, 0x2f, 0x2f, 0x2f, 0x2f, 0x2f, 0x2f, 0x2f, 0x2f, 0x2f
    db 0x2a, 0x2a, 0x2a, 0x2a, 0x2a, 0x2a, 0x2f, 0x2f, 0x2f, 0x2f, 0x2f, 0x2f, 0x2f, 0x2f, 0x2f, 0x2f
    db 0x2f, 0x2a, 0x2a, 0x2a, 0x2f, 0x2f, 0x2f, 0x2f, 0x2f, 0x2a, 0x2a, 0x2a, 0x2a, 0x2a, 0x2a, 0x2f
    db 0x2f, 0x2f, 0x2f, 0x2f, 0x2f, 0x2f, 0x2f, 0x2f, 0x2f, 0x2f, 0x2f, 0x2f, 0x2f, 0x2f, 0x2f, 0x2f
    db 0x2f, 0x2f, 0x2f, 0x2f, 0x2f, 0x2f, 0x2f, 0x2f, 0x2f, 0x2f, 0x2f, 0x2f, 0x2f, 0x2f, 0x2f, 0x2f
    db 0x2f, 0x2f, 0x2f, 0x2f, 0x2f, 0x2f, 0x2f, 0x2f, 0x2f, 0x2f, 0x2f, 0x2f, 0x2f, 0x2f, 0x2f, 0x2f
    db 0x2f, 0x2f, 0x2f, 0x2f, 0x2f, 0x2f, 0x2f, 0x2f, 0x2f, 0x2f, 0x2f, 0x2f, 0x2f, 0x2f, 0x2f, 0x2f
    db 0x2f, 0x2f, 0x2f, 0x2f, 0x2f, 0x2f, 0x2f, 0x2f, 0x2f, 0x2f, 0x2f, 0x2f, 0x2f, 0x2f, 0x1e, 0x66
    db 0x6a, 0x15, 0x26, 0x1b, 0x34, 0x93, 0x53, 0x54, 0x3e, 0x69, 0x34, 0x69, 0x93, 0x93, 0x93, 0x34
    db 0x69, 0x35, 0x00, 0x03, 0x01, 0x01, 0x01, 0x02, 0x01, 0x01, 0x01, 0x01, 0x01, 0x00, 0x2d, 0x93
    db 0x53, 0x53, 0x93, 0x93, 0x93, 0x93, 0x53, 0x53, 0x93, 0x2d, 0x00, 0x01, 0x00, 0x35, 0x53, 0x15
    db 0x15, 0x15, 0x34, 0x93, 0x3e, 0x53, 0x34, 0x15, 0x3e, 0x69, 0x15, 0x93, 0xd4, 0xca, 0x8a, 0x71
    db 0x75, 0x75, 0x79, 0x79, 0x79, 0x73, 0x79, 0x79, 0x73, 0x77, 0x77, 0x98, 0xd1, 0xdc, 0x97, 0x8e
    db 0x97, 0x88, 0x3c, 0x29, 0x38, 0x2f, 0x2f, 0x2f, 0x2f, 0x2f, 0x2f, 0x2f, 0x2f, 0x2f, 0x2f, 0x2f
    db 0x2f, 0x2f, 0x2f, 0x2f, 0x2f, 0x1e, 0x40, 0xef, 0xff, 0xfa, 0xf6, 0xf7, 0xff, 0xf2, 0xea, 0xef
    db 0xf5, 0xf4, 0xf6, 0xff, 0xff, 0xff, 0xff, 0xfa, 0xfa, 0xfa, 0xfa, 0xff, 0xff, 0xff, 0xfa, 0xff
    db 0xff, 0xff, 0xfa, 0xfa, 0xff, 0xfa, 0xfa, 0xfa, 0xfa, 0xfa, 0xfa, 0xfa, 0xfa, 0xfa, 0xfa, 0xfa
    db 0xff, 0xff, 0xfa, 0xff, 0xef, 0x63, 0x0d, 0x2f, 0x2f, 0x2f, 0x2f, 0x2f, 0x2f, 0x2f, 0x2f, 0x2f
    db 0x2f, 0x2f, 0x2f, 0x2f, 0x2f, 0x2f, 0x2f, 0x2f, 0x2f, 0x2f, 0x2a, 0x2a, 0x2f, 0x2f, 0x2f, 0x2f
    db 0x2f, 0x2f, 0x2f, 0x2f, 0x2f, 0x2f, 0x2f, 0x2f, 0x2f, 0x2f, 0x2f, 0x2a, 0x2a, 0x2a, 0x2a, 0x2a
    db 0x2a, 0x2a, 0x2f, 0x2f, 0x2f, 0x2f, 0x2f, 0x2f, 0x2f, 0x2f, 0x2f, 0x2f, 0x2f, 0x2f, 0x2f, 0x2f
    db 0x2f, 0x2f, 0x2f, 0x2f, 0x2f, 0x2a, 0x2a, 0x2a, 0x2a, 0x2a, 0x2a, 0x2f, 0x2f, 0x2f, 0x2f, 0x2f
    db 0x2f, 0x2f, 0x2f, 0x2f, 0x2f, 0x2f, 0x2f, 0x2f, 0x2f, 0x2f, 0x2f, 0x2f, 0x2f, 0x2f, 0x2f, 0x2f
    db 0x2f, 0x2f, 0x2f, 0x2f, 0x2f, 0x2f, 0x2f, 0x2f, 0x2f, 0x2f, 0x2f, 0x2f, 0x2f, 0x2f, 0x2f, 0x2f
    db 0x2f, 0x2f, 0x2f, 0x2f, 0x2f, 0x2f, 0x2f, 0x2f, 0x2f, 0x2f, 0x2f, 0x2f, 0x2f, 0x2f, 0x2f, 0x2f
    db 0x2f, 0x2f, 0x2f, 0x2f, 0x2f, 0x2f, 0x2f, 0x2f, 0x2f, 0x2f, 0x2f, 0x2f, 0x2a, 0x2f, 0x2f, 0x2f
    db 0x2f, 0x2f, 0x2f, 0x2f, 0x2f, 0x2f, 0x2f, 0x2f, 0x2f, 0x28, 0x39, 0x93, 0x34, 0x34, 0x69, 0x34
    db 0x34, 0x84, 0x84, 0x6f, 0x0c, 0x6c, 0x34, 0x53, 0x84, 0x93, 0x69, 0x34, 0x6a, 0x07, 0x00, 0x03
    db 0x01, 0x01, 0x01, 0x01, 0x01, 0x01, 0x01, 0x01, 0x01, 0x01, 0x04, 0x84, 0x34, 0x34, 0x69, 0x93
    db 0x93, 0x84, 0x34, 0x34, 0x84, 0x07, 0x00, 0x01, 0x00, 0x4c, 0x3e, 0x15, 0x15, 0x26, 0x69, 0x53
    db 0x69, 0x53, 0x34, 0x15, 0x53, 0x74, 0x26, 0xbe, 0xd0, 0xc2, 0x88, 0x72, 0x81, 0x71, 0x75, 0x75
    db 0x75, 0x79, 0x79, 0x79, 0x79, 0x77, 0x77, 0x97, 0xd0, 0xd2, 0xd4, 0x6c, 0x3f, 0x0d, 0x1e, 0x2f
    db 0x2f, 0x2f, 0x2f, 0x2f, 0x2f, 0x2f, 0x2f, 0x2f, 0x2f, 0x2f, 0x2f, 0x2f, 0x2f, 0x30, 0x30, 0x29
    db 0x0d, 0x3a, 0x97, 0xf6, 0xfa, 0xf4, 0xf2, 0xfb, 0xf0, 0xe9, 0xf2, 0xf2, 0xef, 0xef, 0xf2, 0xf3
    db 0xf4, 0xf5, 0xf4, 0xf6, 0xff, 0xfa, 0xf6, 0xf5, 0xf5, 0xf3, 0xf3, 0xf6, 0xff, 0xfa, 0xfa, 0xfa
    db 0xfa, 0xf7, 0xfa, 0xfa, 0xff, 0xff, 0xfa, 0xfa, 0xfa, 0xfa, 0xfa, 0xfa, 0xfa, 0xfa, 0xff, 0xfa
    db 0xf6, 0xe8, 0x3b, 0x0d, 0x2a, 0x2f, 0x2f, 0x2f, 0x2f, 0x2f, 0x2f, 0x2f, 0x2f, 0x2f, 0x2f, 0x2f
    db 0x2f, 0x2f, 0x2f, 0x2f, 0x2f, 0x2f, 0x2f, 0x2f, 0x2f, 0x2f, 0x2f, 0x2f, 0x2f, 0x2f, 0x2f, 0x2f
    db 0x2f, 0x2f, 0x2f, 0x2f, 0x2f, 0x2f, 0x2f, 0x2a, 0x2f, 0x2a, 0x2a, 0x2a, 0x2a, 0x2a, 0x2f, 0x2f
    db 0x2f, 0x2f, 0x2f, 0x2f, 0x2f, 0x2f, 0x2f, 0x2f, 0x2f, 0x2f, 0x2f, 0x2f, 0x2f, 0x2f, 0x2f, 0x2f
    db 0x2f, 0x2a, 0x2a, 0x2a, 0x2a, 0x2a, 0x2a, 0x2f, 0x2f, 0x2f, 0x2f, 0x2f, 0x2f, 0x2f, 0x2f, 0x2f
    db 0x2f, 0x2f, 0x2f, 0x2f, 0x2f, 0x2f, 0x2f, 0x2f, 0x2f, 0x2f, 0x2f, 0x2f, 0x2f, 0x2f, 0x2f, 0x2f
    db 0x2f, 0x2f, 0x2f, 0x2f, 0x2f, 0x2f, 0x2f, 0x2f, 0x2f, 0x2f, 0x2f, 0x2f, 0x2f, 0x2f, 0x2f, 0x2f
    db 0x2f, 0x2f, 0x2f, 0x2f, 0x2f, 0x2f, 0x2f, 0x2f, 0x2f, 0x2f, 0x2f, 0x2f, 0x2f, 0x2f, 0x2f, 0x2f
    db 0x2f, 0x2f, 0x2f, 0x2f, 0x2f, 0x2f, 0x2f, 0x2f, 0x2a, 0x2f, 0x2f, 0x2f, 0x2f, 0x2f, 0x2f, 0x2f
    db 0x2f, 0x2f, 0x2f, 0x2f, 0x2f, 0x27, 0x6c, 0x62, 0x53, 0x84, 0xbd, 0x34, 0x3e, 0x4c, 0x07, 0x96
    db 0x2d, 0x54, 0x69, 0x34, 0x34, 0x34, 0x34, 0x53, 0x84, 0x03, 0x00, 0x03, 0x01, 0x01, 0x01, 0x01
    db 0x01, 0x01, 0x02, 0x01, 0x01, 0x01, 0x00, 0x69, 0x69, 0x34, 0x53, 0x69, 0x69, 0x53, 0x34, 0x69
    db 0x6c, 0x00, 0x00, 0x03, 0x00, 0x63, 0x34, 0x15, 0x26, 0x66, 0x3e, 0x15, 0x6c, 0x69, 0x26, 0x15
    db 0x69, 0x93, 0x3e, 0xda, 0xc9, 0xc1, 0x83, 0x82, 0x83, 0x72, 0x75, 0x75, 0x75, 0x75, 0x75, 0x75
    db 0x75, 0x82, 0x73, 0x98, 0xd0, 0xd2, 0xbe, 0x27, 0x0d, 0x38, 0x37, 0x2f, 0x2f, 0x2f, 0x2f, 0x2f
    db 0x2f, 0x2f, 0x2f, 0x2f, 0x2f, 0x2f, 0x2f, 0x2f, 0x2a, 0x30, 0x1f, 0x3f, 0x68, 0xdb, 0xec, 0xf8
    db 0xf6, 0xef, 0xf5, 0xef, 0xe9, 0xef, 0xee, 0xe9, 0xe8, 0xe9, 0xef, 0xf2, 0xef, 0xf2, 0xf5, 0xf5
    db 0xf2, 0xf2, 0xf2, 0xf3, 0xf6, 0xf8, 0xfa, 0xfb, 0xf6, 0xfb, 0xff, 0xff, 0xf6, 0xf6, 0xfa, 0xfa
    db 0xfa, 0xfa, 0xfa, 0xfa, 0xfa, 0xfa, 0xfa, 0xfa, 0xfa, 0xfa, 0xfa, 0xfa, 0xf3, 0xee, 0xea, 0x40
    db 0x0d, 0x2f, 0x2f, 0x2f, 0x2f, 0x2f, 0x2f, 0x2f, 0x2f, 0x2f, 0x2f, 0x2f, 0x2f, 0x2f, 0x2f, 0x2f
    db 0x2f, 0x2f, 0x2f, 0x2f, 0x2f, 0x2f, 0x2f, 0x2f, 0x2f, 0x2f, 0x2f, 0x2f, 0x2f, 0x2f, 0x2f, 0x2f
    db 0x2f, 0x2f, 0x2f, 0x2f, 0x2f, 0x2a, 0x2a, 0x2a, 0x2a, 0x2a, 0x2f, 0x2f, 0x2f, 0x2f, 0x2f, 0x2f
    db 0x2f, 0x2f, 0x2f, 0x2f, 0x2f, 0x2f, 0x2f, 0x2f, 0x2f, 0x2f, 0x2f, 0x2f, 0x2f, 0x2f, 0x2a, 0x2a
    db 0x2a, 0x2a, 0x2a, 0x2a, 0x2f, 0x2f, 0x2f, 0x2f, 0x2f, 0x2f, 0x2f, 0x2f, 0x2f, 0x2f, 0x2f, 0x2f
    db 0x2f, 0x2f, 0x2f, 0x2f, 0x2f, 0x2f, 0x2f, 0x2f, 0x2f, 0x2f, 0x2f, 0x2f, 0x2f, 0x2f, 0x2f, 0x2f
    db 0x2f, 0x2f, 0x2f, 0x2f, 0x2f, 0x2f, 0x2f, 0x2f, 0x2f, 0x2f, 0x2f, 0x2f, 0x2f, 0x2f, 0x2f, 0x2f
    db 0x2f, 0x2f, 0x2f, 0x2f, 0x2f, 0x2f, 0x2f, 0x2f, 0x2f, 0x2f, 0x2f, 0x2f, 0x2f, 0x2f, 0x2f, 0x2f
    db 0x2f, 0x2f, 0x2f, 0x2a, 0x2f, 0x2f, 0x2f, 0x2f, 0x2f, 0x2f, 0x2f, 0x2f, 0x2f, 0x2f, 0x2f, 0x2f
    db 0x1f, 0x54, 0xba, 0x6f, 0x6a, 0x3e, 0x88, 0x34, 0x53, 0x3e, 0x00, 0x07, 0x4c, 0x03, 0x6f, 0x69
    db 0x3e, 0x34, 0x53, 0x84, 0x2d, 0x00, 0x03, 0x01, 0x01, 0x01, 0x01, 0x01, 0x01, 0x01, 0x02, 0x01
    db 0x01, 0x02, 0x00, 0x04, 0x8e, 0x53, 0x26, 0x1b, 0x26, 0x26, 0x3e, 0x93, 0x07, 0x00, 0x01, 0x01
    db 0x07, 0x66, 0x15, 0x26, 0x66, 0x3e, 0x15, 0x15, 0x3e, 0x69, 0x15, 0x15, 0x84, 0xbd, 0x6a, 0xdc
    db 0xd0, 0xbe, 0x71, 0x87, 0x83, 0x75, 0x75, 0x75, 0x75, 0x75, 0x75, 0x75, 0x75, 0x75, 0x72, 0x92
    db 0xd3, 0xc9, 0xda, 0x40, 0x1f, 0x30, 0x2f, 0x2f, 0x2f, 0x2f, 0x2f, 0x2f, 0x2f, 0x2f, 0x2f, 0x2f
    db 0x2f, 0x37, 0x2f, 0x28, 0x3c, 0x62, 0x40, 0xe4, 0xf4, 0xee, 0xe9, 0xf4, 0xf2, 0xf2, 0xf4, 0xe8
    db 0xef, 0xee, 0xf2, 0xee, 0xf3, 0xf4, 0xf3, 0xf3, 0xf5, 0xff, 0xf5, 0xf2, 0xf3, 0xf7, 0xff, 0xf4
    db 0xf3, 0xf3, 0xf5, 0xf8, 0xf3, 0xef, 0xef, 0xf4, 0xf4, 0xef, 0xf5, 0xfa, 0xfa, 0xfa, 0xfa, 0xff
    db 0xff, 0xff, 0xff, 0xfa, 0xfa, 0xff, 0xfa, 0xf7, 0xf7, 0xf2, 0xef, 0xee, 0x3c, 0x1e, 0x2f, 0x2f
    db 0x2f, 0x2f, 0x2f, 0x2f, 0x2f, 0x2f, 0x2f, 0x2f, 0x2f, 0x2f, 0x2f, 0x2f, 0x2f, 0x2f, 0x2f, 0x2f
    db 0x2f, 0x2f, 0x2f, 0x2f, 0x2f, 0x2f, 0x2f, 0x2f, 0x2f, 0x2f, 0x2f, 0x2f, 0x2f, 0x2f, 0x2f, 0x2f
    db 0x2f, 0x2f, 0x2f, 0x2a, 0x2a, 0x2f, 0x2f, 0x2a, 0x2f, 0x2f, 0x2f, 0x2f, 0x2f, 0x2f, 0x2f, 0x2f
    db 0x2f, 0x2f, 0x2f, 0x2f, 0x2f, 0x2f, 0x2f, 0x2f, 0x2f, 0x2f, 0x2f, 0x2f, 0x2f, 0x2a, 0x2a, 0x2f
    db 0x2f, 0x2f, 0x2f, 0x2f, 0x2f, 0x2f, 0x2f, 0x2f, 0x2f, 0x2f, 0x2f, 0x2f, 0x2f, 0x2f, 0x2f, 0x2f
    db 0x2f, 0x2f, 0x2f, 0x2f, 0x2f, 0x2f, 0x2f, 0x2f, 0x2f, 0x2f, 0x2f, 0x2f, 0x2f, 0x2f, 0x2f, 0x2f
    db 0x2f, 0x2f, 0x2f, 0x2f, 0x2f, 0x2f, 0x2f, 0x2f, 0x2f, 0x2f, 0x2f, 0x2f, 0x2f, 0x2f, 0x2f, 0x2f
    db 0x2f, 0x2f, 0x2f, 0x2f, 0x2f, 0x2f, 0x2f, 0x2f, 0x2f, 0x2f, 0x2f, 0x2f, 0x2f, 0x2f, 0x2f, 0x2f
    db 0x2f, 0x2f, 0x2f, 0x2f, 0x2f, 0x2f, 0x2f, 0x2f, 0x2f, 0x2f, 0x2f, 0x2f, 0x2f, 0x3c, 0x3c, 0x39
    db 0x1f, 0x17, 0x84, 0x34, 0x69, 0x2d, 0x00, 0x00, 0x00, 0x01, 0x04, 0x35, 0x63, 0x63, 0x54, 0x07
    db 0x00, 0x01, 0x01, 0x01, 0x01, 0x01, 0x01, 0x01, 0x01, 0x01, 0x02, 0x01, 0x01, 0x02, 0x02, 0x00
    db 0x07, 0x84, 0x6c, 0x53, 0x53, 0x66, 0x84, 0x07, 0x00, 0x02, 0x02, 0x01, 0x4c, 0x3e, 0x26, 0x69
    db 0x3e, 0x15, 0x15, 0x15, 0x1b, 0x34, 0x26, 0x15, 0xbd, 0xd2, 0xbe, 0xda, 0xd3, 0x94, 0x6f, 0x8b
    db 0x82, 0x75, 0x75, 0x75, 0x75, 0x72, 0x72, 0x75, 0x75, 0x81, 0x75, 0x8f, 0xd5, 0xc8, 0xdc, 0x63
    db 0x0d, 0x30, 0x2f, 0x2f, 0x2f, 0x2f, 0x2f, 0x2f, 0x2f, 0x2f, 0x2f, 0x2f, 0x2f, 0x37, 0x37, 0x1e
    db 0x6c, 0x54, 0xea, 0xfb, 0xf6, 0xe8, 0xed, 0xf4, 0xef, 0xf5, 0xf4, 0xef, 0xf0, 0xf6, 0xf2, 0xf6
    db 0xfe, 0xf4, 0xf5, 0xff, 0xff, 0xfa, 0xf6, 0xf5, 0xf3, 0xf2, 0xf2, 0xf2, 0xef, 0xe9, 0xec, 0xf3
    db 0xf3, 0xf5, 0xf2, 0xee, 0xef, 0xef, 0xee, 0xf6, 0xfa, 0xf5, 0xf7, 0xff, 0xff, 0xff, 0xff, 0xff
    db 0xfa, 0xf2, 0xf5, 0xfa, 0xf8, 0xfb, 0xf4, 0xff, 0xda, 0x0d, 0x2a, 0x2f, 0x2f, 0x2f, 0x2f, 0x2f
    db 0x2f, 0x2f, 0x2f, 0x2f, 0x2f, 0x2f, 0x2f, 0x2f, 0x2f, 0x2f, 0x2f, 0x2f, 0x2f, 0x2f, 0x2f, 0x2f
    db 0x2f, 0x2f, 0x2f, 0x2f, 0x2f, 0x2f, 0x2f, 0x2f, 0x2f, 0x2f, 0x2f, 0x2f, 0x2f, 0x2f, 0x2f, 0x2a
    db 0x2f, 0x2f, 0x2f, 0x2a, 0x2f, 0x2f, 0x2f, 0x2f, 0x2f, 0x2f, 0x2f, 0x2f, 0x2f, 0x2f, 0x2f, 0x2f
    db 0x2f, 0x2f, 0x2f, 0x2f, 0x2f, 0x2f, 0x2f, 0x2f, 0x2f, 0x2f, 0x2f, 0x2f, 0x2f, 0x2f, 0x2f, 0x37
    db 0x37, 0x2f, 0x2f, 0x2f, 0x37, 0x37, 0x2f, 0x2f, 0x2f, 0x2f, 0x2f, 0x2f, 0x2f, 0x2f, 0x2f, 0x2f
    db 0x2f, 0x2f, 0x37, 0x37, 0x37, 0x37, 0x37, 0x2f, 0x2f, 0x2f, 0x2f, 0x2f, 0x2f, 0x2f, 0x2f, 0x2f
    db 0x2c, 0x2c, 0x2f, 0x2f, 0x2f, 0x2f, 0x2f, 0x37, 0x37, 0x37, 0x2f, 0x2f, 0x2f, 0x2f, 0x2f, 0x2f
    db 0x2f, 0x2f, 0x2f, 0x2f, 0x2f, 0x2a, 0x2f, 0x2f, 0x2f, 0x2f, 0x2f, 0x2f, 0x2f, 0x2f, 0x2f, 0x2f
    db 0x2f, 0x2f, 0x2f, 0x37, 0x37, 0x37, 0x2f, 0x2f, 0x2f, 0x2a, 0x2a, 0x2e, 0x30, 0x0d, 0x6a, 0x53
    db 0x69, 0x07, 0x00, 0x04, 0x04, 0x02, 0x02, 0x00, 0x00, 0x00, 0x00, 0x00, 0x01, 0x01, 0x01, 0x01
    db 0x01, 0x01, 0x01, 0x01, 0x01, 0x01, 0x01, 0x01, 0x01, 0x04, 0x04, 0x02, 0x00, 0x03, 0x2d, 0x35
    db 0x4c, 0x2d, 0x03, 0x00, 0x01, 0x02, 0x02, 0x07, 0x69, 0x3e, 0x93, 0x66, 0x15, 0x1b, 0x1b, 0x1b
    db 0x1b, 0x15, 0x15, 0x34, 0xd4, 0xd4, 0xe4, 0xd0, 0xd3, 0x8e, 0x73, 0x8f, 0x72, 0x79, 0x79, 0x79
    db 0x79, 0x75, 0x75, 0x81, 0x81, 0x81, 0x72, 0x8f, 0xd5, 0xcc, 0xdc, 0x6e, 0x0d, 0x30, 0x2c, 0x2e
    db 0x2f, 0x30, 0x30, 0x30, 0x2f, 0x2f, 0x2f, 0x2f, 0x2f, 0x2a, 0x29, 0x3c, 0x6f, 0x8b, 0xff, 0xfe
    db 0xf4, 0xe1, 0xf1, 0xfa, 0xf5, 0xf6, 0xf2, 0xf4, 0xff, 0xf6, 0xf6, 0xff, 0xfa, 0xfa, 0xff, 0xff
    db 0xfd, 0xfd, 0xf6, 0xf3, 0xf3, 0xf4, 0xf3, 0xf2, 0xef, 0xf0, 0xf2, 0xf2, 0xf5, 0xf6, 0xfb, 0xf7
    db 0xf3, 0xef, 0xef, 0xf2, 0xfa, 0xf4, 0xef, 0xef, 0xf2, 0xf5, 0xf4, 0xf3, 0xf4, 0xee, 0xee, 0xf8
    db 0xff, 0xff, 0xff, 0xfa, 0xf7, 0x6e, 0x0d, 0x2b, 0x2f, 0x37, 0x2f, 0x37, 0x2f, 0x37, 0x37, 0x2f
    db 0x2f, 0x2f, 0x2f, 0x2f, 0x2f, 0x2f, 0x2f, 0x2f, 0x2f, 0x2f, 0x2f, 0x2f, 0x2f, 0x2f, 0x2f, 0x2f
    db 0x2f, 0x37, 0x37, 0x37, 0x2f, 0x2f, 0x2f, 0x2f, 0x2f, 0x2f, 0x2f, 0x2f, 0x2f, 0x2f, 0x2f, 0x2f
    db 0x2f, 0x2f, 0x2f, 0x2f, 0x2f, 0x2f, 0x2f, 0x2f, 0x2f, 0x2f, 0x2f, 0x2f, 0x2f, 0x2f, 0x2f, 0x2f
    db 0x2f, 0x2f, 0x2f, 0x2f, 0x2f, 0x2f, 0x2f, 0x2f, 0x2f, 0x2f, 0x2f, 0x37, 0x37, 0x2f, 0x2f, 0x2f
    db 0x2f, 0x2f, 0x2f, 0x2f, 0x2f, 0x2f, 0x2f, 0x2f, 0x2f, 0x2f, 0x2f, 0x2f, 0x2f, 0x2f, 0x2f, 0x2f
    db 0x2f, 0x2f, 0x2f, 0x2f, 0x2f, 0x2f, 0x2f, 0x2f, 0x2f, 0x2f, 0x2f, 0x2f, 0x2f, 0x2f, 0x2f, 0x1e
    db 0x27, 0x29, 0x2f, 0x2f, 0x2f, 0x2f, 0x2f, 0x2f, 0x2f, 0x2f, 0x2f, 0x2f, 0x2f, 0x2f, 0x2f, 0x2f
    db 0x2f, 0x2a, 0x2f, 0x2f, 0x2f, 0x2f, 0x2f, 0x2f, 0x2f, 0x2f, 0x2f, 0x2f, 0x2f, 0x2f, 0x2f, 0x2f
    db 0x2f, 0x2f, 0x2f, 0x2f, 0x2f, 0x2f, 0x2f, 0x2e, 0x31, 0x17, 0x62, 0x66, 0x69, 0x35, 0x01, 0x04
    db 0x04, 0x04, 0x04, 0x01, 0x01, 0x01, 0x01, 0x01, 0x01, 0x01, 0x01, 0x01, 0x01, 0x01, 0x01, 0x01
    db 0x01, 0x01, 0x01, 0x01, 0x01, 0x01, 0x04, 0x04, 0x01, 0x03, 0x00, 0x00, 0x00, 0x00, 0x01, 0x01
    db 0x01, 0x01, 0x00, 0x52, 0x70, 0x52, 0x84, 0x53, 0x15, 0x26, 0x1c, 0x1b, 0x15, 0x15, 0x15, 0x39
    db 0xda, 0xd4, 0xda, 0xd0, 0xc2, 0x82, 0x8b, 0x8e, 0x71, 0x79, 0x79, 0x79, 0x79, 0x75, 0x75, 0x75
    db 0x75, 0x72, 0x71, 0x8f, 0xd5, 0xcc, 0xda, 0x8a, 0x0d, 0x1f, 0x2b, 0x30, 0x30, 0x2f, 0x2f, 0x2f
    db 0x2f, 0x2f, 0x2f, 0x2f, 0x2a, 0x3a, 0x1e, 0x63, 0x95, 0xee, 0xf2, 0xff, 0xf4, 0xe9, 0xf4, 0xfe
    db 0xfe, 0xf7, 0xf6, 0xfa, 0xfa, 0xfa, 0xfa, 0xfa, 0xff, 0xff, 0xff, 0xfc, 0xfc, 0xfc, 0xfa, 0xff
    db 0xff, 0xff, 0xff, 0xff, 0xff, 0xf6, 0xfe, 0xf5, 0xf7, 0xff, 0xff, 0xff, 0xff, 0xf6, 0xf3, 0xf5
    db 0xf7, 0xff, 0xf6, 0xf2, 0xef, 0xf3, 0xf6, 0xee, 0xef, 0xf2, 0xf0, 0xf2, 0xff, 0xff, 0xfa, 0xfa
    db 0xff, 0xef, 0x3a, 0x1e, 0x2e, 0x2f, 0x2f, 0x37, 0x2f, 0x2f, 0x37, 0x2f, 0x2f, 0x2f, 0x2f, 0x2f
    db 0x2f, 0x2f, 0x2a, 0x2a, 0x2f, 0x2f, 0x2f, 0x2f, 0x2f, 0x2f, 0x2f, 0x2f, 0x2f, 0x2f, 0x2f, 0x2f
    db 0x2f, 0x2f, 0x2f, 0x2f, 0x2f, 0x2f, 0x2f, 0x2f, 0x2f, 0x2f, 0x2f, 0x2f, 0x2f, 0x2f, 0x2f, 0x2f
    db 0x2f, 0x2f, 0x2f, 0x2f, 0x2f, 0x2f, 0x2f, 0x2f, 0x2f, 0x2f, 0x2f, 0x2f, 0x2f, 0x2f, 0x2f, 0x2f
    db 0x2f, 0x2f, 0x2f, 0x2f, 0x2f, 0x2f, 0x2f, 0x2f, 0x2f, 0x2f, 0x2f, 0x2f, 0x2f, 0x2f, 0x2f, 0x2f
    db 0x2f, 0x2f, 0x2f, 0x2f, 0x2f, 0x2f, 0x2f, 0x2f, 0x2f, 0x2f, 0x2f, 0x2f, 0x2f, 0x2f, 0x2f, 0x2f
    db 0x2f, 0x2f, 0x2f, 0x2f, 0x2f, 0x2f, 0x2f, 0x2f, 0x2e, 0x2e, 0x27, 0x62, 0x71, 0x40, 0x1e, 0x2f
    db 0x37, 0x37, 0x2f, 0x2f, 0x2f, 0x2f, 0x2f, 0x2f, 0x2f, 0x2f, 0x2f, 0x2f, 0x2f, 0x2f, 0x2f, 0x2f
    db 0x2f, 0x2f, 0x2f, 0x2f, 0x2f, 0x2f, 0x2f, 0x2f, 0x37, 0x2f, 0x2f, 0x2f, 0x2f, 0x2f, 0x2f, 0x2f
    db 0x2f, 0x2f, 0x2b, 0x2e, 0x2c, 0x1f, 0x40, 0x69, 0x53, 0x6b, 0x00, 0x04, 0x04, 0x01, 0x01, 0x01
    db 0x01, 0x01, 0x01, 0x01, 0x01, 0x01, 0x01, 0x01, 0x01, 0x01, 0x01, 0x01, 0x01, 0x01, 0x01, 0x01
    db 0x01, 0x01, 0x01, 0x01, 0x04, 0x04, 0x02, 0x02, 0x02, 0x01, 0x01, 0x01, 0x01, 0x01, 0x04, 0x35
    db 0x2d, 0x07, 0x85, 0x3e, 0x1b, 0x26, 0x1c, 0x1b, 0x1b, 0x15, 0x15, 0x53, 0xdd, 0xd2, 0xd2, 0xd3
    db 0x94, 0x73, 0x97, 0x82, 0x73, 0x79, 0x79, 0x79, 0x79, 0x81, 0x75, 0x75, 0x75, 0x76, 0x76, 0x92
    db 0xd5, 0xcd, 0xd2, 0xd2, 0x6e, 0x54, 0x3c, 0x1f, 0x1f, 0x2f, 0x2e, 0x2e, 0x2f, 0x37, 0x37, 0x37
    db 0x29, 0x62, 0x3c, 0x6f, 0xf7, 0xf2, 0xf0, 0xff, 0xf5, 0xee, 0xfb, 0xfc, 0xfe, 0xff, 0xfa, 0xfa
    db 0xfa, 0xff, 0xff, 0xff, 0xff, 0xff, 0xff, 0xf9, 0xf9, 0xfe, 0xff, 0xff, 0xff, 0xff, 0xfd, 0xfa
    db 0xff, 0xff, 0xf7, 0xf9, 0xfe, 0xff, 0xff, 0xff, 0xff, 0xff, 0xff, 0xff, 0xfa, 0xff, 0xfd, 0xff
    db 0xf8, 0xff, 0xfd, 0xf7, 0xf2, 0xf3, 0xff, 0xf3, 0xf6, 0xfa, 0xfa, 0xff, 0xfa, 0xff, 0x8f, 0x0d
    db 0x2f, 0x2f, 0x2f, 0x2f, 0x2f, 0x2f, 0x2f, 0x2a, 0x2a, 0x2a, 0x2a, 0x2f, 0x2f, 0x2f, 0x2a, 0x2a
    db 0x2a, 0x2a, 0x2a, 0x2f, 0x2f, 0x2f, 0x2f, 0x2f, 0x2f, 0x2f, 0x2f, 0x2f, 0x2f, 0x2f, 0x2f, 0x2f
    db 0x2f, 0x2f, 0x2f, 0x2f, 0x2f, 0x2f, 0x2f, 0x2f, 0x2f, 0x2f, 0x2f, 0x2f, 0x2f, 0x2f, 0x2f, 0x2f
    db 0x2f, 0x2f, 0x2f, 0x2f, 0x2f, 0x2f, 0x2f, 0x2f, 0x2f, 0x2f, 0x2f, 0x2f, 0x2f, 0x2f, 0x2f, 0x2f
    db 0x2f, 0x2f, 0x2f, 0x2f, 0x2f, 0x2f, 0x2f, 0x2f, 0x2f, 0x2f, 0x2f, 0x2f, 0x2f, 0x2f, 0x2f, 0x2f
    db 0x2f, 0x2f, 0x2f, 0x2f, 0x2f, 0x2f, 0x2f, 0x2f, 0x2f, 0x2f, 0x2f, 0x2f, 0x2f, 0x2f, 0x2f, 0x2f
    db 0x2f, 0x2f, 0x2f, 0x2f, 0x36, 0x16, 0x68, 0x8a, 0x71, 0x88, 0x0d, 0x2f, 0x37, 0x37, 0x37, 0x37
    db 0x2f, 0x2f, 0x2f, 0x2f, 0x2f, 0x2f, 0x2a, 0x2f, 0x2f, 0x2f, 0x2f, 0x2f, 0x2f, 0x2f, 0x2f, 0x2f
    db 0x2f, 0x2f, 0x2f, 0x2f, 0x37, 0x2f, 0x2f, 0x2f, 0x2f, 0x2f, 0x2f, 0x2f, 0x2f, 0x2f, 0x2b, 0x2e
    db 0x2e, 0x2b, 0x3c, 0x84, 0x34, 0x93, 0x2d, 0x00, 0x01, 0x01, 0x01, 0x01, 0x01, 0x01, 0x01, 0x01
    db 0x01, 0x01, 0x01, 0x01, 0x01, 0x01, 0x01, 0x04, 0x01, 0x01, 0x01, 0x01, 0x01, 0x01, 0x01, 0x01
    db 0x04, 0x04, 0x01, 0x01, 0x01, 0x01, 0x01, 0x01, 0x01, 0x01, 0x03, 0x01, 0x01, 0x3d, 0x85, 0x34
    db 0x1b, 0x26, 0x26, 0x1b, 0x1b, 0x1b, 0x15, 0x6f, 0xdc, 0xc1, 0xc9, 0xd0, 0x87, 0x8f, 0x97, 0x71
    db 0x79, 0x79, 0x79, 0x79, 0x79, 0x81, 0x75, 0x75, 0x81, 0x81, 0x76, 0x92, 0xd5, 0xcd, 0xcb, 0xe4
    db 0x92, 0x6c, 0x87, 0x83, 0x54, 0x1e, 0x2b, 0x2b, 0x2f, 0x37, 0x37, 0x37, 0x1e, 0x6c, 0x63, 0x83
    db 0xf5, 0xf3, 0xf0, 0xfd, 0xf7, 0xef, 0xf6, 0xfc, 0xfc, 0xff, 0xfa, 0xfa, 0xfa, 0xff, 0xff, 0xff
    db 0xff, 0xff, 0xff, 0xff, 0xf5, 0xf3, 0xf0, 0xe3, 0xd7, 0xc6, 0xa1, 0x80, 0x80, 0xe3, 0xfd, 0xff
    db 0xfe, 0xfb, 0xff, 0xff, 0xff, 0xff, 0xff, 0xff, 0xff, 0xff, 0xfa, 0xfa, 0xfa, 0xfa, 0xf9, 0xf9
    db 0xff, 0xf7, 0xf7, 0xfe, 0xf9, 0xfa, 0xfa, 0xff, 0xff, 0xf6, 0xbf, 0x3f, 0x1e, 0x37, 0x37, 0x37
    db 0x2f, 0x2f, 0x2a, 0x2a, 0x2a, 0x2a, 0x2a, 0x2a, 0x2a, 0x2a, 0x2a, 0x2a, 0x2a, 0x2a, 0x2a, 0x2a
    db 0x2f, 0x2f, 0x2f, 0x2f, 0x2f, 0x2f, 0x2f, 0x2f, 0x2f, 0x2f, 0x2f, 0x2f, 0x2f, 0x2f, 0x2f, 0x2f
    db 0x2f, 0x2f, 0x2f, 0x2f, 0x2f, 0x2f, 0x2f, 0x2f, 0x2f, 0x2f, 0x2f, 0x2f, 0x2f, 0x2f, 0x2f, 0x2f
    db 0x2f, 0x2f, 0x2f, 0x2f, 0x2f, 0x2f, 0x2f, 0x2f, 0x2f, 0x2f, 0x2f, 0x2f, 0x2f, 0x2f, 0x2f, 0x2f
    db 0x2f, 0x2f, 0x2f, 0x2f, 0x2f, 0x2f, 0x2f, 0x2f, 0x2f, 0x2f, 0x2f, 0x2f, 0x2f, 0x2f, 0x2f, 0x2f
    db 0x2f, 0x2f, 0x2f, 0x2f, 0x2f, 0x2f, 0x2f, 0x2f, 0x2f, 0x2f, 0x2f, 0x2f, 0x2f, 0x2f, 0x2f, 0x2f
    db 0x1e, 0x40, 0x8f, 0x50, 0x87, 0x8a, 0x0d, 0x2b, 0x30, 0x2f, 0x2f, 0x2f, 0x2f, 0x2f, 0x2f, 0x2f
    db 0x2f, 0x2f, 0x2f, 0x2f, 0x2f, 0x2f, 0x2f, 0x2f, 0x2f, 0x2f, 0x2f, 0x2f, 0x2f, 0x2f, 0x2f, 0x2f
    db 0x2f, 0x2f, 0x2f, 0x2f, 0x2f, 0x2f, 0x2f, 0x2f, 0x2f, 0x2f, 0x2f, 0x2f, 0x2f, 0x2b, 0x30, 0x88
    db 0x34, 0x3e, 0x92, 0x07, 0x00, 0x03, 0x01, 0x01, 0x01, 0x01, 0x01, 0x01, 0x01, 0x01, 0x01, 0x01
    db 0x01, 0x01, 0x01, 0x01, 0x01, 0x01, 0x01, 0x01, 0x01, 0x01, 0x01, 0x01, 0x01, 0x01, 0x01, 0x01
    db 0x01, 0x01, 0x01, 0x01, 0x01, 0x01, 0x01, 0x00, 0x07, 0x3d, 0x7e, 0x34, 0x26, 0x1c, 0x1c, 0x26
    db 0x26, 0x1b, 0x34, 0xbe, 0xd4, 0xc8, 0xca, 0x92, 0x81, 0xc2, 0x88, 0x73, 0x79, 0x79, 0x78, 0x78
    db 0x78, 0x79, 0x79, 0x79, 0x81, 0x7b, 0x73, 0x95, 0xd1, 0xcf, 0xcb, 0xe4, 0x94, 0x3c, 0x0d, 0x6a
    db 0x84, 0x0d, 0x2b, 0x2b, 0x2e, 0x37, 0x37, 0x3a, 0x1e, 0x83, 0xdb, 0x97, 0xf2, 0xef, 0xee, 0xf6
    db 0xf6, 0xf3, 0xf6, 0xfb, 0xff, 0xfe, 0xfe, 0xfe, 0xfe, 0xfc, 0xfc, 0xff, 0xff, 0xf5, 0xf3, 0xe3
    db 0x80, 0x7c, 0x55, 0x51, 0x51, 0x55, 0x56, 0x7c, 0x7c, 0x7c, 0xd7, 0xf3, 0xfc, 0xf8, 0xf3, 0xed
    db 0xf3, 0xfb, 0xfc, 0xfa, 0xff, 0xff, 0xfa, 0xff, 0xfa, 0xfa, 0xfa, 0xfa, 0xff, 0xff, 0xfa, 0xfe
    db 0xfa, 0xfa, 0xfa, 0xff, 0xff, 0xff, 0xbc, 0x1e, 0x2a, 0x37, 0x2f, 0x2f, 0x2f, 0x2f, 0x2f, 0x2a
    db 0x2a, 0x2a, 0x2a, 0x2a, 0x2a, 0x2a, 0x2a, 0x2a, 0x2a, 0x2a, 0x2a, 0x2a, 0x2a, 0x2a, 0x2a, 0x2f
    db 0x2f, 0x2f, 0x2f, 0x2f, 0x2f, 0x2f, 0x2f, 0x2f, 0x2f, 0x2f, 0x2f, 0x2f, 0x2f, 0x2f, 0x2f, 0x2f
    db 0x2f, 0x2f, 0x2f, 0x2f, 0x2f, 0x2f, 0x2f, 0x2f, 0x2f, 0x2f, 0x2f, 0x2f, 0x2f, 0x2f, 0x2f, 0x2f
    db 0x2f, 0x2f, 0x2f, 0x2f, 0x2f, 0x2f, 0x2f, 0x2f, 0x2f, 0x2f, 0x2f, 0x2f, 0x2f, 0x2f, 0x2f, 0x2f
    db 0x2f, 0x2f, 0x2f, 0x2f, 0x2f, 0x2f, 0x2f, 0x2f, 0x2f, 0x2f, 0x2f, 0x2f, 0x2f, 0x2f, 0x2f, 0x2f
    db 0x2f, 0x2f, 0x2f, 0x2f, 0x2f, 0x2f, 0x2f, 0x2f, 0x2f, 0x2f, 0x2f, 0x2a, 0x3a, 0x95, 0x68, 0x6c
    db 0x97, 0x6c, 0x0d, 0x2b, 0x2b, 0x2f, 0x2f, 0x2f, 0x2f, 0x2f, 0x2f, 0x2f, 0x2f, 0x2f, 0x2f, 0x2f
    db 0x2f, 0x2f, 0x2f, 0x2f, 0x2f, 0x2f, 0x2f, 0x2f, 0x2f, 0x2f, 0x2f, 0x2f, 0x2f, 0x2f, 0x2f, 0x2f
    db 0x2f, 0x2f, 0x2f, 0x2f, 0x2f, 0x2f, 0x2f, 0x2f, 0x2f, 0x38, 0x17, 0x84, 0x3e, 0x15, 0x3e, 0x8e
    db 0x35, 0x00, 0x00, 0x01, 0x01, 0x02, 0x02, 0x01, 0x01, 0x01, 0x01, 0x01, 0x01, 0x01, 0x01, 0x01
    db 0x04, 0x04, 0x04, 0x01, 0x01, 0x01, 0x01, 0x01, 0x01, 0x01, 0x01, 0x01, 0x01, 0x01, 0x02, 0x02
    db 0x02, 0x01, 0x00, 0x04, 0x33, 0x3e, 0x70, 0x15, 0x1c, 0x1c, 0x26, 0x26, 0x26, 0x15, 0x53, 0xe6
    db 0xcb, 0xca, 0xc8, 0x7a, 0x99, 0x94, 0x73, 0x7b, 0x79, 0x79, 0x81, 0x7b, 0x77, 0x79, 0x79, 0x79
    db 0x79, 0x7b, 0x73, 0x97, 0xd1, 0xcf, 0xcf, 0xd5, 0xd3, 0x62, 0x0d, 0x74, 0x66, 0x0d, 0x30, 0x30
    db 0x2f, 0x37, 0x37, 0x3a, 0x29, 0x68, 0xf5, 0xf4, 0xf5, 0xf2, 0xf2, 0xf2, 0xf6, 0xf6, 0xf5, 0xfa
    db 0xfe, 0xfe, 0xfc, 0xfc, 0xff, 0xff, 0xff, 0xf3, 0xeb, 0x80, 0x55, 0x3d, 0x32, 0x25, 0x0a, 0x0a
    db 0x0a, 0x0a, 0x25, 0x32, 0x51, 0x51, 0x56, 0xc6, 0xf4, 0xf3, 0xed, 0x7f, 0xd7, 0xee, 0xf5, 0xf9
    db 0xf9, 0xfd, 0xfd, 0xfb, 0xfa, 0xfa, 0xfa, 0xfa, 0xff, 0xfa, 0xfa, 0xff, 0xfa, 0xfa, 0xfa, 0xff
    db 0xff, 0xff, 0xf3, 0x40, 0x1e, 0x37, 0x2f, 0x2f, 0x2f, 0x2f, 0x2f, 0x2f, 0x2a, 0x2a, 0x2a, 0x2a
    db 0x2a, 0x2a, 0x2a, 0x2a, 0x2a, 0x2a, 0x2a, 0x2a, 0x2a, 0x2f, 0x2f, 0x2f, 0x2f, 0x2f, 0x2f, 0x2f
    db 0x2f, 0x2f, 0x2f, 0x2f, 0x2f, 0x2f, 0x2f, 0x2f, 0x2f, 0x2f, 0x2f, 0x2f, 0x2f, 0x2f, 0x2f, 0x2f
    db 0x2f, 0x2f, 0x2f, 0x2f, 0x2f, 0x2f, 0x2f, 0x2f, 0x2f, 0x2f, 0x2f, 0x2f, 0x2f, 0x2f, 0x2f, 0x2f
    db 0x2f, 0x2f, 0x2f, 0x2f, 0x2f, 0x2f, 0x2f, 0x2f, 0x2f, 0x2f, 0x2f, 0x2f, 0x2f, 0x2f, 0x2f, 0x2f
    db 0x2f, 0x2f, 0x2f, 0x2f, 0x2f, 0x2f, 0x2f, 0x2f, 0x2f, 0x2f, 0x2f, 0x2f, 0x2f, 0x2f, 0x2f, 0x2f
    db 0x2f, 0x2f, 0x2f, 0x2f, 0x2a, 0x37, 0x2f, 0x16, 0x6f, 0x8e, 0x68, 0x88, 0xbe, 0x40, 0x27, 0x2b
    db 0x2b, 0x2a, 0x2f, 0x2f, 0x2f, 0x2f, 0x2f, 0x2f, 0x2f, 0x2f, 0x2f, 0x2f, 0x2f, 0x2f, 0x2f, 0x2f
    db 0x2f, 0x2f, 0x2f, 0x2f, 0x2f, 0x2f, 0x2f, 0x2f, 0x2f, 0x2f, 0x2f, 0x2f, 0x2f, 0x2f, 0x2f, 0x2f
    db 0x2f, 0x2f, 0x2f, 0x2f, 0x2f, 0x30, 0x0d, 0x68, 0x53, 0x15, 0x15, 0x34, 0x84, 0x6b, 0x07, 0x00
    db 0x01, 0x02, 0x02, 0x01, 0x01, 0x01, 0x01, 0x01, 0x01, 0x01, 0x01, 0x01, 0x01, 0x01, 0x01, 0x01
    db 0x01, 0x01, 0x01, 0x01, 0x01, 0x01, 0x01, 0x01, 0x01, 0x01, 0x02, 0x01, 0x01, 0x04, 0x07, 0x33
    db 0x3d, 0x70, 0x6c, 0x15, 0x15, 0x34, 0x26, 0x1c, 0x1c, 0x15, 0x93, 0xe5, 0xcc, 0xca, 0x89, 0x92
    db 0x97, 0x77, 0x77, 0x82, 0x82, 0x82, 0x73, 0x76, 0x76, 0x82, 0x82, 0x82, 0x82, 0x77, 0x87, 0xc1
    db 0xcd, 0xcd, 0xc9, 0xd2, 0xdc, 0x68, 0x0d, 0x8e, 0x50, 0x27, 0x38, 0x38, 0x2f, 0x2f, 0x2f, 0x37
    db 0x3a, 0x3a, 0xea, 0xff, 0xfa, 0xfa, 0xf5, 0xf3, 0xf5, 0xf7, 0xfb, 0xf7, 0xf9, 0xff, 0xff, 0xff
    db 0xf3, 0xf0, 0xe3, 0x55, 0x33, 0x0e, 0x09, 0x0a, 0x0e, 0x0f, 0x0f, 0x11, 0x12, 0x12, 0x12, 0x10
    db 0x0a, 0x10, 0x25, 0x55, 0xe3, 0xea, 0xec, 0x3d, 0x55, 0xa1, 0xed, 0xf8, 0xfe, 0xf9, 0xfb, 0xfa
    db 0xfa, 0xfa, 0xfa, 0xfa, 0xfa, 0xfa, 0xfa, 0xfa, 0xfa, 0xfa, 0xfa, 0xfa, 0xfa, 0xfa, 0xff, 0x83
    db 0x0d, 0x37, 0x37, 0x2f, 0x2f, 0x2f, 0x2f, 0x2f, 0x2f, 0x2a, 0x2a, 0x2a, 0x2a, 0x2a, 0x2a, 0x2a
    db 0x2a, 0x2a, 0x2a, 0x2a, 0x2a, 0x2f, 0x2f, 0x2f, 0x2f, 0x2f, 0x2f, 0x2f, 0x2f, 0x2f, 0x2f, 0x2f
    db 0x2f, 0x2f, 0x2f, 0x2f, 0x2f, 0x2f, 0x2f, 0x2f, 0x2f, 0x2f, 0x2f, 0x37, 0x2f, 0x2f, 0x2f, 0x2f
    db 0x2f, 0x2f, 0x2f, 0x2f, 0x2f, 0x2f, 0x2f, 0x2f, 0x2f, 0x2f, 0x2f, 0x2f, 0x2f, 0x2f, 0x2f, 0x2f
    db 0x2f, 0x2f, 0x2f, 0x2f, 0x2f, 0x2f, 0x2f, 0x2f, 0x2f, 0x2f, 0x2f, 0x2f, 0x2f, 0x2f, 0x2f, 0x2f
    db 0x2f, 0x2f, 0x2f, 0x2f, 0x2f, 0x2f, 0x2f, 0x2f, 0x2f, 0x2f, 0x2f, 0x2f, 0x2f, 0x2f, 0x2f, 0x2f
    db 0x2f, 0x37, 0x1e, 0x50, 0x9c, 0x63, 0x82, 0x8f, 0xdd, 0x40, 0x0d, 0x2b, 0x2b, 0x2a, 0x2f, 0x2f
    db 0x2f, 0x2f, 0x2f, 0x2f, 0x2f, 0x2f, 0x2f, 0x2f, 0x2f, 0x2f, 0x2f, 0x2f, 0x2f, 0x2f, 0x2f, 0x2f
    db 0x2f, 0x2f, 0x2f, 0x2f, 0x2f, 0x2f, 0x2f, 0x2f, 0x2f, 0x2f, 0x2f, 0x2f, 0x2f, 0x2f, 0x2f, 0x2f
    db 0x2f, 0x30, 0x1f, 0x40, 0x6a, 0x15, 0x15, 0x15, 0x15, 0x53, 0x93, 0x69, 0x2d, 0x04, 0x00, 0x00
    db 0x01, 0x01, 0x01, 0x01, 0x01, 0x01, 0x01, 0x01, 0x01, 0x01, 0x01, 0x01, 0x01, 0x01, 0x01, 0x01
    db 0x01, 0x01, 0x01, 0x01, 0x01, 0x01, 0x00, 0x04, 0x07, 0x3d, 0x57, 0x7e, 0x9c, 0xe6, 0x53, 0x15
    db 0x26, 0x34, 0x15, 0x1c, 0x1b, 0x34, 0xd2, 0xd4, 0xd1, 0x9b, 0x98, 0x99, 0x71, 0x72, 0x7b, 0x78
    db 0x82, 0x81, 0x8f, 0x92, 0x88, 0x81, 0x79, 0x79, 0x83, 0x97, 0xc0, 0xca, 0xc9, 0xc9, 0xcd, 0xcc
    db 0xdc, 0x83, 0x27, 0x71, 0x87, 0x1f, 0x38, 0x38, 0x37, 0x2f, 0x2f, 0x2f, 0x2f, 0x3a, 0xd3, 0xf7
    db 0xff, 0xfa, 0xf3, 0xf2, 0xf5, 0xf7, 0xfa, 0xff, 0xfd, 0xf1, 0xe3, 0xe0, 0x70, 0x3d, 0x32, 0x09
    db 0x0a, 0x0f, 0x0f, 0x0f, 0x0f, 0x10, 0x10, 0x18, 0x13, 0x12, 0x12, 0x19, 0x19, 0x19, 0x13, 0x0b
    db 0x80, 0x85, 0xc7, 0x33, 0x0e, 0x51, 0x7c, 0xd9, 0xf4, 0xfc, 0xfc, 0xfa, 0xfa, 0xfa, 0xfa, 0xfa
    db 0xfa, 0xfa, 0xfa, 0xfa, 0xfa, 0xfa, 0xfa, 0xfa, 0xfa, 0xfa, 0xf6, 0x83, 0x0d, 0x2f, 0x2f, 0x2f
    db 0x2f, 0x2f, 0x2f, 0x2f, 0x2f, 0x2f, 0x2a, 0x2a, 0x2a, 0x2a, 0x2a, 0x2a, 0x2a, 0x2a, 0x2a, 0x2a
    db 0x2a, 0x2f, 0x2f, 0x2f, 0x2f, 0x2f, 0x2f, 0x2f, 0x2f, 0x2f, 0x2f, 0x2f, 0x2f, 0x2f, 0x2f, 0x2f
    db 0x2f, 0x2f, 0x2f, 0x2f, 0x2f, 0x2f, 0x2f, 0x37, 0x2f, 0x2f, 0x2f, 0x2f, 0x2f, 0x2f, 0x2f, 0x2f
    db 0x2f, 0x2f, 0x2f, 0x2f, 0x2f, 0x2f, 0x2f, 0x2f, 0x2f, 0x2f, 0x2f, 0x2f, 0x2f, 0x2f, 0x2f, 0x2f
    db 0x2f, 0x2f, 0x2f, 0x2f, 0x2f, 0x2f, 0x2f, 0x2f, 0x2f, 0x2f, 0x2f, 0x2f, 0x2f, 0x2f, 0x2f, 0x2f
    db 0x2f, 0x2f, 0x2f, 0x2f, 0x2f, 0x2f, 0x2f, 0x2f, 0x2f, 0x2f, 0x2f, 0x2e, 0x2e, 0x30, 0x2e, 0x95
    db 0x6c, 0x6a, 0x87, 0x99, 0xc1, 0x92, 0x40, 0x0d, 0x29, 0x30, 0x2f, 0x2f, 0x2a, 0x2f, 0x2f, 0x2f
    db 0x2f, 0x2f, 0x2f, 0x2f, 0x2f, 0x2f, 0x2f, 0x2f, 0x2f, 0x2f, 0x2f, 0x2f, 0x2f, 0x2f, 0x2f, 0x2f
    db 0x2a, 0x2f, 0x2f, 0x2f, 0x2f, 0x2f, 0x2f, 0x2f, 0x2f, 0x2f, 0x2f, 0x2f, 0x2f, 0x30, 0x2b, 0x39
    db 0x84, 0x26, 0x15, 0x1c, 0x26, 0x34, 0x34, 0x53, 0x84, 0x88, 0x63, 0x2d, 0x04, 0x00, 0x00, 0x00
    db 0x00, 0x00, 0x01, 0x01, 0x01, 0x01, 0x01, 0x02, 0x01, 0x01, 0x01, 0x01, 0x01, 0x00, 0x00, 0x00
    db 0x01, 0x04, 0x2d, 0x52, 0x70, 0x96, 0xdd, 0xe8, 0xe5, 0xd4, 0x3e, 0x15, 0x53, 0x34, 0x15, 0x15
    db 0x15, 0x53, 0xe6, 0xce, 0xca, 0xc8, 0xc0, 0x87, 0x7b, 0x76, 0x73, 0x72, 0x71, 0x92, 0xd2, 0xd4
    db 0xca, 0x8a, 0x73, 0x7b, 0x75, 0x92, 0xd5, 0xcd, 0xc9, 0xca, 0xca, 0xca, 0xdc, 0x97, 0x3c, 0x36
    db 0x8e, 0x6c, 0x1e, 0x38, 0x38, 0x30, 0x2a, 0x29, 0x0d, 0x4f, 0x9f, 0xf6, 0xff, 0xfd, 0xff, 0xf8
    db 0xf8, 0xf7, 0xff, 0xed, 0xc3, 0x7f, 0x51, 0x32, 0x0a, 0x0a, 0x0e, 0x0f, 0x0f, 0x11, 0x11, 0x13
    db 0x13, 0x12, 0x12, 0x13, 0x13, 0x12, 0x12, 0x12, 0x19, 0x18, 0x19, 0x09, 0x51, 0x55, 0x51, 0x32
    db 0x13, 0x12, 0x55, 0x7c, 0xc6, 0xf4, 0xfe, 0xfc, 0xfa, 0xfa, 0xf9, 0xf9, 0xfa, 0xfa, 0xfa, 0xfa
    db 0xfa, 0xfa, 0xfa, 0xff, 0xfa, 0xfa, 0xff, 0x73, 0x0d, 0x2f, 0x2f, 0x2f, 0x2f, 0x2f, 0x2f, 0x2f
    db 0x2f, 0x2f, 0x2f, 0x2f, 0x2f, 0x2f, 0x2f, 0x2f, 0x2f, 0x2f, 0x2f, 0x2f, 0x2f, 0x2f, 0x2a, 0x2f
    db 0x2f, 0x2f, 0x2f, 0x2f, 0x2f, 0x2f, 0x2f, 0x2f, 0x2f, 0x2f, 0x2f, 0x2f, 0x2f, 0x2f, 0x2f, 0x2f
    db 0x2f, 0x2f, 0x2f, 0x37, 0x2f, 0x2f, 0x2f, 0x2f, 0x2f, 0x2f, 0x2f, 0x2f, 0x2f, 0x2f, 0x2f, 0x2f
    db 0x2f, 0x2f, 0x2f, 0x2f, 0x2f, 0x2f, 0x2f, 0x2f, 0x2f, 0x2f, 0x2f, 0x2f, 0x2f, 0x2f, 0x2f, 0x2f
    db 0x2f, 0x2f, 0x2f, 0x2f, 0x2f, 0x2f, 0x2f, 0x2f, 0x2f, 0x2f, 0x2f, 0x2f, 0x2f, 0x2f, 0x2f, 0x2f
    db 0x2f, 0x2f, 0x2f, 0x2f, 0x2f, 0x2f, 0x2f, 0x2e, 0x2e, 0x16, 0x6a, 0x92, 0x54, 0x76, 0x82, 0xc2
    db 0x8a, 0x50, 0x84, 0x6c, 0x39, 0x1f, 0x2f, 0x2f, 0x2f, 0x2f, 0x2f, 0x2f, 0x2f, 0x2f, 0x2f, 0x2f
    db 0x2f, 0x2f, 0x2f, 0x2f, 0x2f, 0x2f, 0x2f, 0x2f, 0x2f, 0x2f, 0x2f, 0x2f, 0x2a, 0x2f, 0x2f, 0x2f
    db 0x2f, 0x2f, 0x2f, 0x2f, 0x2f, 0x2f, 0x2f, 0x2f, 0x2f, 0x2f, 0x30, 0x17, 0x74, 0x3e, 0x15, 0x34
    db 0x26, 0x3e, 0x34, 0x15, 0x1b, 0x34, 0x53, 0x92, 0xbe, 0x8e, 0x6b, 0x54, 0x35, 0x07, 0x07, 0x04
    db 0x03, 0x03, 0x03, 0x00, 0x00, 0x00, 0x03, 0x04, 0x04, 0x07, 0x35, 0x54, 0x76, 0x96, 0xc2, 0xdd
    db 0xdd, 0xdd, 0xdc, 0xd5, 0xd5, 0xba, 0x26, 0x3e, 0x53, 0x15, 0x15, 0x15, 0x15, 0x93, 0xd4, 0xca
    db 0xd3, 0x97, 0x83, 0x7b, 0x82, 0x76, 0x71, 0x71, 0x8f, 0xc9, 0xcf, 0xcc, 0xd1, 0xc1, 0x87, 0x7b
    db 0x83, 0x78, 0x94, 0xd1, 0xcc, 0xd1, 0xd1, 0xca, 0xda, 0xc2, 0x62, 0x1e, 0x3b, 0x92, 0x65, 0x1f
    db 0x38, 0x30, 0x30, 0x17, 0x3c, 0x95, 0xf2, 0xf5, 0xf3, 0xf4, 0xfc, 0xf9, 0xfc, 0xff, 0xeb, 0x7f
    db 0x51, 0x25, 0x09, 0x0a, 0x12, 0x12, 0x12, 0x12, 0x12, 0x12, 0x12, 0x12, 0x12, 0x12, 0x12, 0x12
    db 0x12, 0x12, 0x12, 0x12, 0x19, 0x12, 0x12, 0x10, 0x32, 0x32, 0x0a, 0x10, 0x10, 0x09, 0x3d, 0x7c
    db 0x7f, 0xd9, 0xf8, 0xfd, 0xfd, 0xfa, 0xfb, 0xfc, 0xfa, 0xfa, 0xfa, 0xfa, 0xfa, 0xfa, 0xfa, 0xff
    db 0xfa, 0xff, 0xff, 0x97, 0x0d, 0x2a, 0x2f, 0x2f, 0x2f, 0x2f, 0x2f, 0x2f, 0x2f, 0x2f, 0x2f, 0x2f
    db 0x2f, 0x2f, 0x2f, 0x2f, 0x2f, 0x2f, 0x2f, 0x2f, 0x2f, 0x2f, 0x2a, 0x2f, 0x2f, 0x2f, 0x2f, 0x2f
    db 0x2f, 0x2f, 0x2f, 0x2f, 0x2f, 0x2f, 0x2f, 0x2f, 0x2f, 0x2f, 0x2f, 0x2f, 0x2f, 0x2f, 0x2f, 0x37
    db 0x2f, 0x2f, 0x2f, 0x2f, 0x2f, 0x2f, 0x2f, 0x2f, 0x2f, 0x2f, 0x2f, 0x2f, 0x2f, 0x2f, 0x2f, 0x2f
    db 0x2f, 0x2f, 0x2f, 0x2f, 0x2f, 0x2f, 0x2f, 0x2f, 0x2f, 0x2f, 0x2f, 0x2f, 0x2f, 0x2f, 0x2f, 0x2f
    db 0x2f, 0x2f, 0x2f, 0x2f, 0x2f, 0x2f, 0x2f, 0x2f, 0x2f, 0x2f, 0x2f, 0x2f, 0x2f, 0x2f, 0x2f, 0x2f
    db 0x2f, 0x2f, 0x2f, 0x2f, 0x28, 0x3b, 0x9c, 0x63, 0x68, 0x76, 0x74, 0xc2, 0x83, 0x3c, 0x1e, 0x63
    db 0x88, 0x40, 0x29, 0x2f, 0x2f, 0x2f, 0x2f, 0x2f, 0x2f, 0x2f, 0x2f, 0x2f, 0x2f, 0x2f, 0x2f, 0x2f
    db 0x2f, 0x2f, 0x2f, 0x2f, 0x2a, 0x2f, 0x2f, 0x2f, 0x2a, 0x2f, 0x2f, 0x2f, 0x2f, 0x2f, 0x2f, 0x2f
    db 0x2f, 0x2f, 0x2f, 0x2f, 0x2f, 0x2f, 0x2f, 0x17, 0x63, 0x69, 0x15, 0x53, 0x34, 0x34, 0x3e, 0x15
    db 0x1b, 0x15, 0x15, 0x6f, 0xd4, 0xda, 0xe6, 0xe8, 0xe6, 0xdd, 0xd3, 0x9d, 0x8e, 0x84, 0x84, 0x88
    db 0x8e, 0x8e, 0x95, 0x96, 0xc2, 0xdd, 0xe8, 0xe8, 0xe8, 0xe6, 0xdd, 0xda, 0xd4, 0xd2, 0xc8, 0xc8
    db 0xe4, 0x84, 0x34, 0x69, 0x26, 0x1b, 0x1b, 0x15, 0x53, 0xda, 0xbe, 0xbe, 0x92, 0x72, 0x88, 0x8b
    db 0x8f, 0x8f, 0x95, 0xa0, 0xc1, 0xc1, 0xc9, 0xc8, 0xc9, 0xd1, 0xc0, 0x83, 0x7b, 0x73, 0x73, 0x94
    db 0xd5, 0xcd, 0xcd, 0xcd, 0xd2, 0xd4, 0x6c, 0x3b, 0x22, 0x3c, 0x92, 0x40, 0x1f, 0x30, 0x2b, 0x50
    db 0x95, 0xe7, 0xee, 0xf0, 0xf0, 0xf5, 0xf7, 0xfc, 0xff, 0xed, 0x7f, 0x55, 0x18, 0x0e, 0x0f, 0x12
    db 0x12, 0x12, 0x12, 0x12, 0x12, 0x12, 0x12, 0x12, 0x12, 0x12, 0x12, 0x12, 0x12, 0x19, 0x19, 0x19
    db 0x19, 0x14, 0x11, 0x19, 0x18, 0x18, 0x18, 0x13, 0x12, 0x12, 0x25, 0x7c, 0x7d, 0x7f, 0xed, 0xff
    db 0xfe, 0xf9, 0xf7, 0xf8, 0xfa, 0xfa, 0xfa, 0xfa, 0xfa, 0xfa, 0xfa, 0xfa, 0xfa, 0xfa, 0xff, 0xdb
    db 0x0d, 0x2f, 0x2f, 0x2a, 0x2f, 0x2f, 0x2f, 0x2f, 0x2f, 0x2f, 0x2f, 0x2f, 0x2f, 0x2f, 0x2f, 0x2f
    db 0x2f, 0x2f, 0x2f, 0x2f, 0x2f, 0x2f, 0x2f, 0x2f, 0x2f, 0x2f, 0x2f, 0x2f, 0x2f, 0x2f, 0x2f, 0x2f
    db 0x2f, 0x2f, 0x2f, 0x2f, 0x2f, 0x2f, 0x2f, 0x2f, 0x2f, 0x2f, 0x2f, 0x37, 0x2f, 0x2f, 0x2f, 0x2f
    db 0x2f, 0x2f, 0x2f, 0x2f, 0x2f, 0x2f, 0x2f, 0x2f, 0x2f, 0x2f, 0x2f, 0x2f, 0x2f, 0x2f, 0x2f, 0x2f
    db 0x2f, 0x2f, 0x2f, 0x2f, 0x2f, 0x2f, 0x2f, 0x2f, 0x2f, 0x2f, 0x2f, 0x2f, 0x2f, 0x2f, 0x2f, 0x2f
    db 0x2f, 0x2f, 0x2f, 0x2f, 0x2f, 0x2f, 0x2f, 0x2f, 0x2f, 0x2f, 0x2f, 0x2f, 0x2f, 0x2f, 0x2f, 0x30
    db 0x16, 0x6c, 0x8a, 0x54, 0x76, 0x71, 0x83, 0x9c, 0x6c, 0x3b, 0x1e, 0x16, 0x50, 0x97, 0x3c, 0x2a
    db 0x2f, 0x2f, 0x2f, 0x2f, 0x2f, 0x2f, 0x2f, 0x2f, 0x2f, 0x2f, 0x2f, 0x2f, 0x2f, 0x2f, 0x2f, 0x2f
    db 0x2a, 0x2f, 0x2f, 0x2f, 0x2f, 0x2f, 0x2f, 0x2f, 0x2f, 0x2f, 0x2f, 0x2f, 0x2f, 0x2f, 0x2f, 0x2f
    db 0x2f, 0x2f, 0x2f, 0x2c, 0x3c, 0x88, 0x1b, 0x69, 0x3e, 0x26, 0x34, 0x15, 0x1c, 0x26, 0x34, 0x88
    db 0xda, 0xd1, 0xcc, 0xc1, 0xc1, 0xc1, 0xd4, 0xd4, 0x6e, 0x71, 0x84, 0xba, 0xe7, 0xe6, 0xe6, 0xe6
    db 0xe6, 0xe5, 0xdc, 0xdc, 0xdb, 0xda, 0xd3, 0xc1, 0x97, 0x8a, 0x8a, 0xc1, 0xda, 0x3e, 0x69, 0x34
    db 0x26, 0x26, 0x15, 0x15, 0x8e, 0xc2, 0xce, 0xd5, 0xe4, 0xef, 0xf3, 0xf5, 0xf6, 0xf6, 0xf6, 0xf5
    db 0xef, 0xe5, 0xc8, 0xc8, 0xcc, 0xd1, 0xd5, 0x98, 0x71, 0x73, 0x7b, 0x82, 0x98, 0xd5, 0xcd, 0xcc
    db 0xcb, 0xda, 0x8a, 0x50, 0x20, 0x1e, 0x40, 0x8f, 0x3c, 0x30, 0x30, 0x3c, 0x3b, 0x8b, 0xda, 0xef
    db 0xf2, 0xf2, 0xf8, 0xff, 0xf3, 0x80, 0x7d, 0x32, 0x0a, 0x13, 0x0f, 0x12, 0x12, 0x12, 0x12, 0x12
    db 0x12, 0x12, 0x12, 0x12, 0x12, 0x12, 0x12, 0x12, 0x19, 0x19, 0x19, 0x19, 0x19, 0x19, 0x19, 0x19
    db 0x18, 0x0e, 0x10, 0x0f, 0x13, 0x25, 0x18, 0x51, 0x7d, 0x7d, 0x7c, 0xc6, 0xf1, 0xfb, 0xfe, 0xf7
    db 0xfa, 0xfa, 0xfa, 0xfa, 0xff, 0xff, 0xff, 0xfa, 0xfa, 0xfa, 0xff, 0xea, 0x16, 0x2a, 0x2f, 0x2e
    db 0x2f, 0x2f, 0x2f, 0x2f, 0x2f, 0x2f, 0x2f, 0x2f, 0x2f, 0x2f, 0x2f, 0x2f, 0x2f, 0x2f, 0x2f, 0x2f
    db 0x2f, 0x2f, 0x2f, 0x2f, 0x2f, 0x2f, 0x2f, 0x2f, 0x2f, 0x2f, 0x2f, 0x2f, 0x2f, 0x2f, 0x2f, 0x2f
    db 0x2f, 0x2f, 0x2f, 0x2f, 0x2f, 0x2f, 0x2f, 0x37, 0x2f, 0x2f, 0x2f, 0x2f, 0x2f, 0x2f, 0x2f, 0x2f
    db 0x2f, 0x2f, 0x2f, 0x2f, 0x2f, 0x2f, 0x2f, 0x2f, 0x2f, 0x2f, 0x2f, 0x2f, 0x2f, 0x2f, 0x2f, 0x2f
    db 0x2f, 0x2f, 0x2f, 0x2f, 0x2f, 0x2f, 0x2f, 0x2f, 0x2f, 0x2f, 0x2f, 0x2f, 0x2f, 0x2f, 0x2f, 0x2f
    db 0x2f, 0x2f, 0x2f, 0x2f, 0x2f, 0x2f, 0x2f, 0x2f, 0x2f, 0x2f, 0x2f, 0x1f, 0x3b, 0x97, 0x66, 0x6c
    db 0x83, 0x71, 0x88, 0x97, 0x68, 0x2c, 0x3b, 0x66, 0x95, 0x68, 0x2a, 0x2f, 0x37, 0x37, 0x2f, 0x2f
    db 0x2f, 0x2f, 0x2f, 0x2f, 0x2f, 0x2f, 0x2f, 0x2f, 0x2f, 0x2f, 0x2f, 0x2f, 0x2a, 0x2f, 0x2f, 0x2f
    db 0x2f, 0x2f, 0x2f, 0x2f, 0x2f, 0x2f, 0x2f, 0x2f, 0x2f, 0x2f, 0x2f, 0x2f, 0x2f, 0x2f, 0x37, 0x31
    db 0x30, 0x8a, 0x3e, 0x69, 0x6a, 0x15, 0x15, 0x1b, 0x26, 0x26, 0x53, 0x88, 0xdc, 0xd5, 0xc9, 0x8a
    db 0x7a, 0x78, 0x92, 0x87, 0x6a, 0x95, 0x8f, 0x67, 0xc2, 0x99, 0x97, 0x99, 0x99, 0x97, 0x95, 0x92
    db 0x8f, 0x8a, 0x88, 0x83, 0x72, 0x71, 0x97, 0xdc, 0x8a, 0x62, 0x53, 0x15, 0x15, 0x26, 0x53, 0x84
    db 0xf2, 0xf2, 0xf5, 0xf9, 0xff, 0xff, 0xff, 0xfe, 0xff, 0xff, 0xf9, 0xfe, 0xff, 0xf2, 0xe7, 0xd4
    db 0xda, 0xce, 0xc1, 0xc1, 0x8e, 0x72, 0x82, 0x82, 0x8a, 0xd1, 0xcf, 0xcc, 0xc9, 0xdc, 0xba, 0x68
    db 0x3c, 0x2c, 0x0d, 0x50, 0x8a, 0x39, 0x30, 0x2b, 0x3c, 0x95, 0xea, 0xf5, 0xef, 0xf3, 0xf8, 0xfd
    db 0xc6, 0x7c, 0x55, 0x0a, 0x11, 0x10, 0x12, 0x12, 0x12, 0x12, 0x12, 0x12, 0x12, 0x12, 0x12, 0x12
    db 0x13, 0x12, 0x11, 0x11, 0x12, 0x12, 0x14, 0x19, 0x18, 0x18, 0x09, 0x09, 0x14, 0x25, 0x14, 0x0b
    db 0x0a, 0x18, 0x18, 0x32, 0x56, 0x7d, 0x7c, 0x7c, 0x7c, 0xc6, 0xf1, 0xff, 0xfe, 0xfa, 0xfb, 0xfd
    db 0xfc, 0xff, 0xff, 0xff, 0xfa, 0xfa, 0xff, 0xf2, 0x3b, 0x30, 0x30, 0x30, 0x2f, 0x2f, 0x2f, 0x2f
    db 0x2f, 0x2f, 0x2f, 0x2f, 0x2f, 0x2f, 0x2f, 0x2f, 0x2f, 0x2f, 0x2f, 0x2f, 0x2f, 0x2f, 0x2f, 0x2f
    db 0x2f, 0x2f, 0x2f, 0x2f, 0x2f, 0x2f, 0x2f, 0x2f, 0x2f, 0x2f, 0x2f, 0x2f, 0x2f, 0x2f, 0x2f, 0x2f
    db 0x2f, 0x2f, 0x2f, 0x2f, 0x2f, 0x2f, 0x2f, 0x2f, 0x2f, 0x2f, 0x2f, 0x2f, 0x2f, 0x2f, 0x2f, 0x2f
    db 0x2f, 0x2f, 0x2f, 0x2f, 0x2f, 0x2f, 0x2f, 0x2f, 0x2f, 0x2f, 0x2f, 0x2f, 0x2f, 0x2f, 0x2f, 0x2f
    db 0x2f, 0x2f, 0x2f, 0x2f, 0x2f, 0x2f, 0x2f, 0x2f, 0x2f, 0x2f, 0x2f, 0x2f, 0x2f, 0x2f, 0x2f, 0x2f
    db 0x2f, 0x2f, 0x2f, 0x2f, 0x2f, 0x2f, 0x2f, 0x0d, 0x68, 0x8e, 0x62, 0x83, 0x7b, 0x71, 0x8e, 0x92
    db 0x6a, 0x62, 0x87, 0x97, 0x54, 0x16, 0x2f, 0x37, 0x37, 0x37, 0x2f, 0x2f, 0x2f, 0x2f, 0x2f, 0x2f
    db 0x2f, 0x2f, 0x2f, 0x2f, 0x2f, 0x2f, 0x2f, 0x2f, 0x2f, 0x2f, 0x2f, 0x2f, 0x2f, 0x2f, 0x2f, 0x2f
    db 0x2f, 0x2f, 0x2f, 0x2f, 0x2f, 0x2f, 0x2f, 0x2f, 0x2f, 0x2f, 0x37, 0x3a, 0x1f, 0x69, 0x69, 0x53
    db 0xbe, 0x26, 0x15, 0x26, 0x26, 0x1c, 0x84, 0xc2, 0xda, 0xc9, 0xc1, 0xd0, 0x9c, 0x8a, 0x97, 0x92
    db 0x66, 0x92, 0x6c, 0x8a, 0xd0, 0x84, 0x74, 0x81, 0x87, 0x8a, 0x8a, 0x8e, 0x8e, 0x8f, 0x87, 0x7b
    db 0x7b, 0x95, 0xdc, 0xdd, 0x84, 0x93, 0x15, 0x15, 0x3e, 0xdd, 0xf5, 0xff, 0xff, 0xff, 0xff, 0xfa
    db 0xfa, 0xfa, 0xfa, 0xfa, 0xfa, 0xfa, 0xfa, 0xfa, 0xf7, 0xff, 0xf6, 0xf5, 0xf5, 0xf2, 0xef, 0xe8
    db 0xda, 0x88, 0x81, 0x82, 0x87, 0xca, 0xcf, 0xcd, 0xcd, 0xd5, 0xc2, 0x6c, 0x6d, 0x68, 0x62, 0x54
    db 0x8e, 0x3b, 0x30, 0x29, 0x50, 0xe8, 0xf2, 0xf4, 0xef, 0xf2, 0xff, 0xf1, 0x7c, 0x7d, 0x3d, 0x0a
    db 0x12, 0x0f, 0x0f, 0x12, 0x12, 0x12, 0x12, 0x12, 0x12, 0x12, 0x12, 0x12, 0x11, 0x11, 0x12, 0x0f
    db 0x11, 0x12, 0x0e, 0x06, 0x06, 0x33, 0x52, 0x7e, 0xc6, 0xd7, 0xc6, 0x80, 0x7c, 0x3d, 0x12, 0x0a
    db 0x32, 0x7c, 0x7d, 0x7d, 0x7c, 0x7c, 0x7f, 0xe0, 0xf4, 0xfc, 0xfc, 0xfe, 0xfa, 0xfa, 0xfa, 0xfa
    db 0xfa, 0xfa, 0xfa, 0xf7, 0x68, 0x0d, 0x30, 0x30, 0x2f, 0x2f, 0x2f, 0x2f, 0x2f, 0x2f, 0x2f, 0x2f
    db 0x2f, 0x2f, 0x2f, 0x2f, 0x2f, 0x2f, 0x2f, 0x2f, 0x2f, 0x2f, 0x2f, 0x2f, 0x2f, 0x2f, 0x2f, 0x2f
    db 0x2f, 0x2f, 0x2f, 0x2f, 0x2f, 0x2f, 0x2f, 0x2f, 0x2f, 0x2f, 0x2f, 0x2f, 0x2f, 0x2f, 0x2f, 0x2f
    db 0x2f, 0x2f, 0x2f, 0x2f, 0x2f, 0x2f, 0x2f, 0x2f, 0x2f, 0x2f, 0x2f, 0x2f, 0x2f, 0x2f, 0x2f, 0x2f
    db 0x2f, 0x2f, 0x2f, 0x2f, 0x2f, 0x2f, 0x2f, 0x2f, 0x2f, 0x2f, 0x2f, 0x2f, 0x2f, 0x2f, 0x2f, 0x2f
    db 0x2f, 0x2f, 0x2f, 0x2f, 0x2f, 0x2f, 0x2f, 0x2f, 0x2f, 0x2f, 0x2f, 0x2f, 0x2f, 0x2f, 0x2f, 0x2f
    db 0x2f, 0x2f, 0x2f, 0x36, 0x92, 0x66, 0x68, 0x87, 0x83, 0x72, 0x8f, 0x92, 0x6c, 0x92, 0x8f, 0x3c
    db 0x27, 0x37, 0x2f, 0x37, 0x2f, 0x2f, 0x2f, 0x2f, 0x2f, 0x2f, 0x2f, 0x2f, 0x2f, 0x2f, 0x2f, 0x2f
    db 0x2f, 0x2f, 0x2f, 0x2f, 0x2f, 0x2f, 0x2f, 0x2f, 0x2f, 0x2f, 0x2f, 0x2f, 0x2f, 0x2f, 0x2f, 0x2f
    db 0x2f, 0x2f, 0x2f, 0x2f, 0x2f, 0x37, 0x3a, 0x3a, 0x30, 0x39, 0x93, 0x53, 0xd4, 0x66, 0x15, 0x26
    db 0x26, 0x26, 0x93, 0xe8, 0xd4, 0xc1, 0x8a, 0x92, 0xc2, 0xd4, 0xd4, 0x71, 0x88, 0x92, 0x6a, 0xdc
    db 0xda, 0xc1, 0xc2, 0xc2, 0xd0, 0xd3, 0xd4, 0xd5, 0xc1, 0x95, 0x87, 0x88, 0xbe, 0xdc, 0xda, 0xd4
    db 0xd2, 0x84, 0x03, 0x69, 0xf2, 0xfb, 0xfe, 0xfe, 0xfe, 0xff, 0xfb, 0xfa, 0xfa, 0xfa, 0xfa, 0xfa
    db 0xfa, 0xfa, 0xff, 0xfa, 0xfa, 0xfa, 0xff, 0xff, 0xff, 0xff, 0xff, 0xff, 0xf5, 0xea, 0x88, 0x6f
    db 0x82, 0xc8, 0xcd, 0xd1, 0xd1, 0xd1, 0xda, 0x6f, 0x6c, 0x6c, 0x6c, 0x8f, 0x68, 0x17, 0x30, 0x0d
    db 0x68, 0xef, 0xf5, 0xf2, 0xef, 0xf5, 0xff, 0xc7, 0x56, 0x7c, 0x19, 0x10, 0x11, 0x11, 0x12, 0x12
    db 0x12, 0x12, 0x12, 0x11, 0x11, 0x11, 0x11, 0x11, 0x11, 0x0f, 0x18, 0x19, 0x09, 0x06, 0x33, 0x70
    db 0xd8, 0xef, 0xf4, 0xf3, 0xed, 0xe0, 0xa8, 0x80, 0xa1, 0xa1, 0x7f, 0x32, 0x06, 0x32, 0x7c, 0x7d
    db 0x7d, 0x7d, 0x7d, 0x7c, 0xc3, 0xf7, 0xfe, 0xfc, 0xfd, 0xfa, 0xfa, 0xfa, 0xfa, 0xfa, 0xfa, 0xff
    db 0xdb, 0x0d, 0x30, 0x30, 0x2f, 0x2f, 0x2f, 0x2f, 0x2f, 0x2f, 0x2f, 0x2f, 0x2f, 0x2f, 0x2f, 0x2f
    db 0x2f, 0x2f, 0x2f, 0x2f, 0x2f, 0x2f, 0x2f, 0x2f, 0x2f, 0x2f, 0x2f, 0x2f, 0x2f, 0x2f, 0x2f, 0x2f
    db 0x2f, 0x2f, 0x2f, 0x2f, 0x2f, 0x2f, 0x2f, 0x2f, 0x2f, 0x2f, 0x2f, 0x2f, 0x2f, 0x2f, 0x2f, 0x2f
    db 0x2f, 0x2f, 0x2f, 0x2f, 0x2f, 0x2f, 0x2f, 0x2f, 0x2f, 0x2f, 0x2f, 0x2f, 0x2f, 0x2f, 0x2f, 0x2f
    db 0x2f, 0x2f, 0x2f, 0x2f, 0x2f, 0x2f, 0x2f, 0x2f, 0x2f, 0x2f, 0x2f, 0x2f, 0x2f, 0x2f, 0x2f, 0x2f
    db 0x2f, 0x2f, 0x2f, 0x2f, 0x2f, 0x2f, 0x2f, 0x2f, 0x2f, 0x37, 0x37, 0x37, 0x37, 0x2f, 0x1e, 0x62
    db 0x95, 0x54, 0x71, 0x83, 0x82, 0x75, 0x95, 0x8f, 0x98, 0x8a, 0x39, 0x1e, 0x36, 0x2e, 0x37, 0x37
    db 0x37, 0x37, 0x2f, 0x2f, 0x2f, 0x2f, 0x2f, 0x2f, 0x2f, 0x2f, 0x2f, 0x2f, 0x2f, 0x2f, 0x2f, 0x2f
    db 0x2f, 0x2f, 0x2f, 0x2f, 0x2f, 0x37, 0x37, 0x2f, 0x2f, 0x2f, 0x2f, 0x2f, 0x2f, 0x2f, 0x2f, 0x2f
    db 0x2f, 0x37, 0x37, 0x38, 0x0d, 0x3b, 0xba, 0x6e, 0xba, 0xc2, 0x34, 0x1b, 0x1c, 0x15, 0x84, 0xe6
    db 0xd4, 0xc2, 0x9c, 0x84, 0x88, 0x92, 0xbe, 0x50, 0x6a, 0x62, 0x66, 0xe6, 0xda, 0xbe, 0x99, 0x97
    db 0x92, 0x8f, 0x8e, 0x87, 0x81, 0x88, 0x97, 0xdc, 0xd4, 0x92, 0x97, 0xd0, 0xdd, 0x88, 0x6e, 0xf4
    db 0xfa, 0xf6, 0xfa, 0xff, 0xff, 0xff, 0xff, 0xfa, 0xfa, 0xfa, 0xfa, 0xfa, 0xfa, 0xfa, 0xfa, 0xfa
    db 0xfa, 0xfa, 0xfa, 0xfa, 0xff, 0xfa, 0xfa, 0xff, 0xff, 0xff, 0xf0, 0x8f, 0x71, 0xc8, 0xd1, 0xd1
    db 0xd1, 0xcc, 0xda, 0x8e, 0x6c, 0x6e, 0x8e, 0x8e, 0x0d, 0x1f, 0x2b, 0x0d, 0x6e, 0xef, 0xf4, 0xef
    db 0xf2, 0xfc, 0xf9, 0x57, 0x7c, 0x55, 0x06, 0x10, 0x11, 0x11, 0x11, 0x12, 0x12, 0x12, 0x12, 0x11
    db 0x11, 0x11, 0x11, 0x11, 0x11, 0x18, 0x10, 0x06, 0x33, 0x85, 0xf0, 0xff, 0xfb, 0xef, 0x96, 0x70
    db 0x55, 0x51, 0x3d, 0x1a, 0x06, 0x06, 0x3d, 0x3d, 0x10, 0x09, 0x32, 0x56, 0x7d, 0x7d, 0x7d, 0x7d
    db 0x7c, 0xed, 0xff, 0xfb, 0xfd, 0xfa, 0xfa, 0xfa, 0xfa, 0xfa, 0xff, 0xff, 0xf3, 0x3c, 0x1f, 0x38
    db 0x30, 0x2f, 0x2f, 0x2f, 0x2f, 0x2f, 0x2f, 0x2f, 0x2f, 0x2f, 0x2f, 0x2f, 0x2f, 0x2f, 0x2f, 0x2f
    db 0x2f, 0x2f, 0x2f, 0x2f, 0x2f, 0x2f, 0x2f, 0x2f, 0x2f, 0x2f, 0x2f, 0x2f, 0x2f, 0x2f, 0x2f, 0x2f
    db 0x2f, 0x2f, 0x2f, 0x2f, 0x2f, 0x2f, 0x2f, 0x2f, 0x2f, 0x2f, 0x2f, 0x2f, 0x2f, 0x2f, 0x2f, 0x2f
    db 0x2f, 0x2f, 0x2f, 0x2f, 0x2f, 0x2f, 0x2f, 0x2f, 0x2f, 0x2f, 0x2f, 0x2f, 0x2f, 0x2f, 0x2f, 0x2f
    db 0x2f, 0x2f, 0x2f, 0x2f, 0x2f, 0x2f, 0x2f, 0x2f, 0x2f, 0x2f, 0x2f, 0x2f, 0x2f, 0x2f, 0x2f, 0x2f
    db 0x2f, 0x2f, 0x2f, 0x2f, 0x2f, 0x37, 0x37, 0x37, 0x38, 0x37, 0x27, 0x92, 0x6e, 0x62, 0x76, 0x82
    db 0x83, 0x76, 0x97, 0xda, 0x8e, 0x36, 0x2a, 0x2f, 0x36, 0x2e, 0x2f, 0x2f, 0x2f, 0x2f, 0x2f, 0x2f
    db 0x2f, 0x2f, 0x2f, 0x2f, 0x2f, 0x2f, 0x2f, 0x2f, 0x2f, 0x2f, 0x2f, 0x2f, 0x2f, 0x2f, 0x2f, 0x2f
    db 0x2f, 0x2f, 0x2f, 0x2f, 0x2f, 0x2f, 0x2f, 0x2f, 0x2f, 0x2f, 0x2f, 0x2f, 0x2f, 0x37, 0x31, 0x1e
    db 0x3c, 0xba, 0xc2, 0xc2, 0xda, 0xdd, 0x8a, 0x15, 0x1b, 0x15, 0x6f, 0xdc, 0xd2, 0xc2, 0xd3, 0xc1
    db 0x88, 0x88, 0x92, 0x6c, 0x8e, 0x6f, 0x63, 0xda, 0xda, 0x8a, 0x74, 0x75, 0x71, 0x6f, 0x72, 0x8a
    db 0xbe, 0xdc, 0xd0, 0x92, 0x87, 0x87, 0xd5, 0xea, 0xf3, 0xf5, 0xff, 0xfc, 0xf7, 0xf7, 0xf7, 0xff
    db 0xff, 0xff, 0xff, 0xfa, 0xfa, 0xfa, 0xfa, 0xfa, 0xfa, 0xfa, 0xfa, 0xfa, 0xfa, 0xfa, 0xfa, 0xfa
    db 0xff, 0xff, 0xff, 0xff, 0xfa, 0xfc, 0xff, 0xf4, 0x97, 0xc0, 0xcc, 0xcd, 0xcd, 0xcc, 0xda, 0xbe
    db 0x6e, 0x83, 0xbe, 0x40, 0x1f, 0x30, 0x2b, 0x0d, 0x71, 0xee, 0xee, 0xf2, 0xf5, 0xff, 0xf3, 0x3d
    db 0x7d, 0x51, 0x0b, 0x12, 0x0f, 0x10, 0x11, 0x11, 0x11, 0x11, 0x0f, 0x11, 0x11, 0x11, 0x11, 0x0f
    db 0x19, 0x10, 0x33, 0x57, 0xef, 0xff, 0xff, 0xf3, 0xd8, 0x7e, 0x70, 0x70, 0x57, 0x57, 0x70, 0x57
    db 0x57, 0x52, 0x06, 0x09, 0x0e, 0x0a, 0x06, 0x0a, 0x55, 0x7c, 0x7c, 0x7c, 0x7c, 0x85, 0xf6, 0xf7
    db 0xfc, 0xfb, 0xff, 0xfb, 0xfc, 0xff, 0xf1, 0xe1, 0xe1, 0x88, 0x2b, 0x29, 0x2f, 0x2e, 0x2f, 0x2f
    db 0x2f, 0x2f, 0x2f, 0x2f, 0x2f, 0x2f, 0x2f, 0x2f, 0x2f, 0x2f, 0x2f, 0x2f, 0x2f, 0x2f, 0x2f, 0x2f
    db 0x2f, 0x2f, 0x2f, 0x2f, 0x2f, 0x2f, 0x2f, 0x2f, 0x2f, 0x2f, 0x2f, 0x2f, 0x2f, 0x2f, 0x2f, 0x2f
    db 0x2f, 0x2f, 0x2f, 0x2f, 0x2f, 0x2f, 0x2f, 0x2f, 0x2f, 0x2f, 0x2f, 0x2f, 0x2f, 0x2f, 0x2f, 0x2f
    db 0x2f, 0x2f, 0x2f, 0x2f, 0x2f, 0x2f, 0x2f, 0x2f, 0x2f, 0x2f, 0x2f, 0x2f, 0x2f, 0x2f, 0x2f, 0x2f
    db 0x2f, 0x2f, 0x2f, 0x2f, 0x2f, 0x2f, 0x2f, 0x2f, 0x2f, 0x2f, 0x2f, 0x2f, 0x2f, 0x2f, 0x2f, 0x2f
    db 0x2f, 0x37, 0x37, 0x37, 0x38, 0x1f, 0x40, 0xda, 0x63, 0x68, 0x76, 0x74, 0x7b, 0x76, 0x9c, 0xbe
    db 0x39, 0x2a, 0x37, 0x37, 0x37, 0x37, 0x37, 0x2f, 0x2f, 0x2f, 0x2f, 0x2f, 0x2f, 0x2f, 0x2f, 0x2f
    db 0x2f, 0x2f, 0x2f, 0x2f, 0x2f, 0x2f, 0x2f, 0x37, 0x37, 0x37, 0x2f, 0x2f, 0x2f, 0x2f, 0x2f, 0x2f
    db 0x2f, 0x2f, 0x2f, 0x2f, 0x2f, 0x2f, 0x37, 0x37, 0x37, 0x37, 0x1f, 0x3b, 0xba, 0x8e, 0x6e, 0xc1
    db 0xda, 0xdc, 0xdd, 0x62, 0x15, 0x15, 0x6a, 0xdc, 0x99, 0x99, 0xd0, 0xd4, 0xbe, 0x8f, 0x8a, 0x8e
    db 0x63, 0x8a, 0x67, 0xd4, 0xdc, 0x88, 0x72, 0x83, 0x8b, 0x95, 0x9c, 0x99, 0x92, 0x88, 0x81, 0x81
    db 0x82, 0xc2, 0xf4, 0xff, 0xfe, 0xfe, 0xff, 0xff, 0xfa, 0xf2, 0xf5, 0xff, 0xfa, 0xfa, 0xfa, 0xfa
    db 0xfa, 0xfa, 0xfa, 0xfa, 0xfa, 0xff, 0xfa, 0xfa, 0xfa, 0xff, 0xfa, 0xfa, 0xfa, 0xfa, 0xfa, 0xfa
    db 0xfa, 0xff, 0xff, 0xff, 0xf3, 0xd3, 0xc1, 0xc9, 0xc9, 0xd1, 0xd5, 0xe4, 0x72, 0x92, 0x68, 0x17
    db 0x3a, 0x38, 0x38, 0x0d, 0x68, 0xe4, 0xe5, 0xf4, 0xff, 0xff, 0xed, 0x33, 0x7d, 0x3d, 0x09, 0x0f
    db 0x0f, 0x12, 0x12, 0x12, 0x11, 0x11, 0x11, 0x12, 0x12, 0x12, 0x12, 0x12, 0x09, 0x51, 0xc7, 0xf5
    db 0xff, 0xfd, 0xed, 0xc3, 0x55, 0x33, 0x1a, 0x06, 0x06, 0x06, 0x06, 0x06, 0x1a, 0x57, 0x85, 0x3d
    db 0x3d, 0x56, 0x7e, 0x85, 0xc7, 0xe3, 0xed, 0xf1, 0xf1, 0xf1, 0xf8, 0xf6, 0xf6, 0xfb, 0xfc, 0xf9
    db 0xfd, 0xd8, 0x33, 0x1a, 0x1a, 0x57, 0x84, 0x17, 0x2e, 0x2e, 0x2c, 0x2f, 0x2f, 0x2f, 0x2f, 0x2f
    db 0x2f, 0x2f, 0x2f, 0x2f, 0x2f, 0x2f, 0x2f, 0x2f, 0x2f, 0x2f, 0x2f, 0x2f, 0x2f, 0x2f, 0x2f, 0x2f
    db 0x2f, 0x2f, 0x2f, 0x2f, 0x2f, 0x2f, 0x2f, 0x2f, 0x2f, 0x2f, 0x2f, 0x2f, 0x2f, 0x2f, 0x2f, 0x2f
    db 0x2f, 0x2f, 0x2f, 0x2f, 0x2f, 0x2f, 0x2f, 0x2f, 0x2f, 0x2f, 0x2f, 0x2f, 0x2f, 0x2f, 0x2f, 0x2f
    db 0x2f, 0x2f, 0x2f, 0x2f, 0x2f, 0x2f, 0x2f, 0x2f, 0x2f, 0x2f, 0x2f, 0x2f, 0x2f, 0x2f, 0x2f, 0x2f
    db 0x2f, 0x2f, 0x2f, 0x2f, 0x2f, 0x2f, 0x2f, 0x2f, 0x2f, 0x2f, 0x2f, 0x2f, 0x2f, 0x37, 0x37, 0x38
    db 0x30, 0x16, 0x71, 0x97, 0x54, 0x6e, 0x76, 0x72, 0x78, 0x71, 0x97, 0x6c, 0x0d, 0x28, 0x2f, 0x39
    db 0x37, 0x39, 0x3a, 0x37, 0x2f, 0x2f, 0x2f, 0x2f, 0x2f, 0x2f, 0x2f, 0x2f, 0x2f, 0x2f, 0x2f, 0x2f
    db 0x2f, 0x2f, 0x2f, 0x37, 0x37, 0x37, 0x2f, 0x2f, 0x2f, 0x2f, 0x2f, 0x2f, 0x2f, 0x2f, 0x2f, 0x2f
    db 0x2f, 0x2f, 0x37, 0x37, 0x37, 0x28, 0x28, 0x8e, 0x8e, 0x62, 0x6f, 0x97, 0x8f, 0xc2, 0xbe, 0xd2
    db 0x53, 0x15, 0x66, 0xe5, 0x98, 0x73, 0x8e, 0x97, 0xc2, 0xc1, 0x6e, 0x92, 0x40, 0x8a, 0x6a, 0xd4
    db 0xe5, 0x88, 0x71, 0x76, 0x88, 0x88, 0x83, 0x72, 0x81, 0x88, 0x8f, 0x97, 0xd4, 0xf2, 0xff, 0xfa
    db 0xfa, 0xff, 0xff, 0xf5, 0xee, 0xf2, 0xfa, 0xff, 0xfa, 0xfa, 0xfa, 0xfa, 0xfa, 0xfa, 0xfa, 0xfa
    db 0xff, 0xff, 0xfa, 0xfa, 0xfa, 0xff, 0xfa, 0xfa, 0xfa, 0xfa, 0xfa, 0xfa, 0xfa, 0xff, 0xff, 0xf9
    db 0xfe, 0xf3, 0xe7, 0xc1, 0xca, 0xd1, 0xd1, 0xe4, 0x8a, 0x92, 0x54, 0x1f, 0x3a, 0x3a, 0x3a, 0x1f
    db 0x40, 0x8b, 0x9a, 0xf6, 0xff, 0xff, 0xe1, 0x1a, 0x7c, 0x32, 0x19, 0x0f, 0x12, 0x10, 0x0f, 0x0f
    db 0x0f, 0x13, 0x13, 0x12, 0x12, 0x12, 0x12, 0x12, 0x06, 0x80, 0xf8, 0xff, 0xf1, 0xc6, 0x7f, 0x51
    db 0x06, 0x10, 0x0e, 0x0a, 0x10, 0x0b, 0x0b, 0x0a, 0x0a, 0x06, 0x3d, 0xec, 0xed, 0xed, 0xf4, 0xf1
    db 0xf0, 0xed, 0xe3, 0xe0, 0xc6, 0xa1, 0xe0, 0xf8, 0xf6, 0xf7, 0xf7, 0xff, 0xe0, 0x25, 0x3d, 0xe0
    db 0xeb, 0x70, 0x7e, 0x63, 0x27, 0x2e, 0x31, 0x2f, 0x2f, 0x2f, 0x2f, 0x2f, 0x2f, 0x2f, 0x2f, 0x2f
    db 0x2f, 0x2f, 0x2f, 0x2f, 0x2f, 0x2f, 0x2f, 0x2f, 0x2f, 0x2f, 0x2f, 0x2f, 0x2f, 0x2f, 0x2f, 0x2f
    db 0x2f, 0x2f, 0x2f, 0x2f, 0x2f, 0x2f, 0x2f, 0x2f, 0x2f, 0x2f, 0x2f, 0x2f, 0x2f, 0x2f, 0x2f, 0x2f
    db 0x2f, 0x2f, 0x2f, 0x2f, 0x2f, 0x2f, 0x2f, 0x2f, 0x2f, 0x2f, 0x2f, 0x2f, 0x2f, 0x2f, 0x2f, 0x2f
    db 0x2f, 0x2f, 0x2f, 0x2f, 0x2f, 0x2f, 0x2f, 0x2f, 0x2f, 0x2f, 0x2f, 0x2f, 0x2f, 0x2f, 0x2f, 0x2f
    db 0x2f, 0x2f, 0x2f, 0x2f, 0x2f, 0x2f, 0x2f, 0x2f, 0x2f, 0x2f, 0x37, 0x38, 0x2b, 0x2e, 0xbe, 0x8e
    db 0x63, 0x73, 0x73, 0x73, 0x78, 0x6f, 0x92, 0xc2, 0x6c, 0x54, 0x3b, 0x1f, 0x28, 0x37, 0x3a, 0x37
    db 0x2f, 0x2f, 0x2f, 0x2f, 0x2f, 0x2f, 0x2f, 0x2f, 0x2f, 0x2f, 0x2f, 0x2f, 0x2f, 0x2f, 0x2f, 0x37
    db 0x37, 0x2f, 0x2f, 0x2f, 0x2f, 0x2f, 0x2f, 0x2f, 0x2f, 0x2f, 0x2f, 0x2f, 0x2f, 0x2f, 0x31, 0x2f
    db 0x2e, 0x16, 0x84, 0xba, 0x62, 0x6c, 0x87, 0x88, 0x83, 0x88, 0x8a, 0xbe, 0xd4, 0x53, 0x3e, 0xda
    db 0xd0, 0x83, 0x72, 0x71, 0x83, 0x97, 0x63, 0x8e, 0x40, 0x8e, 0x68, 0xd2, 0xe6, 0x92, 0x8e, 0x8e
    db 0x92, 0x94, 0x97, 0xbe, 0xc1, 0xd0, 0xbe, 0xc0, 0xf2, 0xf6, 0xf5, 0xff, 0xff, 0xff, 0xf3, 0xe8
    db 0xef, 0xff, 0xff, 0xff, 0xff, 0xff, 0xff, 0xfa, 0xfa, 0xfa, 0xfa, 0xfa, 0xfa, 0xfa, 0xfa, 0xfa
    db 0xff, 0xff, 0xfa, 0xfa, 0xfa, 0xfa, 0xfa, 0xfa, 0xfa, 0xfa, 0xfa, 0xfa, 0xff, 0xff, 0xf9, 0xee
    db 0xd3, 0xd1, 0xc9, 0xd4, 0x9c, 0x84, 0x8e, 0x30, 0x2f, 0x3a, 0x37, 0x2f, 0x38, 0x63, 0x8f, 0xff
    db 0xfa, 0xff, 0xc7, 0x06, 0x55, 0x32, 0x18, 0x18, 0x0a, 0x09, 0x06, 0x09, 0x09, 0x12, 0x19, 0x19
    db 0x12, 0x12, 0x10, 0x10, 0x06, 0x7e, 0xf4, 0xe3, 0x7f, 0x7d, 0x51, 0x0a, 0x0a, 0x25, 0x32, 0x0e
    db 0x06, 0x06, 0x33, 0x3d, 0x32, 0x18, 0x09, 0x85, 0xf0, 0x55, 0x55, 0x7c, 0x7f, 0x7f, 0x7c, 0x7c
    db 0x7c, 0x7c, 0x7f, 0xf4, 0xf7, 0xf7, 0xff, 0xf1, 0x55, 0x1a, 0xd8, 0x80, 0xd7, 0xd7, 0x57, 0x95
    db 0x27, 0x2e, 0x2b, 0x2f, 0x2f, 0x2f, 0x2f, 0x2f, 0x2f, 0x2f, 0x2f, 0x2f, 0x2f, 0x2f, 0x2f, 0x2f
    db 0x2f, 0x2f, 0x2f, 0x2f, 0x2f, 0x2f, 0x2f, 0x2f, 0x2f, 0x2f, 0x2f, 0x2f, 0x2f, 0x2f, 0x2f, 0x2f
    db 0x2f, 0x2f, 0x2f, 0x2f, 0x2f, 0x2f, 0x2f, 0x2f, 0x2f, 0x2f, 0x2f, 0x2f, 0x2f, 0x2f, 0x2f, 0x2f
    db 0x2f, 0x2f, 0x2f, 0x2f, 0x2f, 0x2f, 0x2f, 0x2f, 0x2f, 0x2f, 0x2f, 0x2f, 0x2f, 0x2f, 0x2f, 0x2f
    db 0x2f, 0x2f, 0x2f, 0x2f, 0x2f, 0x2f, 0x2f, 0x2f, 0x2f, 0x2f, 0x2f, 0x2f, 0x2f, 0x2f, 0x2f, 0x2f
    db 0x2f, 0x2f, 0x2f, 0x2f, 0x2f, 0x2f, 0x2f, 0x30, 0x1f, 0x40, 0xdd, 0x8e, 0x6a, 0x82, 0x73, 0x73
    db 0x73, 0x6f, 0x8e, 0xbe, 0x71, 0x68, 0x83, 0x6e, 0x62, 0x3b, 0x2f, 0x37, 0x2f, 0x2a, 0x2f, 0x2f
    db 0x2f, 0x2f, 0x2f, 0x2f, 0x2f, 0x2f, 0x2f, 0x2f, 0x2f, 0x2f, 0x2f, 0x2f, 0x37, 0x37, 0x2f, 0x2f
    db 0x2f, 0x2f, 0x2f, 0x2f, 0x2f, 0x2f, 0x2f, 0x2f, 0x2f, 0x2f, 0x31, 0x31, 0x16, 0x66, 0xc2, 0x66
    db 0x6a, 0x87, 0x83, 0x76, 0x76, 0x72, 0x71, 0x87, 0xd3, 0xdd, 0x69, 0x8a, 0xc1, 0x88, 0x81, 0x82
    db 0x6f, 0x92, 0x40, 0x6c, 0x6f, 0x6a, 0x63, 0xd4, 0xe6, 0xd4, 0xd4, 0xd1, 0xd1, 0xd1, 0xd1, 0xd1
    db 0xc8, 0x92, 0x73, 0xe5, 0xf3, 0xef, 0xf3, 0xf2, 0xf0, 0xf2, 0xe8, 0xef, 0xff, 0xfd, 0xff, 0xff
    db 0xff, 0xff, 0xff, 0xfa, 0xfa, 0xfa, 0xfa, 0xfa, 0xfa, 0xfa, 0xfa, 0xfa, 0xfa, 0xfa, 0xfa, 0xfa
    db 0xfa, 0xfa, 0xfa, 0xfa, 0xfa, 0xfa, 0xfa, 0xfa, 0xfb, 0xfb, 0xf6, 0xff, 0xea, 0xcc, 0xcf, 0xc2
    db 0xd4, 0x84, 0x92, 0x3b, 0x2a, 0x37, 0x37, 0x3a, 0x3a, 0x1f, 0x54, 0xf5, 0xff, 0xff, 0x85, 0x06
    db 0x51, 0x06, 0x1a, 0x33, 0x3d, 0x52, 0x52, 0x3d, 0x3d, 0x0b, 0x11, 0x12, 0x0f, 0x11, 0x10, 0x13
    db 0x09, 0x52, 0xd9, 0x7c, 0x7d, 0x56, 0x10, 0x0b, 0x3d, 0x3d, 0x1a, 0x33, 0x52, 0x52, 0x52, 0x52
    db 0x3d, 0x14, 0x09, 0x33, 0xc7, 0x56, 0x7f, 0x7c, 0x55, 0x3d, 0x7c, 0x7d, 0x7d, 0x7d, 0x7c, 0xeb
    db 0xff, 0xfe, 0xfb, 0xa8, 0x10, 0x7e, 0xe0, 0x32, 0x56, 0xc5, 0x70, 0x96, 0x3c, 0x1f, 0x31, 0x2f
    db 0x2f, 0x2f, 0x2f, 0x2f, 0x2f, 0x2f, 0x2f, 0x2f, 0x2f, 0x2f, 0x2f, 0x2f, 0x2f, 0x2f, 0x2f, 0x2f
    db 0x2f, 0x2f, 0x2f, 0x2f, 0x2f, 0x2f, 0x2f, 0x2f, 0x2f, 0x2f, 0x2f, 0x2f, 0x2f, 0x2f, 0x2f, 0x2f
    db 0x2f, 0x2f, 0x2f, 0x2f, 0x2f, 0x2f, 0x2f, 0x2f, 0x2f, 0x2f, 0x2f, 0x2f, 0x2f, 0x2f, 0x2f, 0x2f
    db 0x2f, 0x2f, 0x2f, 0x2f, 0x2f, 0x2f, 0x2f, 0x2f, 0x2f, 0x2f, 0x2f, 0x2f, 0x2f, 0x2f, 0x2f, 0x2f
    db 0x2f, 0x2f, 0x2f, 0x2f, 0x2f, 0x2f, 0x2f, 0x2f, 0x2f, 0x2f, 0x2f, 0x2f, 0x2f, 0x2f, 0x2f, 0x2f
    db 0x2f, 0x2f, 0x2f, 0x2c, 0x17, 0x68, 0xe5, 0x92, 0x77, 0x82, 0x82, 0x81, 0x72, 0x6f, 0x88, 0xbe
    db 0x67, 0x16, 0x2c, 0x40, 0x68, 0x8e, 0x50, 0x29, 0x2f, 0x2c, 0x2a, 0x2a, 0x2a, 0x2f, 0x2f, 0x2f
    db 0x2f, 0x2f, 0x2f, 0x2f, 0x2f, 0x2f, 0x2f, 0x2f, 0x37, 0x37, 0x37, 0x37, 0x2f, 0x2f, 0x2f, 0x2f
    db 0x2f, 0x2a, 0x2f, 0x2f, 0x2f, 0x2f, 0x31, 0x1e, 0x3e, 0xc2, 0x6a, 0x67, 0x87, 0x83, 0x75, 0x75
    db 0x76, 0x75, 0x8a, 0x76, 0x88, 0xd3, 0xc2, 0xba, 0x8f, 0x8a, 0x81, 0x81, 0x71, 0x8f, 0x88, 0x6e
    db 0x6e, 0x6c, 0x8e, 0xdc, 0xd4, 0xd1, 0xd1, 0xd1, 0xd5, 0xd5, 0xca, 0x94, 0x83, 0x6c, 0xbf, 0xf4
    db 0xef, 0xee, 0xf1, 0xe8, 0xef, 0xf0, 0xec, 0xf6, 0xff, 0xfe, 0xff, 0xff, 0xfa, 0xf7, 0xf4, 0xfa
    db 0xfa, 0xfa, 0xfa, 0xfa, 0xfa, 0xfa, 0xfa, 0xfa, 0xfa, 0xfa, 0xfa, 0xfa, 0xfa, 0xfa, 0xfa, 0xfa
    db 0xfa, 0xfa, 0xfa, 0xfa, 0xfa, 0xff, 0xf4, 0xf3, 0xf2, 0xd0, 0xcc, 0xc8, 0xda, 0x9c, 0x54, 0x16
    db 0x2f, 0x37, 0x3a, 0x3a, 0x3a, 0x3a, 0x29, 0xdb, 0xff, 0xff, 0x85, 0x06, 0x52, 0x7e, 0xe1, 0xf2
    db 0xf3, 0xf8, 0xf8, 0xf4, 0xed, 0x7e, 0x1a, 0x09, 0x0e, 0x12, 0x11, 0x19, 0x10, 0x85, 0x80, 0x7d
    db 0x7d, 0x32, 0x14, 0x7c, 0x7c, 0x85, 0xe9, 0xf2, 0xd3, 0xdd, 0xdd, 0x6b, 0xd8, 0x85, 0x55, 0x33
    db 0xc6, 0x7c, 0x32, 0x18, 0x0a, 0x09, 0x51, 0x7d, 0x7d, 0x7d, 0x7c, 0xc6, 0xff, 0xff, 0xf8, 0x56
    db 0x06, 0x96, 0xa1, 0x32, 0x14, 0x80, 0x80, 0x85, 0x63, 0x17, 0x2e, 0x2f, 0x2f, 0x2f, 0x2f, 0x2f
    db 0x2f, 0x2f, 0x2f, 0x2f, 0x2f, 0x2f, 0x2f, 0x2f, 0x2f, 0x2f, 0x2f, 0x2f, 0x2f, 0x2f, 0x2f, 0x2f
    db 0x2f, 0x2f, 0x2f, 0x2f, 0x2f, 0x2f, 0x2f, 0x2f, 0x2f, 0x2f, 0x2f, 0x2f, 0x2f, 0x2f, 0x2f, 0x2f
    db 0x2f, 0x2f, 0x2f, 0x2f, 0x2f, 0x2f, 0x2f, 0x2f, 0x2f, 0x2f, 0x2f, 0x2f, 0x2f, 0x2f, 0x2f, 0x2f
    db 0x2f, 0x2f, 0x2f, 0x2f, 0x2f, 0x2f, 0x2f, 0x2f, 0x2f, 0x2f, 0x2f, 0x2f, 0x2f, 0x2f, 0x2f, 0x2f
    db 0x2f, 0x2f, 0x2f, 0x2f, 0x2f, 0x2f, 0x2f, 0x2f, 0x2f, 0x2f, 0x2f, 0x2f, 0x2f, 0x2f, 0x2c, 0x2f
    db 0x17, 0x8e, 0xdc, 0x97, 0x82, 0x82, 0x81, 0x81, 0x76, 0x71, 0x83, 0xc2, 0x68, 0x36, 0x2c, 0x20
    db 0x16, 0x71, 0x40, 0x1e, 0x2f, 0x2c, 0x2a, 0x2a, 0x2a, 0x2f, 0x2f, 0x2f, 0x2f, 0x2f, 0x2f, 0x2f
    db 0x2f, 0x2f, 0x2f, 0x2f, 0x2f, 0x2f, 0x2f, 0x2f, 0x2f, 0x2f, 0x2f, 0x2f, 0x2f, 0x2a, 0x2f, 0x2f
    db 0x2f, 0x2f, 0x2a, 0x2e, 0x95, 0x88, 0x62, 0x81, 0x87, 0x82, 0x83, 0x83, 0x72, 0x8a, 0x8e, 0x81
    db 0x82, 0x88, 0x97, 0x97, 0x88, 0x83, 0x83, 0x83, 0x82, 0x72, 0x8e, 0xc2, 0x92, 0x8a, 0xda, 0xd4
    db 0xd0, 0xd0, 0xd3, 0xc8, 0x9b, 0x90, 0x87, 0x81, 0x71, 0x8b, 0xf4, 0xf6, 0xf3, 0xf2, 0xe8, 0xf0
    db 0xf8, 0xef, 0xf4, 0xff, 0xff, 0xfe, 0xfa, 0xfa, 0xff, 0xf3, 0xf2, 0xff, 0xfa, 0xff, 0xff, 0xfa
    db 0xfa, 0xfa, 0xfa, 0xfa, 0xfa, 0xfa, 0xfa, 0xfa, 0xfa, 0xfa, 0xfa, 0xfa, 0xfa, 0xfa, 0xfa, 0xf7
    db 0xfa, 0xfa, 0xfa, 0xf3, 0xf5, 0xe8, 0xc1, 0xc9, 0xda, 0x6f, 0x0d, 0x2a, 0x2f, 0x37, 0x37, 0x3a
    db 0x37, 0x37, 0x1e, 0x6a, 0xfa, 0xff, 0x84, 0x7e, 0xf4, 0xff, 0xff, 0xfd, 0xf6, 0xf4, 0xf4, 0xf6
    db 0xf5, 0xf0, 0x7f, 0x32, 0x18, 0x18, 0x0e, 0x0e, 0x14, 0xa1, 0x7f, 0x7f, 0x56, 0x0b, 0x55, 0x80
    db 0xc7, 0x54, 0xf2, 0xff, 0xf2, 0xef, 0x96, 0x3d, 0x3d, 0x33, 0x14, 0x06, 0x96, 0x51, 0x06, 0x18
    db 0x13, 0x10, 0x32, 0x7c, 0x7d, 0x7d, 0x7d, 0x80, 0xf3, 0xff, 0xf4, 0x3d, 0x33, 0x85, 0x3d, 0x32
    db 0x06, 0x55, 0xa1, 0x85, 0x6b, 0x17, 0x2e, 0x2f, 0x2f, 0x2f, 0x2f, 0x2f, 0x2f, 0x2f, 0x2f, 0x2f
    db 0x2f, 0x2f, 0x2f, 0x2f, 0x2f, 0x2f, 0x2f, 0x2f, 0x2f, 0x2f, 0x2f, 0x2f, 0x2f, 0x2f, 0x2f, 0x2f
    db 0x2f, 0x2f, 0x2f, 0x2f, 0x2f, 0x2f, 0x2f, 0x2f, 0x2f, 0x2f, 0x2f, 0x2f, 0x2f, 0x2f, 0x2f, 0x2f
    db 0x2f, 0x2f, 0x2f, 0x2f, 0x2f, 0x2f, 0x2f, 0x2f, 0x2f, 0x2f, 0x2f, 0x2f, 0x2f, 0x2f, 0x2f, 0x2f
    db 0x2f, 0x2f, 0x2f, 0x2f, 0x2f, 0x2f, 0x2f, 0x2f, 0x2f, 0x2f, 0x2f, 0x2f, 0x2f, 0x2f, 0x2f, 0x2f
    db 0x2f, 0x2f, 0x2f, 0x2f, 0x2f, 0x2f, 0x2f, 0x2f, 0x2f, 0x2f, 0x2f, 0x29, 0x30, 0xbe, 0xda, 0x97
    db 0x73, 0x81, 0x81, 0x81, 0x75, 0x71, 0x6f, 0xbe, 0x6f, 0x3b, 0x24, 0x21, 0x44, 0x8a, 0x2a, 0x2a
    db 0x2f, 0x2c, 0x2f, 0x2f, 0x2f, 0x2f, 0x2f, 0x2f, 0x2f, 0x2f, 0x2f, 0x2f, 0x2f, 0x2f, 0x2f, 0x2f
    db 0x2f, 0x2f, 0x2f, 0x2f, 0x2f, 0x2f, 0x2f, 0x2f, 0x2f, 0x2f, 0x2f, 0x2f, 0x37, 0x2f, 0x16, 0x6e
    db 0xba, 0x54, 0x6c, 0x83, 0x82, 0x81, 0x88, 0x8a, 0x72, 0x95, 0x87, 0x87, 0x83, 0x82, 0x83, 0x8b
    db 0x83, 0x83, 0x83, 0x83, 0x84, 0x88, 0x84, 0x97, 0x6a, 0x6a, 0xd2, 0xc1, 0xbe, 0x95, 0x8a, 0x7b
    db 0x73, 0x7b, 0x82, 0x83, 0x83, 0xee, 0xff, 0xf6, 0xf6, 0xf2, 0xef, 0xff, 0xf2, 0xf2, 0xff, 0xfa
    db 0xfa, 0xfc, 0xfa, 0xfa, 0xfa, 0xef, 0xf4, 0xff, 0xfa, 0xfa, 0xfa, 0xff, 0xf7, 0xfa, 0xfa, 0xfa
    db 0xfa, 0xfa, 0xfa, 0xfa, 0xfa, 0xfa, 0xfa, 0xfa, 0xfa, 0xfa, 0xfa, 0xfa, 0xfa, 0xfa, 0xf8, 0xff
    db 0xff, 0xef, 0xc2, 0xc9, 0xd2, 0x97, 0x2a, 0x30, 0x37, 0x37, 0x37, 0x37, 0x37, 0x37, 0x2b, 0x38
    db 0xee, 0xff, 0xef, 0xf3, 0xf0, 0xd8, 0x80, 0x7e, 0x7e, 0x7f, 0x80, 0x80, 0xc3, 0xe1, 0xd7, 0x7c
    db 0x32, 0x3d, 0x55, 0x70, 0x96, 0xd8, 0x7c, 0x7f, 0x56, 0x14, 0x56, 0xd8, 0x52, 0x00, 0x85, 0xed
    db 0xc7, 0x57, 0x33, 0x25, 0x3d, 0x55, 0x25, 0x06, 0x85, 0x55, 0x06, 0x0b, 0x10, 0x12, 0x09, 0x55
    db 0x7d, 0x7d, 0x7d, 0x7f, 0xc6, 0xfd, 0xed, 0x32, 0x3d, 0xd7, 0xb3, 0xa1, 0x51, 0x0b, 0x80, 0x85
    db 0x6b, 0x0d, 0x2e, 0x2f, 0x2f, 0x2f, 0x2f, 0x2f, 0x2f, 0x2f, 0x2f, 0x2f, 0x2f, 0x2f, 0x2f, 0x2f
    db 0x2f, 0x2f, 0x2f, 0x2f, 0x2f, 0x2f, 0x2f, 0x2f, 0x2f, 0x2f, 0x2f, 0x2f, 0x2f, 0x2f, 0x2f, 0x2f
    db 0x2f, 0x2f, 0x2f, 0x2f, 0x2f, 0x2f, 0x2f, 0x2f, 0x2f, 0x2f, 0x2f, 0x2f, 0x2f, 0x2f, 0x2f, 0x2f
    db 0x2f, 0x2f, 0x2f, 0x2f, 0x2f, 0x2f, 0x2f, 0x2f, 0x2f, 0x2f, 0x2f, 0x2f, 0x2f, 0x2f, 0x2f, 0x2f
    db 0x2f, 0x2f, 0x2f, 0x2f, 0x2f, 0x2f, 0x2f, 0x2f, 0x2f, 0x2f, 0x2f, 0x2f, 0x2f, 0x2f, 0x2f, 0x2f
    db 0x2f, 0x2f, 0x2f, 0x2f, 0x2f, 0x2f, 0x30, 0x2b, 0x3c, 0xd4, 0xd4, 0x92, 0x71, 0x81, 0x81, 0x81
    db 0x76, 0x72, 0x6e, 0x9c, 0x8a, 0x40, 0x16, 0x3b, 0x8e, 0x67, 0x27, 0x2f, 0x2f, 0x2c, 0x2f, 0x2f
    db 0x2f, 0x2f, 0x2f, 0x2f, 0x2f, 0x2f, 0x2f, 0x2f, 0x2f, 0x2f, 0x2f, 0x2f, 0x2f, 0x2f, 0x2f, 0x2f
    db 0x2f, 0x2f, 0x2f, 0x2f, 0x2f, 0x2f, 0x37, 0x37, 0x37, 0x1e, 0x40, 0xc2, 0x63, 0x68, 0x7b, 0x81
    db 0x81, 0x75, 0x8a, 0x8b, 0x83, 0x9c, 0x72, 0x92, 0x83, 0x7b, 0x7b, 0x7b, 0x83, 0x84, 0x87, 0x8f
    db 0x92, 0x87, 0x84, 0x8f, 0x28, 0x40, 0x8f, 0x40, 0x40, 0x54, 0x6c, 0x8a, 0x88, 0x72, 0x76, 0x84
    db 0x8b, 0xf2, 0xff, 0xf9, 0xf7, 0xf4, 0xf7, 0xf6, 0xef, 0xf7, 0xfe, 0xfa, 0xfc, 0xfc, 0xf8, 0xfa
    db 0xf7, 0xf6, 0xff, 0xfa, 0xfa, 0xf7, 0xff, 0xf5, 0xf6, 0xfa, 0xfa, 0xfa, 0xff, 0xff, 0xff, 0xfa
    db 0xfa, 0xfa, 0xfa, 0xfa, 0xfa, 0xff, 0xfa, 0xfa, 0xfa, 0xfa, 0xfd, 0xfd, 0xfb, 0xf9, 0xe8, 0xc1
    db 0xd2, 0xdc, 0x3f, 0x28, 0x37, 0x37, 0x37, 0x37, 0x37, 0x37, 0x30, 0x0d, 0x8b, 0xff, 0xf3, 0x85
    db 0x3d, 0x1a, 0x06, 0x06, 0x09, 0x14, 0x3d, 0x55, 0x7c, 0x7c, 0xc6, 0xc3, 0xd7, 0xeb, 0xa8, 0x80
    db 0xc6, 0xe3, 0x7c, 0x55, 0x32, 0x09, 0x56, 0xc6, 0x3d, 0x3d, 0x33, 0x1a, 0x09, 0x32, 0x51, 0x56
    db 0x55, 0x32, 0x19, 0x06, 0x85, 0x51, 0x06, 0x14, 0x0b, 0x10, 0x09, 0x51, 0x7d, 0x7d, 0x7d, 0x7d
    db 0x7f, 0xf3, 0xe0, 0x25, 0x70, 0xd7, 0x7c, 0xa1, 0x80, 0x1a, 0x57, 0x85, 0x63, 0x17, 0x2e, 0x2f
    db 0x2f, 0x2f, 0x2f, 0x2f, 0x2f, 0x2f, 0x2f, 0x2f, 0x2f, 0x2f, 0x2f, 0x2f, 0x2f, 0x2f, 0x2f, 0x2f
    db 0x2f, 0x2f, 0x2f, 0x2f, 0x2f, 0x2f, 0x2f, 0x2f, 0x2f, 0x2f, 0x2f, 0x2f, 0x2f, 0x2f, 0x2f, 0x2f
    db 0x2f, 0x2f, 0x2f, 0x2f, 0x2f, 0x2f, 0x2f, 0x2f, 0x2f, 0x2f, 0x2f, 0x2f, 0x2f, 0x2f, 0x2f, 0x2f
    db 0x2f, 0x2f, 0x2f, 0x2f, 0x2f, 0x2f, 0x2f, 0x2f, 0x2f, 0x2f, 0x2f, 0x2f, 0x2f, 0x2f, 0x2f, 0x2f
    db 0x2f, 0x2f, 0x2f, 0x2f, 0x2f, 0x2f, 0x2f, 0x2f, 0x2f, 0x2f, 0x2f, 0x2f, 0x2f, 0x2f, 0x2a, 0x2f
    db 0x2f, 0x2f, 0x2b, 0x1f, 0x40, 0xdc, 0xd3, 0x8f, 0x71, 0x75, 0x75, 0x75, 0x75, 0x77, 0x71, 0x92
    db 0x95, 0x62, 0x21, 0x63, 0x9c, 0x3b, 0x29, 0x2a, 0x2a, 0x2f, 0x2f, 0x2f, 0x2f, 0x2f, 0x2f, 0x2f
    db 0x2f, 0x2f, 0x2f, 0x2f, 0x2f, 0x2f, 0x2f, 0x2f, 0x2f, 0x2f, 0x2f, 0x2f, 0x2f, 0x2f, 0x2f, 0x37
    db 0x37, 0x38, 0x38, 0x37, 0x2e, 0x2e, 0x92, 0x6c, 0x62, 0x73, 0x77, 0x79, 0x77, 0x72, 0x8e, 0x92
    db 0x87, 0xc2, 0x88, 0x95, 0x71, 0x76, 0x76, 0x76, 0x75, 0x8a, 0x8f, 0x6a, 0x3f, 0x1e, 0x62, 0x92
    db 0x28, 0x50, 0x84, 0x28, 0x0d, 0x0d, 0x0d, 0x3b, 0x63, 0x88, 0x88, 0x72, 0xbf, 0xfa, 0xff, 0xff
    db 0xff, 0xff, 0xfa, 0xf6, 0xf6, 0xff, 0xfa, 0xfa, 0xfa, 0xfa, 0xfd, 0xf9, 0xf9, 0xfc, 0xf7, 0xf8
    db 0xfc, 0xff, 0xf1, 0xe1, 0xf6, 0xfa, 0xfc, 0xf7, 0xf7, 0xfa, 0xfa, 0xfa, 0xfa, 0xfa, 0xfa, 0xfa
    db 0xfa, 0xfa, 0xfa, 0xfa, 0xfa, 0xff, 0xfa, 0xfa, 0xff, 0xf7, 0xee, 0xd5, 0xd2, 0xe6, 0x66, 0x1e
    db 0x2f, 0x37, 0x37, 0x37, 0x36, 0x36, 0x30, 0x17, 0x40, 0xe8, 0x71, 0x06, 0x06, 0x0e, 0x18, 0x09
    db 0x14, 0x0b, 0x06, 0x1a, 0x51, 0x7f, 0x7f, 0xeb, 0xf1, 0x7f, 0x55, 0x51, 0x3d, 0xc6, 0xe3, 0x70
    db 0x06, 0x0b, 0x33, 0x51, 0x51, 0x51, 0x55, 0x56, 0x7c, 0x7c, 0x56, 0x32, 0x10, 0x13, 0x18, 0x1a
    db 0xc6, 0x3d, 0x09, 0x10, 0x10, 0x12, 0x10, 0x25, 0x7c, 0x7d, 0x7d, 0x7c, 0x7c, 0xdf, 0xa1, 0x32
    db 0x33, 0xd7, 0x7f, 0x7f, 0x7f, 0x51, 0x51, 0x95, 0x40, 0x1e, 0x2e, 0x2f, 0x2f, 0x2f, 0x2f, 0x37
    db 0x2f, 0x2f, 0x2f, 0x2f, 0x2f, 0x2f, 0x2f, 0x2f, 0x2a, 0x2f, 0x2f, 0x2f, 0x2f, 0x2f, 0x2f, 0x2f
    db 0x2f, 0x2f, 0x2f, 0x2f, 0x2f, 0x2f, 0x2f, 0x2f, 0x2f, 0x2f, 0x2f, 0x2f, 0x2f, 0x2f, 0x2f, 0x2f
    db 0x2f, 0x2f, 0x2f, 0x2f, 0x2f, 0x2f, 0x2f, 0x2f, 0x2f, 0x2f, 0x2f, 0x2f, 0x2f, 0x2f, 0x2f, 0x2f
    db 0x2f, 0x2f, 0x2f, 0x2f, 0x2f, 0x2f, 0x2f, 0x2f, 0x2f, 0x2f, 0x2f, 0x2f, 0x2f, 0x2f, 0x2f, 0x2f
    db 0x2f, 0x2f, 0x2f, 0x2f, 0x2f, 0x2f, 0x2f, 0x2f, 0x2f, 0x2f, 0x2f, 0x37, 0x37, 0x37, 0x30, 0x1f
    db 0x62, 0xe4, 0xce, 0x8f, 0x71, 0x72, 0x75, 0x75, 0x75, 0x77, 0x73, 0x8a, 0xd0, 0x6a, 0x62, 0x8a
    db 0x74, 0x16, 0x2a, 0x2f, 0x2f, 0x2f, 0x2f, 0x2f, 0x2f, 0x2f, 0x2f, 0x2f, 0x2f, 0x2f, 0x2f, 0x2f
    db 0x2f, 0x2f, 0x2f, 0x2f, 0x2f, 0x2f, 0x2f, 0x2f, 0x2f, 0x37, 0x37, 0x37, 0x37, 0x38, 0x38, 0x31
    db 0x27, 0x6a, 0x8e, 0x54, 0x6e, 0x7b, 0x79, 0x82, 0x7b, 0x73, 0x8a, 0x99, 0x8a, 0xdd, 0xc1, 0x8f
    db 0x72, 0x76, 0x76, 0x72, 0x8e, 0x6f, 0x3c, 0x16, 0x20, 0x20, 0x60, 0x8a, 0x29, 0x63, 0x6e, 0x36
    db 0x1e, 0x23, 0x20, 0x16, 0x0d, 0x36, 0x68, 0x8f, 0xef, 0xff, 0xff, 0xff, 0xff, 0xfa, 0xfa, 0xfa
    db 0xfa, 0xfa, 0xfa, 0xfa, 0xfa, 0xfa, 0xfb, 0xfb, 0xfd, 0xf8, 0xfb, 0xff, 0xfb, 0xed, 0x85, 0xed
    db 0xff, 0xf1, 0xf0, 0xfd, 0xf8, 0xfa, 0xfa, 0xfa, 0xfa, 0xfa, 0xfa, 0xfa, 0xfa, 0xfa, 0xfa, 0xfa
    db 0xfa, 0xff, 0xfa, 0xff, 0xfa, 0xff, 0xef, 0xd5, 0xd2, 0xe6, 0x88, 0x27, 0x2f, 0x37, 0x37, 0x37
    db 0x36, 0x37, 0x38, 0x17, 0x62, 0x68, 0x85, 0x1a, 0x06, 0x19, 0x12, 0x51, 0x3d, 0x33, 0x3d, 0x52
    db 0x3d, 0x3d, 0x56, 0x80, 0xed, 0x55, 0x06, 0x09, 0x06, 0x56, 0xe9, 0xe1, 0x3d, 0x0b, 0x25, 0x3d
    db 0x56, 0x56, 0x56, 0x55, 0x3d, 0x32, 0x13, 0x0b, 0x13, 0x13, 0x0a, 0x52, 0xa8, 0x32, 0x0a, 0x12
    db 0x12, 0x19, 0x12, 0x09, 0x55, 0x7d, 0x7c, 0x7d, 0x7d, 0x7f, 0x7f, 0x32, 0x09, 0xa8, 0x7f, 0x7d
    db 0x80, 0x3d, 0x51, 0x95, 0x3c, 0x29, 0x2a, 0x2f, 0x2f, 0x2f, 0x2f, 0x37, 0x2f, 0x2f, 0x2f, 0x2f
    db 0x2f, 0x2f, 0x2f, 0x2f, 0x2a, 0x2f, 0x2f, 0x2f, 0x2f, 0x2f, 0x2f, 0x2f, 0x2f, 0x2f, 0x2f, 0x2f
    db 0x2f, 0x2f, 0x2f, 0x2f, 0x2f, 0x2f, 0x2f, 0x2f, 0x2f, 0x2f, 0x2f, 0x2f, 0x2f, 0x2f, 0x2f, 0x2f
    db 0x2f, 0x2f, 0x2f, 0x2f, 0x2f, 0x2f, 0x2f, 0x2f, 0x2f, 0x2f, 0x2f, 0x2f, 0x2f, 0x2f, 0x2f, 0x2f
    db 0x2f, 0x2f, 0x2f, 0x2f, 0x2f, 0x2f, 0x2f, 0x2f, 0x2f, 0x2f, 0x2f, 0x2f, 0x2f, 0x2f, 0x2f, 0x2f
    db 0x2f, 0x2f, 0x2f, 0x2f, 0x2f, 0x2f, 0x2f, 0x37, 0x37, 0x37, 0x37, 0x1e, 0x6a, 0xdd, 0xd0, 0x8b
    db 0x71, 0x75, 0x72, 0x72, 0x74, 0x81, 0x73, 0x81, 0xd4, 0x84, 0x6d, 0xbe, 0x40, 0x16, 0x2a, 0x2f
    db 0x2f, 0x2f, 0x37, 0x37, 0x2f, 0x2f, 0x2f, 0x2f, 0x2f, 0x2f, 0x2f, 0x2f, 0x2f, 0x2f, 0x2f, 0x2f
    db 0x2f, 0x2f, 0x2f, 0x2f, 0x2f, 0x2f, 0x37, 0x37, 0x37, 0x38, 0x3a, 0x1f, 0x3f, 0x97, 0x62, 0x68
    db 0x83, 0x7b, 0x81, 0x81, 0x7b, 0x7b, 0x88, 0xc2, 0x8f, 0xe6, 0xdd, 0x87, 0x7b, 0x81, 0x72, 0x8f
    db 0x68, 0x16, 0x16, 0x24, 0x24, 0x20, 0x4a, 0x71, 0x2c, 0x68, 0x6c, 0x28, 0x1e, 0x23, 0x22, 0x23
    db 0x23, 0x1e, 0x08, 0x63, 0xf4, 0xff, 0xff, 0xfa, 0xfa, 0xfa, 0xfa, 0xff, 0xff, 0xfa, 0xfa, 0xfa
    db 0xfa, 0xfd, 0xf9, 0xf9, 0xf9, 0xff, 0xff, 0xf0, 0xc3, 0x55, 0xc3, 0xff, 0xf3, 0x80, 0xec, 0xff
    db 0xfa, 0xfa, 0xfa, 0xf7, 0xf6, 0xff, 0xfa, 0xfa, 0xff, 0xff, 0xff, 0xff, 0xff, 0xff, 0xff, 0xff
    db 0xfa, 0xff, 0xf5, 0xe4, 0xd2, 0xdc, 0xc2, 0x39, 0x2a, 0x37, 0x37, 0x37, 0x37, 0x37, 0x38, 0x3b
    db 0x68, 0x07, 0x95, 0x3d, 0x06, 0x06, 0x3d, 0x52, 0x7e, 0xe9, 0xf4, 0xea, 0xe8, 0x96, 0x70, 0x7e
    db 0xeb, 0x70, 0x06, 0x12, 0x0b, 0x14, 0x96, 0xc7, 0x33, 0x0e, 0x18, 0x0f, 0x0a, 0x09, 0x09, 0x06
    db 0x06, 0x09, 0x10, 0x18, 0x18, 0x18, 0x1a, 0xa8, 0x7c, 0x0e, 0x0f, 0x12, 0x12, 0x12, 0x12, 0x09
    db 0x51, 0x7d, 0x7c, 0x7d, 0x7d, 0x7d, 0x7d, 0x32, 0x51, 0xa8, 0x7f, 0xa8, 0x70, 0x51, 0x51, 0x96
    db 0x3a, 0x2b, 0x2f, 0x2f, 0x2f, 0x2f, 0x2f, 0x2f, 0x2f, 0x2f, 0x2f, 0x2f, 0x2f, 0x2f, 0x2f, 0x2f
    db 0x2f, 0x2f, 0x2f, 0x2f, 0x2f, 0x2f, 0x2f, 0x2f, 0x2f, 0x2f, 0x2f, 0x2f, 0x2f, 0x2f, 0x2f, 0x2f
    db 0x2f, 0x2f, 0x2f, 0x2f, 0x2f, 0x2f, 0x2f, 0x2f, 0x2f, 0x2f, 0x2f, 0x2f, 0x2f, 0x2f, 0x2f, 0x2f
    db 0x2f, 0x2f, 0x2f, 0x2f, 0x2f, 0x2f, 0x2f, 0x2f, 0x2f, 0x2f, 0x2f, 0x2f, 0x2f, 0x2f, 0x2f, 0x2f
    db 0x2f, 0x2f, 0x2f, 0x2f, 0x37, 0x37, 0x2f, 0x2f, 0x2f, 0x2f, 0x2f, 0x2f, 0x2f, 0x2f, 0x2f, 0x2f
    db 0x2f, 0x2f, 0x2f, 0x37, 0x37, 0x37, 0x38, 0x1e, 0x74, 0xdd, 0xd2, 0x8f, 0x71, 0x75, 0x72, 0x75
    db 0x74, 0x77, 0x7b, 0x73, 0x97, 0x95, 0x78, 0xba, 0x2a, 0x29, 0x2f, 0x2f, 0x2f, 0x2f, 0x37, 0x37
    db 0x2f, 0x2f, 0x2f, 0x2f, 0x2f, 0x2f, 0x2f, 0x2f, 0x2f, 0x2f, 0x2f, 0x2f, 0x2f, 0x2f, 0x2f, 0x37
    db 0x37, 0x37, 0x37, 0x37, 0x37, 0x38, 0x38, 0x1e, 0x8a, 0x6c, 0x62, 0x7b, 0x7b, 0x7b, 0x81, 0x81
    db 0x7b, 0x73, 0x87, 0xd0, 0xba, 0xe6, 0xc2, 0x74, 0x83, 0x82, 0x8e, 0x65, 0x0d, 0x1e, 0x20, 0x1e
    db 0x28, 0x16, 0x40, 0x6c, 0x2c, 0x6c, 0x6a, 0x21, 0x1e, 0x23, 0x24, 0x24, 0x21, 0x1e, 0x0d, 0x88
    db 0xff, 0xf7, 0xff, 0xfa, 0xfa, 0xfa, 0xfa, 0xfa, 0xfa, 0xfa, 0xfa, 0xfa, 0xff, 0xf5, 0xf6, 0xfe
    db 0xf8, 0xed, 0xa8, 0x56, 0x51, 0x85, 0xf8, 0xf0, 0x56, 0x51, 0xed, 0xff, 0xfa, 0xff, 0xfa, 0xfa
    db 0xef, 0xf3, 0xff, 0xfa, 0xff, 0xff, 0xff, 0xff, 0xff, 0xff, 0xff, 0xff, 0xfa, 0xfa, 0xff, 0xef
    db 0xcc, 0xd5, 0xe5, 0x54, 0x1e, 0x37, 0x37, 0x37, 0x37, 0x38, 0x17, 0x40, 0x54, 0x00, 0x63, 0x70
    db 0x06, 0x14, 0x3d, 0x95, 0x63, 0x83, 0xff, 0xf5, 0xf3, 0x71, 0x57, 0x7c, 0xe3, 0x57, 0x06, 0x13
    db 0x18, 0x0b, 0x33, 0x85, 0x33, 0x0b, 0x25, 0x19, 0x13, 0x10, 0x10, 0x11, 0x10, 0x10, 0x10, 0x0f
    db 0x0b, 0x06, 0x7e, 0x80, 0x32, 0x0f, 0x0f, 0x12, 0x12, 0x19, 0x12, 0x09, 0x51, 0x7d, 0x7d, 0x7d
    db 0x7d, 0x7d, 0x7f, 0x3d, 0x7e, 0xe3, 0x80, 0x3d, 0x33, 0x56, 0x52, 0x96, 0x0d, 0x30, 0x31, 0x37
    db 0x37, 0x2f, 0x2f, 0x2f, 0x2f, 0x2f, 0x2f, 0x2f, 0x2f, 0x2f, 0x2f, 0x2f, 0x2f, 0x2f, 0x2f, 0x2f
    db 0x2f, 0x2f, 0x2f, 0x2f, 0x2f, 0x2f, 0x2f, 0x2f, 0x2f, 0x2f, 0x2f, 0x2f, 0x2f, 0x2f, 0x2f, 0x2f
    db 0x2f, 0x2f, 0x2f, 0x2f, 0x2f, 0x2f, 0x2f, 0x2f, 0x2f, 0x2f, 0x2f, 0x2f, 0x2f, 0x2f, 0x2f, 0x2f
    db 0x2f, 0x2f, 0x2f, 0x2f, 0x2f, 0x2f, 0x2f, 0x2f, 0x2f, 0x2f, 0x2f, 0x2f, 0x2f, 0x2f, 0x2f, 0x2f
    db 0x2f, 0x2f, 0x2f, 0x2f, 0x2f, 0x2f, 0x2f, 0x2f, 0x2f, 0x2f, 0x2f, 0x2f, 0x2f, 0x2f, 0x2f, 0x37
    db 0x37, 0x37, 0x30, 0x1f, 0x88, 0xdc, 0xce, 0x92, 0x6f, 0x73, 0x72, 0x72, 0x76, 0x76, 0x76, 0x7b
    db 0x8e, 0xc2, 0x8e, 0x84, 0x0d, 0x2a, 0x2a, 0x2f, 0x2f, 0x2f, 0x2f, 0x2f, 0x2f, 0x2f, 0x2f, 0x2f
    db 0x2f, 0x2f, 0x2f, 0x2f, 0x2f, 0x2f, 0x2f, 0x2f, 0x2f, 0x2f, 0x2f, 0x2f, 0x2f, 0x37, 0x37, 0x37
    db 0x37, 0x38, 0x17, 0x63, 0x92, 0x50, 0x6c, 0x83, 0x82, 0x82, 0x82, 0x81, 0x7b, 0x76, 0x87, 0xc2
    db 0xbe, 0xe5, 0x92, 0x81, 0x83, 0x8e, 0x6e, 0x16, 0x21, 0x22, 0x22, 0x20, 0x20, 0x16, 0x40, 0x68
    db 0x28, 0x6c, 0x6a, 0x1e, 0x22, 0x20, 0x22, 0x24, 0x21, 0x1e, 0x1e, 0x97, 0xf6, 0xfa, 0xfa, 0xfa
    db 0xfa, 0xfa, 0xfb, 0xfb, 0xfd, 0xf7, 0xfe, 0xff, 0xef, 0xf2, 0xff, 0xf1, 0xc3, 0x7c, 0x56, 0x7e
    db 0xe1, 0xf1, 0xc6, 0x51, 0x06, 0x55, 0xf1, 0xff, 0xf1, 0xed, 0xff, 0xfb, 0xf4, 0xe8, 0xf4, 0xff
    db 0xf7, 0xf9, 0xfa, 0xf9, 0xf9, 0xf9, 0xfa, 0xfa, 0xfa, 0xfa, 0xff, 0xf4, 0xdb, 0xca, 0xe5, 0x8f
    db 0x0d, 0x2b, 0x30, 0x37, 0x31, 0x1e, 0x40, 0xd3, 0x63, 0x4c, 0x68, 0x85, 0x06, 0x06, 0x85, 0xbf
    db 0x07, 0x35, 0xc7, 0x85, 0x52, 0x33, 0x51, 0x56, 0xe0, 0x57, 0x06, 0x13, 0x19, 0x18, 0x09, 0x3d
    db 0x85, 0x3d, 0x06, 0x09, 0x0e, 0x19, 0x25, 0x25, 0x25, 0x13, 0x09, 0x06, 0x1a, 0x7e, 0xa1, 0x32
    db 0x09, 0x0f, 0x0f, 0x12, 0x12, 0x12, 0x12, 0x10, 0x32, 0x7d, 0x7d, 0x7d, 0x7d, 0x7d, 0x7d, 0x51
    db 0x1a, 0x56, 0x0b, 0x3d, 0x7f, 0x32, 0x85, 0x68, 0x27, 0x2e, 0x2c, 0x2f, 0x2f, 0x2f, 0x2f, 0x2f
    db 0x2f, 0x2f, 0x2f, 0x2f, 0x2f, 0x2f, 0x2f, 0x2f, 0x2f, 0x2f, 0x2f, 0x2f, 0x2f, 0x2f, 0x2f, 0x2f
    db 0x2f, 0x2f, 0x2f, 0x2f, 0x2f, 0x2f, 0x2f, 0x2f, 0x2f, 0x2f, 0x2f, 0x2f, 0x2f, 0x2f, 0x2f, 0x2f
    db 0x2f, 0x2f, 0x2f, 0x2f, 0x2f, 0x2f, 0x2f, 0x2f, 0x2f, 0x2f, 0x2f, 0x2f, 0x2f, 0x2f, 0x2f, 0x2f
    db 0x2f, 0x2f, 0x2f, 0x2f, 0x2f, 0x2f, 0x2f, 0x37, 0x37, 0x37, 0x2f, 0x2f, 0x2f, 0x2f, 0x2f, 0x2f
    db 0x2f, 0x2f, 0x2f, 0x2f, 0x2f, 0x2f, 0x2f, 0x2f, 0x2f, 0x2f, 0x2f, 0x2f, 0x37, 0x37, 0x2f, 0x1f
    db 0x8e, 0xda, 0xd1, 0x97, 0x71, 0x77, 0x76, 0x74, 0x76, 0x76, 0x76, 0x7b, 0x73, 0xc1, 0xc2, 0x63
    db 0x0d, 0x36, 0x2f, 0x37, 0x37, 0x37, 0x37, 0x37, 0x37, 0x2f, 0x2f, 0x2f, 0x2f, 0x2f, 0x2f, 0x2f
    db 0x2f, 0x2f, 0x2f, 0x2f, 0x2f, 0x2f, 0x2f, 0x37, 0x37, 0x3a, 0x3a, 0x37, 0x37, 0x2f, 0x3b, 0x97
    db 0x66, 0x63, 0x82, 0x82, 0x82, 0x82, 0x82, 0x81, 0x81, 0x76, 0x82, 0xbe, 0xc2, 0xe4, 0x88, 0x83
    db 0x88, 0x8f, 0x3b, 0x21, 0x24, 0x22, 0x22, 0x22, 0x22, 0x16, 0x40, 0x63, 0x27, 0x6e, 0x68, 0x16
    db 0x22, 0x21, 0x21, 0x24, 0x21, 0x1e, 0x0d, 0x6b, 0xf6, 0xff, 0xfa, 0xfa, 0xfa, 0xfa, 0xfc, 0xf9
    db 0xfe, 0xff, 0xf5, 0xd9, 0x96, 0xf8, 0xed, 0x7e, 0x51, 0x7c, 0x80, 0x96, 0x80, 0x51, 0x25, 0x0e
    db 0x0e, 0x70, 0xf5, 0xff, 0xd8, 0x57, 0xf0, 0xf2, 0xff, 0xf2, 0xe1, 0xf3, 0xff, 0xfa, 0xf8, 0xfa
    db 0xfb, 0xfb, 0xfa, 0xfa, 0xfa, 0xfa, 0xfd, 0xf3, 0xe7, 0xc8, 0xda, 0xc2, 0x28, 0x1f, 0x30, 0x30
    db 0x30, 0x0d, 0x63, 0xf3, 0x8b, 0x6b, 0x6b, 0x84, 0x33, 0x3d, 0x70, 0x3d, 0x33, 0x25, 0x06, 0x19
    db 0x51, 0x7f, 0x55, 0x1a, 0xd8, 0x56, 0x09, 0x19, 0x18, 0x18, 0x19, 0x09, 0x33, 0x7e, 0x70, 0x33
    db 0x06, 0x0b, 0x10, 0x0b, 0x10, 0x1a, 0x33, 0x57, 0x80, 0x7e, 0x1a, 0x09, 0x10, 0x0f, 0x0f, 0x12
    db 0x12, 0x12, 0x12, 0x12, 0x25, 0x7c, 0x7d, 0x7d, 0x7d, 0x7d, 0x7d, 0x51, 0x09, 0x09, 0x3d, 0x7c
    db 0x32, 0x3d, 0x9d, 0x2b, 0x2f, 0x30, 0x31, 0x2f, 0x2f, 0x2f, 0x2f, 0x2f, 0x2f, 0x2f, 0x2f, 0x2f
    db 0x2f, 0x2f, 0x2f, 0x2f, 0x2f, 0x2f, 0x2f, 0x2f, 0x2f, 0x2f, 0x2f, 0x2f, 0x2f, 0x2f, 0x2f, 0x2f
    db 0x2f, 0x2f, 0x2f, 0x2f, 0x2f, 0x2f, 0x2f, 0x2f, 0x2f, 0x2f, 0x2f, 0x2f, 0x2f, 0x2f, 0x2f, 0x2f
    db 0x2f, 0x2f, 0x2f, 0x2f, 0x2f, 0x2f, 0x2f, 0x2f, 0x2f, 0x2f, 0x2f, 0x2f, 0x2f, 0x2f, 0x2f, 0x2f
    db 0x2f, 0x2f, 0x2f, 0x2f, 0x2f, 0x2f, 0x2f, 0x2f, 0x2f, 0x2f, 0x2f, 0x2f, 0x2f, 0x2f, 0x2f, 0x2f
    db 0x2f, 0x2f, 0x2f, 0x2f, 0x2f, 0x2f, 0x2f, 0x2f, 0x2f, 0x2f, 0x2f, 0x2a, 0x92, 0xd5, 0xd1, 0xc0
    db 0x81, 0x73, 0x76, 0x74, 0x76, 0x76, 0x76, 0x7b, 0x71, 0x92, 0xe6, 0x40, 0x1f, 0x2f, 0x37, 0x39
    db 0x37, 0x37, 0x37, 0x37, 0x2f, 0x2f, 0x2f, 0x2f, 0x2f, 0x2f, 0x2f, 0x2f, 0x2f, 0x2f, 0x2f, 0x2f
    db 0x2f, 0x2f, 0x2f, 0x2f, 0x37, 0x37, 0x37, 0x37, 0x37, 0x27, 0x71, 0x84, 0x54, 0x6e, 0x83, 0x82
    db 0x82, 0x82, 0x82, 0x81, 0x81, 0x82, 0x72, 0x9c, 0xd3, 0xd3, 0x83, 0x81, 0x8f, 0x62, 0x16, 0x22
    db 0x21, 0x22, 0x22, 0x22, 0x22, 0x16, 0x50, 0x62, 0x16, 0x6e, 0x66, 0x16, 0x21, 0x21, 0x21, 0x24
    db 0x24, 0x23, 0x0d, 0x8b, 0xff, 0xfa, 0xfa, 0xfa, 0xfa, 0xfe, 0xf9, 0xfe, 0xf4, 0xed, 0x80, 0x3d
    db 0xd8, 0xeb, 0x56, 0x25, 0x25, 0x25, 0x0b, 0x06, 0x0b, 0x09, 0x0e, 0x25, 0x09, 0x96, 0xff, 0xf4
    db 0x55, 0x06, 0x80, 0xe1, 0xec, 0xff, 0xf3, 0xe8, 0xf0, 0xf9, 0xff, 0xfe, 0xf7, 0xfd, 0xf8, 0xfa
    db 0xff, 0xff, 0xff, 0xf2, 0xe4, 0xc8, 0xd0, 0xdc, 0x62, 0x1f, 0x0d, 0x17, 0x1f, 0x2b, 0x1f, 0x40
    db 0x71, 0x07, 0x04, 0x4c, 0x52, 0x14, 0x0a, 0x0a, 0x32, 0x33, 0x3d, 0x56, 0x56, 0x3d, 0x09, 0x33
    db 0xd8, 0x55, 0x18, 0x18, 0x18, 0x18, 0x0f, 0x11, 0x09, 0x0b, 0x52, 0x80, 0x80, 0x80, 0x80, 0x80
    db 0x80, 0xc3, 0xa8, 0x7f, 0x3d, 0x06, 0x09, 0x10, 0x10, 0x11, 0x0f, 0x12, 0x12, 0x12, 0x12, 0x10
    db 0x19, 0x56, 0x7d, 0x7d, 0x7d, 0x7d, 0x7d, 0x51, 0x06, 0x0e, 0x32, 0x18, 0x06, 0x85, 0x54, 0x1e
    db 0x2f, 0x30, 0x38, 0x2f, 0x2f, 0x2f, 0x2f, 0x2f, 0x2f, 0x2f, 0x2f, 0x2f, 0x2f, 0x2f, 0x2f, 0x2f
    db 0x2f, 0x2f, 0x2f, 0x2f, 0x2f, 0x2f, 0x2f, 0x2f, 0x2f, 0x2f, 0x2f, 0x2f, 0x2f, 0x2f, 0x2f, 0x2f
    db 0x2f, 0x2f, 0x2f, 0x2f, 0x2f, 0x2f, 0x2f, 0x2f, 0x2f, 0x2f, 0x2f, 0x2f, 0x2f, 0x2f, 0x2f, 0x2f
    db 0x2f, 0x2f, 0x2f, 0x2f, 0x2f, 0x2f, 0x2f, 0x2f, 0x2f, 0x2f, 0x2f, 0x2f, 0x2f, 0x2f, 0x2f, 0x2f
    db 0x2f, 0x2f, 0x2f, 0x2f, 0x2f, 0x2f, 0x2f, 0x2f, 0x2f, 0x2f, 0x2f, 0x2f, 0x2f, 0x2f, 0x2f, 0x2f
    db 0x2f, 0x2f, 0x2f, 0x2f, 0x2f, 0x2f, 0x2a, 0x3a, 0xba, 0xd1, 0xcc, 0xd0, 0x87, 0x73, 0x76, 0x74
    db 0x76, 0x76, 0x76, 0x7b, 0x73, 0x87, 0xdc, 0x3c, 0x17, 0x1f, 0x28, 0x2a, 0x39, 0x39, 0x3b, 0x37
    db 0x2f, 0x2f, 0x2f, 0x2f, 0x2f, 0x2f, 0x2f, 0x2f, 0x2f, 0x2f, 0x2f, 0x2f, 0x2f, 0x2f, 0x2f, 0x2f
    db 0x37, 0x37, 0x37, 0x3a, 0x29, 0x40, 0x95, 0x54, 0x66, 0x83, 0x83, 0x82, 0x82, 0x82, 0x82, 0x81
    db 0x81, 0x82, 0x81, 0xbe, 0xda, 0x9c, 0x72, 0x82, 0x88, 0x28, 0x21, 0x24, 0x21, 0x22, 0x22, 0x22
    db 0x22, 0x16, 0x62, 0x62, 0x16, 0x6c, 0x63, 0x16, 0x21, 0x21, 0x21, 0x24, 0x24, 0x23, 0x0d, 0xdb
    db 0xff, 0xfa, 0xff, 0xff, 0xfd, 0xfd, 0xfe, 0xf1, 0x80, 0x7c, 0x32, 0x1a, 0xc6, 0x55, 0x09, 0x06
    db 0x06, 0x06, 0x09, 0x0a, 0x18, 0x18, 0x18, 0x09, 0x3d, 0xf1, 0xf5, 0x80, 0x0b, 0x09, 0x1a, 0x80
    db 0xc3, 0xc3, 0xf1, 0xf4, 0xef, 0xed, 0xf3, 0xf5, 0xff, 0xfc, 0xfa, 0xfa, 0xff, 0xff, 0xff, 0xf4
    db 0xca, 0xc8, 0xd0, 0xdd, 0xba, 0x81, 0x6c, 0x63, 0x3f, 0x30, 0x2b, 0x1f, 0x63, 0x3c, 0x07, 0x17
    db 0x57, 0x06, 0x0b, 0x10, 0x32, 0x3d, 0x3d, 0x25, 0x06, 0x09, 0x06, 0x57, 0xd9, 0x55, 0x09, 0x19
    db 0x18, 0x0f, 0x19, 0x25, 0x10, 0x10, 0x06, 0x0b, 0x32, 0x51, 0x55, 0x56, 0x55, 0x51, 0x32, 0x0e
    db 0x09, 0x11, 0x10, 0x12, 0x12, 0x12, 0x10, 0x12, 0x12, 0x12, 0x12, 0x12, 0x0a, 0x55, 0x7d, 0x7d
    db 0x7d, 0x7d, 0x7c, 0x56, 0x1a, 0x06, 0x09, 0x3d, 0x85, 0x6b, 0x16, 0x2a, 0x2f, 0x2f, 0x2f, 0x2f
    db 0x2f, 0x2f, 0x2f, 0x2f, 0x2f, 0x2f, 0x2f, 0x2f, 0x2f, 0x2f, 0x37, 0x37, 0x37, 0x2f, 0x2f, 0x2f
    db 0x2f, 0x2f, 0x2f, 0x2f, 0x2f, 0x2f, 0x2f, 0x2f, 0x2f, 0x2f, 0x2f, 0x2f, 0x2f, 0x2f, 0x2f, 0x2f
    db 0x2f, 0x2f, 0x2f, 0x2f, 0x2f, 0x2f, 0x2f, 0x2f, 0x2f, 0x2f, 0x2f, 0x2f, 0x2f, 0x2f, 0x2f, 0x2f
    db 0x2f, 0x2f, 0x2f, 0x2f, 0x2f, 0x2f, 0x2f, 0x2f, 0x2f, 0x2f, 0x2f, 0x2f, 0x2f, 0x2f, 0x2f, 0x2f
    db 0x2f, 0x2f, 0x2f, 0x2f, 0x2f, 0x2f, 0x2f, 0x2f, 0x2f, 0x2f, 0x2f, 0x2f, 0x2f, 0x2f, 0x2f, 0x2f
    db 0x2f, 0x2f, 0x2a, 0x3b, 0x9c, 0xd1, 0xcd, 0xd1, 0x8e, 0x71, 0x76, 0x75, 0x75, 0x76, 0x76, 0x76
    db 0x73, 0x73, 0xc2, 0x6a, 0x40, 0x62, 0x68, 0x68, 0x6a, 0x6c, 0x74, 0x88, 0x37, 0x2b, 0x2f, 0x2a
    db 0x2f, 0x2f, 0x2f, 0x2f, 0x2f, 0x2f, 0x2f, 0x2f, 0x2f, 0x2f, 0x2f, 0x2f, 0x37, 0x37, 0x37, 0x2f
    db 0x27, 0x84, 0x6c, 0x54, 0x6f, 0x83, 0x83, 0x82, 0x82, 0x82, 0x82, 0x81, 0x81, 0x81, 0x88, 0xd0
    db 0xda, 0x97, 0x6f, 0x8b, 0x63, 0x16, 0x21, 0x21, 0x21, 0x22, 0x22, 0x22, 0x22, 0x16, 0x63, 0x62
    db 0x16, 0x6c, 0x63, 0x16, 0x21, 0x21, 0x21, 0x21, 0x24, 0x24, 0x1e, 0xd3, 0xff, 0xff, 0xfa, 0xfa
    db 0xfb, 0xf8, 0xf8, 0xa8, 0x56, 0x32, 0x06, 0x51, 0xc6, 0xd8, 0xe1, 0xc7, 0x7e, 0x55, 0x3d, 0x33
    db 0x09, 0x18, 0x25, 0x3d, 0xeb, 0xf1, 0x7e, 0x0b, 0x09, 0x18, 0x0a, 0x06, 0x51, 0x55, 0x51, 0x7e
    db 0x80, 0x7f, 0x80, 0x80, 0xc6, 0xf4, 0xfc, 0xf9, 0xfa, 0xfb, 0xfe, 0xf4, 0xce, 0xc8, 0xc9, 0xdc
    db 0x8a, 0x40, 0x40, 0x6c, 0x8e, 0x8a, 0x54, 0x30, 0x3a, 0x6c, 0x07, 0x07, 0x57, 0x06, 0x09, 0x0b
    db 0x0b, 0x0a, 0x09, 0x09, 0x0b, 0x06, 0x1a, 0xc3, 0xa1, 0x51, 0x09, 0x19, 0x18, 0x12, 0x19, 0x25
    db 0x13, 0x19, 0x0f, 0x32, 0x32, 0x09, 0x0a, 0x0a, 0x0e, 0x0e, 0x18, 0x18, 0x11, 0x19, 0x11, 0x10
    db 0x11, 0x11, 0x11, 0x12, 0x12, 0x12, 0x12, 0x12, 0x09, 0x51, 0x7d, 0x7d, 0x7d, 0x7d, 0x7c, 0xeb
    db 0xe9, 0xc6, 0xd8, 0xec, 0x68, 0x17, 0x2f, 0x2a, 0x2f, 0x2f, 0x2f, 0x2f, 0x2f, 0x2f, 0x2f, 0x2f
    db 0x2f, 0x2f, 0x2f, 0x2f, 0x2f, 0x2f, 0x2f, 0x2f, 0x2f, 0x2f, 0x2f, 0x2f, 0x2f, 0x2f, 0x2f, 0x2f
    db 0x2f, 0x2f, 0x2f, 0x2f, 0x2f, 0x2f, 0x2f, 0x2f, 0x2f, 0x2f, 0x2f, 0x2f, 0x2f, 0x2f, 0x2f, 0x2f
    db 0x2f, 0x2f, 0x2f, 0x2f, 0x2f, 0x2f, 0x2f, 0x2f, 0x2f, 0x2f, 0x2f, 0x2f, 0x2f, 0x2f, 0x2f, 0x2f
    db 0x2f, 0x2f, 0x2f, 0x2f, 0x2f, 0x2f, 0x2f, 0x2f, 0x2f, 0x2f, 0x2f, 0x2f, 0x2f, 0x2f, 0x2f, 0x2f
    db 0x2f, 0x2f, 0x2f, 0x2f, 0x2f, 0x2f, 0x2f, 0x2f, 0x2f, 0x2f, 0x2f, 0x2f, 0x2f, 0x2f, 0x28, 0x3b
    db 0xbe, 0xd1, 0xd1, 0xd5, 0x94, 0x71, 0x76, 0x75, 0x75, 0x75, 0x75, 0x75, 0x75, 0x71, 0x8f, 0xdd
    db 0x8e, 0x63, 0x50, 0x3f, 0x3c, 0x3b, 0x3f, 0x97, 0x3c, 0x1f, 0x2f, 0x2a, 0x2f, 0x2f, 0x2f, 0x2f
    db 0x2f, 0x2f, 0x2f, 0x2f, 0x2f, 0x2f, 0x2f, 0x37, 0x3a, 0x37, 0x37, 0x28, 0x3c, 0x95, 0x54, 0x68
    db 0x83, 0x78, 0x81, 0x82, 0x82, 0x82, 0x82, 0x81, 0x81, 0x74, 0x8f, 0xd3, 0xda, 0x92, 0x71, 0x8e
    db 0x3b, 0x16, 0x21, 0x21, 0x21, 0x22, 0x22, 0x22, 0x22, 0x16, 0x63, 0x61, 0x16, 0x6a, 0x63, 0x16
    db 0x21, 0x21, 0x21, 0x21, 0x24, 0x24, 0x0d, 0x83, 0xff, 0xff, 0xfa, 0xfa, 0xf9, 0xfe, 0xf1, 0x7f
    db 0x3d, 0x1a, 0x7e, 0xc7, 0xe1, 0xe1, 0xe1, 0xec, 0xf0, 0xf3, 0xf1, 0xec, 0x80, 0x33, 0x32, 0x56
    db 0x7e, 0x3d, 0x0b, 0x0e, 0x18, 0x18, 0x25, 0x51, 0x70, 0x85, 0xd8, 0xe1, 0xeb, 0xeb, 0xd7, 0x7f
    db 0x7c, 0xd7, 0xfd, 0xfc, 0xfa, 0xf8, 0xfe, 0xf2, 0x99, 0xd0, 0xc9, 0xda, 0xba, 0x6e, 0x3c, 0x16
    db 0x22, 0x66, 0x81, 0x1f, 0x2b, 0x40, 0x6b, 0x07, 0x57, 0x1a, 0x0b, 0x0b, 0x0b, 0x11, 0x19, 0x13
    db 0x09, 0x06, 0x85, 0x80, 0x7c, 0x3d, 0x09, 0x18, 0x18, 0x18, 0x19, 0x19, 0x0f, 0x0a, 0x09, 0x06
    db 0x33, 0x3d, 0x0b, 0x18, 0x25, 0x32, 0x25, 0x0a, 0x0f, 0x13, 0x12, 0x11, 0x11, 0x11, 0x0f, 0x12
    db 0x12, 0x12, 0x12, 0x12, 0x06, 0x51, 0x7d, 0x7d, 0x7d, 0x7d, 0x7c, 0xf1, 0xf8, 0xf1, 0xff, 0xc2
    db 0x0d, 0x30, 0x2f, 0x2f, 0x2f, 0x2f, 0x2f, 0x2f, 0x2f, 0x2f, 0x2f, 0x2f, 0x2f, 0x2f, 0x2f, 0x2f
    db 0x2f, 0x2f, 0x2f, 0x2f, 0x2f, 0x2f, 0x2f, 0x2f, 0x2f, 0x2f, 0x2f, 0x2f, 0x2f, 0x2f, 0x2f, 0x2f
    db 0x2f, 0x2f, 0x2f, 0x2f, 0x2f, 0x2f, 0x2f, 0x2f, 0x2f, 0x2f, 0x2f, 0x2f, 0x2f, 0x2f, 0x2f, 0x2f
    db 0x2f, 0x2f, 0x2f, 0x2f, 0x2f, 0x2f, 0x2f, 0x2f, 0x2f, 0x2f, 0x2f, 0x2f, 0x2f, 0x2f, 0x2f, 0x2f
    db 0x2f, 0x2f, 0x2f, 0x2f, 0x2f, 0x2f, 0x2f, 0x2f, 0x2f, 0x2f, 0x2f, 0x2f, 0x2f, 0x2f, 0x2f, 0x2f
    db 0x2f, 0x2f, 0x2f, 0x2f, 0x2f, 0x2f, 0x2a, 0x2f, 0x2f, 0x2f, 0x29, 0x3b, 0xc2, 0xd1, 0xcd, 0xd1
    db 0x98, 0x72, 0x75, 0x74, 0x74, 0x75, 0x75, 0x75, 0x75, 0x73, 0x83, 0xd3, 0xba, 0x62, 0x23, 0x31
    db 0x31, 0x23, 0x3c, 0x94, 0x40, 0x0d, 0x2b, 0x2f, 0x2f, 0x2f, 0x2f, 0x2f, 0x2f, 0x2f, 0x2f, 0x2f
    db 0x2f, 0x2f, 0x37, 0x37, 0x37, 0x37, 0x37, 0x16, 0x6c, 0x6e, 0x62, 0x75, 0x81, 0x78, 0x79, 0x79
    db 0x79, 0x79, 0x82, 0x81, 0x81, 0x73, 0x97, 0xd4, 0xdc, 0x92, 0x83, 0x71, 0x16, 0x21, 0x21, 0x21
    db 0x21, 0x22, 0x22, 0x22, 0x22, 0x16, 0x66, 0x62, 0x16, 0x6a, 0x63, 0x16, 0x21, 0x21, 0x21, 0x21
    db 0x24, 0x24, 0x0d, 0x71, 0xff, 0xfa, 0xfa, 0xfa, 0xfa, 0xfb, 0xc6, 0x56, 0x14, 0x33, 0x52, 0x52
    db 0x52, 0x70, 0x70, 0x7e, 0x7e, 0x96, 0xd8, 0xed, 0xf3, 0xc3, 0x14, 0x0b, 0x06, 0x0a, 0x25, 0x25
    db 0x25, 0x32, 0xc6, 0xf5, 0xf7, 0xf4, 0xed, 0xe1, 0xc3, 0xc3, 0xd8, 0xdf, 0xa1, 0x7f, 0xed, 0xff
    db 0xf7, 0xf8, 0xff, 0xea, 0x87, 0xce, 0xce, 0xdc, 0xd4, 0x84, 0x68, 0x24, 0x24, 0x66, 0x6c, 0x17
    db 0x2b, 0x17, 0x3c, 0x6b, 0x54, 0x06, 0x06, 0x0b, 0x09, 0x09, 0x06, 0x06, 0x3d, 0x85, 0xa1, 0x3d
    db 0x55, 0x3d, 0x06, 0x19, 0x18, 0x18, 0x18, 0x0a, 0x32, 0x3d, 0x51, 0x51, 0x51, 0x55, 0x06, 0x19
    db 0x19, 0x51, 0x56, 0x51, 0x32, 0x18, 0x0a, 0x0f, 0x0f, 0x18, 0x0f, 0x12, 0x12, 0x12, 0x10, 0x10
    db 0x06, 0x51, 0x7d, 0x7d, 0x7d, 0x7d, 0x7f, 0xf3, 0xed, 0x85, 0xff, 0x95, 0x0d, 0x2e, 0x2f, 0x2f
    db 0x2a, 0x2a, 0x2a, 0x2f, 0x2f, 0x2f, 0x2f, 0x2f, 0x2f, 0x2f, 0x2f, 0x2f, 0x2f, 0x2f, 0x2f, 0x2f
    db 0x2f, 0x2f, 0x2f, 0x2f, 0x2f, 0x2f, 0x2f, 0x2f, 0x2f, 0x2f, 0x2f, 0x2f, 0x2f, 0x2f, 0x2f, 0x2f
    db 0x2f, 0x2f, 0x2f, 0x2f, 0x2f, 0x2f, 0x2f, 0x2f, 0x2f, 0x2f, 0x2f, 0x2f, 0x2f, 0x2f, 0x2f, 0x2f
    db 0x2f, 0x2f, 0x2f, 0x2f, 0x2f, 0x2f, 0x2f, 0x2f, 0x2f, 0x2f, 0x2f, 0x2f, 0x2f, 0x2f, 0x2f, 0x2f
    db 0x2f, 0x2f, 0x2f, 0x2f, 0x2f, 0x2f, 0x2f, 0x2f, 0x2f, 0x2f, 0x2f, 0x2f, 0x2f, 0x2f, 0x2f, 0x2f
    db 0x2f, 0x2f, 0x2a, 0x2f, 0x2f, 0x2f, 0x1e, 0x3c, 0xd3, 0xd1, 0xcd, 0xd1, 0xc1, 0x7a, 0x75, 0x74
    db 0x74, 0x75, 0x75, 0x75, 0x75, 0x76, 0x79, 0x94, 0xdd, 0x87, 0x50, 0x24, 0x31, 0x23, 0x3b, 0x92
    db 0x68, 0x16, 0x38, 0x2f, 0x2f, 0x2f, 0x2f, 0x2f, 0x2f, 0x2f, 0x2f, 0x2f, 0x2f, 0x2f, 0x37, 0x37
    db 0x37, 0x37, 0x2a, 0x3c, 0x8f, 0x54, 0x6a, 0x83, 0x81, 0x78, 0x81, 0x79, 0x79, 0x79, 0x82, 0x81
    db 0x81, 0x83, 0xc0, 0xd5, 0xdc, 0x8e, 0x88, 0x65, 0x16, 0x21, 0x21, 0x21, 0x21, 0x22, 0x22, 0x22
    db 0x22, 0x16, 0x67, 0x62, 0x16, 0x67, 0x62, 0x16, 0x21, 0x21, 0x21, 0x21, 0x24, 0x24, 0x0d, 0x54
    db 0xf5, 0xfa, 0xf7, 0xfa, 0xff, 0xf3, 0x80, 0x80, 0x96, 0xe1, 0xe9, 0xe9, 0xd8, 0xc7, 0xc2, 0xc2
    db 0xc7, 0xdd, 0xe9, 0xec, 0xe1, 0xc3, 0x3d, 0x06, 0x09, 0x09, 0x06, 0x0a, 0x0e, 0x55, 0xd9, 0xe9
    db 0xe9, 0xe9, 0xe1, 0xd8, 0xc6, 0xc6, 0x96, 0x96, 0xc3, 0x80, 0xc3, 0xf8, 0xf7, 0xf7, 0xf6, 0xbc
    db 0x6e, 0xc0, 0xd5, 0xdc, 0xe6, 0x87, 0x83, 0x40, 0x20, 0x6c, 0x63, 0x17, 0x2b, 0x2b, 0x17, 0x3a
    db 0xc7, 0x85, 0x52, 0x3d, 0x3d, 0x3d, 0x52, 0x7e, 0xc3, 0x7c, 0x32, 0x0a, 0x51, 0x56, 0x09, 0x0b
    db 0x10, 0x0a, 0x32, 0x56, 0xa1, 0xe0, 0xd6, 0x7f, 0x7f, 0x3d, 0x06, 0x12, 0x0f, 0x09, 0x25, 0x51
    db 0x7c, 0x7c, 0x51, 0x32, 0x0e, 0x0f, 0x13, 0x12, 0x12, 0x12, 0x10, 0x10, 0x09, 0x51, 0x7d, 0x7d
    db 0x7d, 0x7d, 0x7f, 0xf1, 0x80, 0x55, 0xf4, 0x8f, 0x0d, 0x2c, 0x2f, 0x2f, 0x2f, 0x2a, 0x2a, 0x2f
    db 0x2f, 0x2f, 0x2f, 0x2f, 0x2f, 0x2f, 0x2f, 0x2f, 0x2f, 0x2f, 0x2f, 0x2f, 0x2f, 0x2f, 0x2f, 0x2f
    db 0x2f, 0x2f, 0x2f, 0x2f, 0x2f, 0x2f, 0x2f, 0x2f, 0x2f, 0x2f, 0x2f, 0x2f, 0x2f, 0x2f, 0x2f, 0x2f
    db 0x2f, 0x2f, 0x2f, 0x2f, 0x2f, 0x2f, 0x2f, 0x2f, 0x2f, 0x2f, 0x2f, 0x2f, 0x2f, 0x2f, 0x2f, 0x2f
    db 0x2f, 0x2f, 0x2f, 0x2f, 0x2a, 0x2a, 0x2f, 0x2f, 0x2f, 0x2a, 0x2f, 0x2f, 0x2f, 0x2f, 0x2f, 0x2f
    db 0x2f, 0x2f, 0x2f, 0x2f, 0x2f, 0x2f, 0x2f, 0x2f, 0x2f, 0x2f, 0x2f, 0x2f, 0x2f, 0x2f, 0x2a, 0x2f
    db 0x2f, 0x2f, 0x28, 0x3c, 0xd0, 0xd2, 0xcd, 0xcd, 0xc9, 0x87, 0x72, 0x74, 0x75, 0x75, 0x75, 0x75
    db 0x75, 0x76, 0x76, 0x92, 0xd4, 0xc1, 0x6e, 0x3c, 0x21, 0x24, 0x3b, 0x8e, 0x87, 0x0d, 0x38, 0x2f
    db 0x2f, 0x2f, 0x2f, 0x2f, 0x2f, 0x2f, 0x2f, 0x2f, 0x2f, 0x37, 0x37, 0x2f, 0x30, 0x38, 0x27, 0x6b
    db 0x75, 0x62, 0x79, 0x83, 0x82, 0x81, 0x81, 0x79, 0x79, 0x79, 0x79, 0x81, 0x73, 0x8a, 0xd3, 0xda
    db 0xd5, 0x87, 0x8a, 0x40, 0x16, 0x21, 0x21, 0x21, 0x21, 0x22, 0x22, 0x22, 0x22, 0x16, 0x67, 0x63
    db 0x1e, 0x63, 0x62, 0x16, 0x21, 0x24, 0x24, 0x22, 0x24, 0x20, 0x1e, 0x29, 0xef, 0xff, 0xf7, 0xf9
    db 0xfd, 0xf4, 0xec, 0xed, 0xee, 0xe9, 0x85, 0x57, 0x52, 0x52, 0x57, 0x57, 0x57, 0x57, 0x69, 0x85
    db 0xe1, 0xed, 0x96, 0x52, 0x57, 0x70, 0x57, 0x51, 0x3d, 0xa8, 0xe9, 0xe1, 0xc7, 0x85, 0x85, 0x84
    db 0x7e, 0x85, 0x96, 0xdd, 0xec, 0xec, 0xe9, 0xf4, 0xf7, 0xfb, 0xf2, 0x82, 0x71, 0x92, 0xdb, 0xda
    db 0xe8, 0x8f, 0x78, 0x6a, 0x3c, 0x87, 0x40, 0x1f, 0x2c, 0x2c, 0x30, 0x0d, 0x8b, 0x52, 0x55, 0x80
    db 0x80, 0x80, 0x7f, 0x55, 0x32, 0x0e, 0x18, 0x32, 0x51, 0x7c, 0x56, 0x32, 0x32, 0x3d, 0x7c, 0xb2
    db 0xa1, 0xa1, 0x80, 0x56, 0x32, 0x0b, 0x10, 0x12, 0x11, 0x11, 0x10, 0x0a, 0x32, 0x56, 0x7f, 0x80
    db 0x56, 0x32, 0x13, 0x19, 0x19, 0x25, 0x32, 0x12, 0x09, 0x51, 0x7d, 0x7d, 0x7d, 0x7d, 0x7f, 0xed
    db 0x7c, 0x14, 0xed, 0x97, 0x0d, 0x2c, 0x2f, 0x2f, 0x2f, 0x2a, 0x2a, 0x2f, 0x2f, 0x2f, 0x2f, 0x2f
    db 0x2f, 0x2f, 0x2f, 0x2f, 0x2f, 0x2f, 0x2f, 0x2f, 0x2f, 0x2f, 0x2f, 0x2f, 0x2f, 0x2f, 0x2f, 0x2f
    db 0x2f, 0x2f, 0x2f, 0x2f, 0x2f, 0x2f, 0x2f, 0x2f, 0x2f, 0x2f, 0x2f, 0x2f, 0x2f, 0x2f, 0x2f, 0x2f
    db 0x2f, 0x2f, 0x2f, 0x2f, 0x2f, 0x2f, 0x2f, 0x2f, 0x2f, 0x2f, 0x2f, 0x2f, 0x2f, 0x2f, 0x2f, 0x2f
    db 0x2a, 0x2a, 0x2f, 0x2f, 0x2f, 0x2a, 0x2f, 0x2f, 0x2f, 0x2f, 0x2f, 0x2f, 0x2f, 0x2f, 0x2f, 0x2f
    db 0x2f, 0x2f, 0x2f, 0x2f, 0x2f, 0x2f, 0x2f, 0x2f, 0x2f, 0x2f, 0x2f, 0x2f, 0x2f, 0x2f, 0x29, 0x3c
    db 0xd0, 0xd2, 0xcf, 0xcd, 0xd1, 0x8a, 0x71, 0x76, 0x76, 0x75, 0x75, 0x75, 0x75, 0x76, 0x76, 0x87
    db 0xc0, 0xdc, 0x92, 0x6a, 0x3c, 0x21, 0x3b, 0x88, 0x92, 0x1f, 0x38, 0x2f, 0x2f, 0x2f, 0x2f, 0x2f
    db 0x2f, 0x2f, 0x2f, 0x37, 0x37, 0x37, 0x37, 0x2f, 0x2f, 0x2b, 0x39, 0x95, 0x66, 0x6a, 0x83, 0x82
    db 0x82, 0x82, 0x79, 0x79, 0x79, 0x79, 0x79, 0x76, 0x77, 0x98, 0xd5, 0xdc, 0xce, 0x83, 0x8a, 0x3b
    db 0x21, 0x21, 0x21, 0x21, 0x21, 0x22, 0x22, 0x22, 0x22, 0x16, 0x63, 0x63, 0x1e, 0x62, 0x62, 0x21
    db 0x21, 0x24, 0x24, 0x23, 0x22, 0x23, 0x20, 0x0d, 0xea, 0xff, 0xfc, 0xfb, 0xfb, 0xff, 0xee, 0xe9
    db 0xe9, 0x69, 0x52, 0x57, 0x70, 0x7e, 0x7e, 0x7e, 0x7e, 0x70, 0x57, 0x57, 0x57, 0x96, 0xec, 0xe9
    db 0xec, 0xed, 0xed, 0xec, 0xe9, 0xe9, 0x84, 0x57, 0x70, 0x70, 0x57, 0x57, 0x52, 0x52, 0x57, 0x57
    db 0x57, 0x96, 0xec, 0xea, 0xee, 0xf5, 0xef, 0x76, 0x82, 0x87, 0xce, 0xda, 0xe7, 0xba, 0x6e, 0x6f
    db 0x6c, 0x8a, 0x3c, 0x1f, 0x2b, 0x2e, 0x31, 0x17, 0x84, 0x57, 0x06, 0x18, 0x25, 0x25, 0x0e, 0x09
    db 0x0a, 0x18, 0x13, 0x33, 0x7e, 0x7e, 0xe3, 0xa1, 0x7f, 0x7f, 0x7f, 0x7f, 0x7f, 0x56, 0x32, 0x18
    db 0x18, 0x25, 0x19, 0x19, 0x12, 0x19, 0x18, 0x25, 0x25, 0x13, 0x25, 0x56, 0xa1, 0x7c, 0x25, 0x0e
    db 0x18, 0x32, 0x3d, 0x19, 0x0a, 0x51, 0x7d, 0x7d, 0x7d, 0x7c, 0x80, 0xeb, 0x55, 0x06, 0xc7, 0xdb
    db 0x17, 0x31, 0x2f, 0x2f, 0x2f, 0x2f, 0x2f, 0x2f, 0x2f, 0x2f, 0x2f, 0x2f, 0x2f, 0x2f, 0x2f, 0x2f
    db 0x2f, 0x2f, 0x2f, 0x2f, 0x2f, 0x2f, 0x2f, 0x2f, 0x2f, 0x2f, 0x2f, 0x2f, 0x2f, 0x2f, 0x2f, 0x2f
    db 0x2f, 0x2f, 0x2f, 0x2f, 0x2f, 0x2f, 0x2f, 0x2f, 0x2f, 0x2f, 0x2f, 0x2f, 0x2f, 0x2f, 0x2f, 0x2f
    db 0x2f, 0x2f, 0x2f, 0x2f, 0x2f, 0x2f, 0x2f, 0x2f, 0x2f, 0x2f, 0x2f, 0x2a, 0x2a, 0x2a, 0x2f, 0x2f
    db 0x2f, 0x2a, 0x2f, 0x2f, 0x2f, 0x2f, 0x2f, 0x2f, 0x2f, 0x2f, 0x2f, 0x2f, 0x2f, 0x2f, 0x2f, 0x2f
    db 0x2f, 0x2f, 0x2f, 0x2f, 0x2f, 0x2f, 0x2f, 0x2f, 0x2f, 0x2f, 0x29, 0x3b, 0xbe, 0xd2, 0xcf, 0xcd
    db 0xd1, 0x92, 0x6f, 0x75, 0x76, 0x75, 0x75, 0x75, 0x75, 0x75, 0x76, 0x72, 0x92, 0xc2, 0xda, 0x8a
    db 0x68, 0x3c, 0x3b, 0x84, 0xba, 0x39, 0x30, 0x37, 0x37, 0x2f, 0x2f, 0x2f, 0x2f, 0x2f, 0x37, 0x37
    db 0x37, 0x37, 0x37, 0x37, 0x37, 0x27, 0x68, 0x8e, 0x62, 0x81, 0x83, 0x82, 0x82, 0x82, 0x79, 0x79
    db 0x79, 0x79, 0x79, 0x76, 0x87, 0xc8, 0xd3, 0xe4, 0xc1, 0x81, 0x8a, 0x2c, 0x1e, 0x21, 0x21, 0x21
    db 0x21, 0x22, 0x22, 0x22, 0x20, 0x16, 0x62, 0x67, 0x1e, 0x50, 0x63, 0x21, 0x21, 0x24, 0x24, 0x23
    db 0x22, 0x21, 0x16, 0x0d, 0xdb, 0xff, 0xfc, 0xff, 0xf5, 0xe1, 0xe1, 0xec, 0x96, 0x53, 0x57, 0x85
    db 0xd8, 0x85, 0xed, 0xf0, 0xed, 0xc7, 0x85, 0x57, 0x52, 0x53, 0xdd, 0xe9, 0xd8, 0xc3, 0xd8, 0xec
    db 0xec, 0x71, 0x52, 0x7e, 0x85, 0x96, 0x96, 0x85, 0x7e, 0x70, 0x57, 0x57, 0x57, 0x57, 0xc7, 0xe9
    db 0xe7, 0xf2, 0xea, 0x76, 0x82, 0x82, 0x8f, 0xda, 0xe4, 0xc1, 0x6c, 0x6e, 0x6e, 0x81, 0x28, 0x1f
    db 0x2b, 0x37, 0x3a, 0x2b, 0x63, 0x85, 0x06, 0x0e, 0x0b, 0x10, 0x11, 0x19, 0x12, 0x13, 0x18, 0x09
    db 0x55, 0x80, 0xa1, 0xc6, 0xdf, 0xd6, 0x80, 0x7d, 0x55, 0x25, 0x09, 0x19, 0x25, 0x25, 0x25, 0x19
    db 0x19, 0x19, 0x19, 0x19, 0x18, 0x0f, 0x32, 0x0a, 0x51, 0x80, 0x32, 0x0a, 0x18, 0x32, 0x51, 0x18
    db 0x0a, 0x55, 0x7d, 0x7d, 0x7d, 0x7c, 0x80, 0xd9, 0x3d, 0x09, 0x57, 0xe8, 0x1f, 0x2c, 0x2f, 0x2f
    db 0x2f, 0x2f, 0x2f, 0x2f, 0x2f, 0x2f, 0x2f, 0x2f, 0x2f, 0x2f, 0x2f, 0x2f, 0x2f, 0x2f, 0x2f, 0x2f
    db 0x2f, 0x2f, 0x2f, 0x2f, 0x2f, 0x2f, 0x2f, 0x2f, 0x2f, 0x2f, 0x2f, 0x2f, 0x2f, 0x2f, 0x2f, 0x2f
    db 0x2f, 0x2f, 0x2f, 0x2f, 0x2f, 0x2f, 0x2f, 0x2f, 0x2f, 0x2f, 0x2f, 0x2f, 0x2f, 0x2f, 0x2f, 0x2f
    db 0x2f, 0x2f, 0x2f, 0x2f, 0x2f, 0x2f, 0x2f, 0x2a, 0x2a, 0x2a, 0x2a, 0x2f, 0x2f, 0x2f, 0x2f, 0x2f
    db 0x2f, 0x2f, 0x2f, 0x2f, 0x2f, 0x2f, 0x2f, 0x2f, 0x2f, 0x2f, 0x2f, 0x2f, 0x2f, 0x2f, 0x2f, 0x2f
    db 0x2f, 0x2f, 0x2f, 0x2f, 0x2f, 0x2f, 0x2a, 0x39, 0x97, 0xd2, 0xcf, 0xcf, 0xcd, 0xbe, 0x78, 0x72
    db 0x75, 0x75, 0x75, 0x75, 0x75, 0x74, 0x75, 0x73, 0x87, 0xc1, 0xd2, 0xda, 0x8a, 0x6a, 0x50, 0x78
    db 0xc2, 0x3c, 0x2b, 0x2f, 0x2f, 0x2f, 0x2f, 0x2f, 0x2f, 0x37, 0x37, 0x37, 0x37, 0x37, 0x37, 0x37
    db 0x2f, 0x2e, 0x92, 0x63, 0x6a, 0x83, 0x82, 0x82, 0x82, 0x79, 0x79, 0x79, 0x79, 0x79, 0x79, 0x73
    db 0x91, 0xd1, 0xd2, 0xe4, 0x99, 0x81, 0x83, 0x16, 0x20, 0x21, 0x21, 0x21, 0x21, 0x22, 0x22, 0x22
    db 0x22, 0x16, 0x61, 0x6a, 0x23, 0x50, 0x62, 0x16, 0x22, 0x20, 0x24, 0x23, 0x24, 0x21, 0x40, 0x76
    db 0x85, 0xf1, 0xff, 0xfe, 0xf0, 0x7c, 0x80, 0xec, 0x92, 0x52, 0x70, 0xd8, 0x96, 0x57, 0xe9, 0xf3
    db 0xf2, 0x84, 0x52, 0x85, 0x57, 0x57, 0x96, 0xed, 0x7c, 0x32, 0x3d, 0xe1, 0xec, 0x57, 0x70, 0x85
    db 0xbf, 0xf3, 0xef, 0xf0, 0x70, 0x85, 0x70, 0x57, 0x57, 0x4c, 0x6b, 0xea, 0xf0, 0xf6, 0xd3, 0x72
    db 0x82, 0x83, 0x82, 0x98, 0xd5, 0xdd, 0x84, 0x6c, 0x74, 0x6c, 0x0d, 0x27, 0x30, 0x3a, 0x3a, 0x3a
    db 0x3c, 0x95, 0x1a, 0x18, 0x13, 0x10, 0x10, 0x10, 0x12, 0x12, 0x13, 0x13, 0x09, 0x32, 0x51, 0x56
    db 0x7c, 0x56, 0x56, 0x51, 0x10, 0x12, 0x12, 0x18, 0x18, 0x18, 0x18, 0x0a, 0x0a, 0x0a, 0x09, 0x09
    db 0x09, 0x1a, 0xa1, 0x7c, 0x09, 0x7f, 0x32, 0x0a, 0x0e, 0x32, 0x32, 0x18, 0x19, 0x56, 0x7d, 0x7d
    db 0x7d, 0x7c, 0xa1, 0xa8, 0x32, 0x19, 0x33, 0xe9, 0x3b, 0x2c, 0x2f, 0x2f, 0x2f, 0x2f, 0x2f, 0x2f
    db 0x2f, 0x2f, 0x2f, 0x2f, 0x2f, 0x2f, 0x2f, 0x2f, 0x2f, 0x2f, 0x2f, 0x2f, 0x2f, 0x2f, 0x2f, 0x2f
    db 0x2f, 0x2f, 0x2f, 0x2f, 0x2f, 0x2f, 0x2f, 0x2f, 0x2f, 0x2f, 0x2f, 0x2f, 0x2f, 0x2f, 0x2f, 0x2f
    db 0x2f, 0x2f, 0x2f, 0x2f, 0x2f, 0x2f, 0x2f, 0x2f, 0x2f, 0x2f, 0x2f, 0x2f, 0x2f, 0x2f, 0x2f, 0x2f
    db 0x2f, 0x2f, 0x2f, 0x2a, 0x2a, 0x2a, 0x2a, 0x2f, 0x2f, 0x2f, 0x2f, 0x2f, 0x2f, 0x2f, 0x2f, 0x2f
    db 0x2f, 0x2f, 0x2f, 0x2f, 0x2f, 0x2f, 0x2f, 0x2f, 0x2f, 0x2f, 0x2f, 0x2f, 0x2f, 0x2f, 0x2f, 0x2f
    db 0x2f, 0x2f, 0x2f, 0x28, 0x8e, 0xd4, 0xcf, 0xcf, 0xcb, 0xd2, 0x88, 0x73, 0x76, 0x75, 0x75, 0x75
    db 0x75, 0x74, 0x75, 0x77, 0x71, 0x94, 0xd2, 0xd2, 0xdc, 0x8e, 0x6e, 0x74, 0xdc, 0x54, 0x1f, 0x2f
    db 0x2f, 0x2f, 0x2f, 0x2f, 0x30, 0x38, 0x37, 0x38, 0x38, 0x38, 0x38, 0x31, 0x1f, 0x62, 0xbe, 0x63
    db 0x72, 0x7b, 0x82, 0x82, 0x79, 0x79, 0x79, 0x79, 0x79, 0x79, 0x73, 0x87, 0xc8, 0xcf, 0xd2, 0xe4
    db 0x97, 0x83, 0x6f, 0x16, 0x21, 0x21, 0x21, 0x21, 0x21, 0x22, 0x22, 0x22, 0x22, 0x16, 0x50, 0x6c
    db 0x20, 0x40, 0x63, 0x16, 0x21, 0x21, 0x24, 0x24, 0x24, 0x1e, 0x84, 0x52, 0x52, 0x3d, 0xf0, 0xff
    db 0xe9, 0x3d, 0x56, 0xeb, 0x96, 0x52, 0x57, 0x57, 0x57, 0x70, 0x7e, 0x85, 0x7e, 0x57, 0x57, 0x57
    db 0x57, 0x57, 0xc7, 0xed, 0x51, 0x09, 0x14, 0xe1, 0xec, 0x57, 0x70, 0x70, 0x57, 0xe9, 0xf1, 0xc7
    db 0x4c, 0x70, 0x85, 0x57, 0x57, 0x52, 0x70, 0xef, 0xf7, 0xfd, 0x9b, 0x76, 0x7b, 0x7b, 0x76, 0x78
    db 0x99, 0xe4, 0xd3, 0x6e, 0x6f, 0x95, 0x84, 0x54, 0x2b, 0x3a, 0x3a, 0x3a, 0x1f, 0x8f, 0x52, 0x0e
    db 0x13, 0x11, 0x0b, 0x0b, 0x10, 0x0b, 0x10, 0x13, 0x18, 0x18, 0x0e, 0x0e, 0x25, 0x14, 0x0b, 0x09
    db 0x13, 0x10, 0x0a, 0x0f, 0x25, 0x32, 0x51, 0x51, 0x55, 0x56, 0x7f, 0x80, 0xd8, 0xec, 0xf1, 0x56
    db 0x09, 0x56, 0x25, 0x18, 0x13, 0x32, 0x25, 0x19, 0x32, 0x7d, 0x7d, 0x7d, 0x7d, 0x7c, 0xa4, 0x7f
    db 0x09, 0x32, 0x1a, 0xc7, 0x65, 0x1e, 0x37, 0x37, 0x30, 0x2f, 0x2f, 0x2f, 0x30, 0x31, 0x2b, 0x2a
    db 0x30, 0x2b, 0x2f, 0x2e, 0x2f, 0x2f, 0x2f, 0x2f, 0x2f, 0x2f, 0x2f, 0x2f, 0x2f, 0x2f, 0x2f, 0x2f
    db 0x2f, 0x2f, 0x2f, 0x2f, 0x2f, 0x2f, 0x2f, 0x2f, 0x2f, 0x2f, 0x2f, 0x2f, 0x2f, 0x2f, 0x2f, 0x2f
    db 0x2f, 0x2f, 0x2f, 0x2f, 0x2f, 0x2f, 0x2f, 0x2f, 0x2f, 0x2f, 0x2f, 0x2f, 0x2f, 0x2f, 0x2f, 0x2a
    db 0x2f, 0x2f, 0x2f, 0x2f, 0x2f, 0x2f, 0x2f, 0x2f, 0x2f, 0x2f, 0x2f, 0x2f, 0x2f, 0x2f, 0x2f, 0x2f
    db 0x2f, 0x2f, 0x2f, 0x2f, 0x2f, 0x2f, 0x2f, 0x2f, 0x2f, 0x2f, 0x2f, 0x2f, 0x2f, 0x2f, 0x2f, 0x27
    db 0x74, 0xda, 0xcb, 0xcc, 0xcf, 0xd1, 0x98, 0x71, 0x73, 0x75, 0x75, 0x75, 0x75, 0x75, 0x75, 0x75
    db 0x71, 0x8a, 0xd0, 0xc2, 0xd2, 0xdc, 0x94, 0x6f, 0xd4, 0x6e, 0x0d, 0x2b, 0x30, 0x30, 0x30, 0x2f
    db 0x30, 0x29, 0x0d, 0x1f, 0x30, 0x38, 0x38, 0x30, 0x0d, 0x84, 0x92, 0x6a, 0x83, 0x76, 0x79, 0x79
    db 0x79, 0x79, 0x79, 0x79, 0x79, 0x79, 0x72, 0x97, 0xd3, 0xc9, 0xd1, 0xe4, 0x92, 0x84, 0x6c, 0x0d
    db 0x21, 0x21, 0x21, 0x21, 0x22, 0x22, 0x22, 0x22, 0x22, 0x1e, 0x3f, 0x6f, 0x22, 0x40, 0x63, 0x16
    db 0x21, 0x21, 0x21, 0x21, 0x20, 0x3c, 0x6b, 0x85, 0xed, 0x57, 0x70, 0xfb, 0xe1, 0x06, 0x06, 0x96
    db 0xdd, 0x57, 0x57, 0x57, 0x57, 0x57, 0x57, 0x70, 0x7e, 0x80, 0x7e, 0x57, 0x57, 0x57, 0xe1, 0xe1
    db 0x25, 0x25, 0x09, 0x96, 0xef, 0x57, 0x57, 0x70, 0x70, 0x57, 0x70, 0x57, 0x57, 0x57, 0x57, 0x57
    db 0x57, 0x7e, 0xbf, 0xf2, 0xff, 0xc7, 0x7e, 0xbf, 0x71, 0x76, 0x76, 0x71, 0x87, 0xd2, 0xe6, 0x97
    db 0x6c, 0x6f, 0x8a, 0x8e, 0x2f, 0x3a, 0x3a, 0x3a, 0x29, 0x63, 0x96, 0x06, 0x13, 0x10, 0x10, 0x0b
    db 0x0b, 0x06, 0x51, 0x32, 0x18, 0x25, 0x25, 0x19, 0x19, 0x0b, 0x09, 0x09, 0x09, 0x32, 0x51, 0x56
    db 0x7c, 0x80, 0xd7, 0xe3, 0xe1, 0xe9, 0xc7, 0x8b, 0xdb, 0xff, 0x85, 0x06, 0x19, 0x32, 0x13, 0x13
    db 0x13, 0x32, 0x25, 0x10, 0x3d, 0x7d, 0x7d, 0x7d, 0x7d, 0x7c, 0xd7, 0x55, 0x09, 0x32, 0x3d, 0x57
    db 0xbf, 0x0d, 0x39, 0x38, 0x38, 0x37, 0x37, 0x29, 0x16, 0x0d, 0x16, 0x3b, 0x1e, 0x2a, 0x2f, 0x2f
    db 0x2f, 0x2f, 0x2f, 0x2f, 0x2f, 0x2f, 0x2f, 0x2f, 0x2f, 0x2f, 0x2f, 0x2f, 0x2f, 0x2f, 0x2f, 0x2f
    db 0x2f, 0x2f, 0x2f, 0x2f, 0x2f, 0x2f, 0x2f, 0x2f, 0x2f, 0x2f, 0x2f, 0x2f, 0x2f, 0x2f, 0x2f, 0x2f
    db 0x2f, 0x2f, 0x2f, 0x2f, 0x2f, 0x2f, 0x2f, 0x2f, 0x2f, 0x2f, 0x2f, 0x2f, 0x2f, 0x2f, 0x2f, 0x2f
    db 0x2f, 0x2f, 0x2f, 0x2f, 0x2f, 0x2f, 0x2f, 0x2f, 0x2f, 0x2f, 0x2f, 0x2f, 0x2f, 0x2f, 0x2f, 0x2f
    db 0x2f, 0x2f, 0x2f, 0x2f, 0x2f, 0x2f, 0x2f, 0x2f, 0x2f, 0x2f, 0x2f, 0x1e, 0x68, 0xdc, 0xcb, 0xc9
    db 0xcf, 0xcd, 0xc8, 0x83, 0x73, 0x75, 0x75, 0x75, 0x75, 0x75, 0x75, 0x81, 0x73, 0x74, 0x97, 0xd0
    db 0xd0, 0xd2, 0xe4, 0xba, 0xba, 0xbe, 0x39, 0x1f, 0x2b, 0x30, 0x2a, 0x27, 0x27, 0x3f, 0x6c, 0x6e
    db 0x37, 0x30, 0x38, 0x30, 0x1f, 0x92, 0x88, 0x68, 0x83, 0x7b, 0x79, 0x79, 0x79, 0x79, 0x78, 0x79
    db 0x81, 0x72, 0x8a, 0xd3, 0xd1, 0xc9, 0xd5, 0xe4, 0x92, 0x87, 0x67, 0x0d, 0x21, 0x21, 0x21, 0x21
    db 0x22, 0x22, 0x22, 0x22, 0x22, 0x20, 0x3c, 0x84, 0x31, 0x3f, 0x63, 0x16, 0x21, 0x21, 0x24, 0x21
    db 0x21, 0x40, 0x57, 0x80, 0x7e, 0xe0, 0x57, 0xef, 0xe1, 0x14, 0x06, 0x52, 0xf0, 0x70, 0x57, 0x57
    db 0x57, 0x57, 0x57, 0x57, 0x57, 0x57, 0x57, 0x57, 0x57, 0x70, 0xf0, 0x80, 0x06, 0x18, 0x09, 0x55
    db 0xf0, 0x7e, 0x57, 0x57, 0x7e, 0x7e, 0x57, 0x57, 0x57, 0x57, 0x57, 0x57, 0x57, 0x57, 0xdd, 0xf3
    db 0xef, 0x70, 0x70, 0x96, 0x88, 0x76, 0x76, 0x71, 0x71, 0x99, 0xe6, 0xe6, 0x8f, 0x6e, 0x8e, 0x6e
    db 0x2b, 0x3a, 0x3a, 0x3a, 0x3a, 0x17, 0x95, 0x52, 0x06, 0x0a, 0x0b, 0x10, 0x0b, 0x32, 0x56, 0x10
    db 0x0f, 0x19, 0x19, 0x18, 0x25, 0x3d, 0x51, 0x51, 0x55, 0x7c, 0xa1, 0xd7, 0xe9, 0x95, 0x6b, 0x95
    db 0x07, 0x07, 0x03, 0x00, 0x6e, 0xe3, 0x1a, 0x0e, 0x18, 0x10, 0x0f, 0x12, 0x19, 0x19, 0x19, 0x09
    db 0x55, 0x7f, 0x7d, 0x7d, 0x7d, 0x7c, 0xd9, 0x3d, 0x0a, 0x13, 0x55, 0x33, 0xe9, 0x40, 0x1e, 0x1f
    db 0x0d, 0x16, 0x29, 0x40, 0x68, 0x8a, 0xe7, 0xea, 0x8b, 0x0d, 0x29, 0x30, 0x2f, 0x2f, 0x2f, 0x2f
    db 0x2f, 0x2f, 0x2f, 0x2f, 0x2f, 0x2f, 0x2f, 0x2f, 0x2f, 0x2f, 0x2f, 0x2f, 0x2f, 0x2f, 0x2f, 0x2f
    db 0x2f, 0x2f, 0x2f, 0x2f, 0x2f, 0x2f, 0x2f, 0x2f, 0x2f, 0x2f, 0x2f, 0x2f, 0x2f, 0x2f, 0x2f, 0x2f
    db 0x2f, 0x2f, 0x2f, 0x2f, 0x2f, 0x2f, 0x2f, 0x2f, 0x2f, 0x2f, 0x2f, 0x2f, 0x2f, 0x2f, 0x2f, 0x37
    db 0x37, 0x2f, 0x2f, 0x2f, 0x2f, 0x2f, 0x2f, 0x2f, 0x2f, 0x2f, 0x2f, 0x2f, 0x2f, 0x2f, 0x2f, 0x2f
    db 0x2f, 0x2f, 0x37, 0x2f, 0x2f, 0x2f, 0x30, 0x1f, 0x54, 0xdc, 0xcb, 0xca, 0xcd, 0xcf, 0xd1, 0x8f
    db 0x71, 0x75, 0x75, 0x75, 0x75, 0x75, 0x75, 0x75, 0x75, 0x72, 0x87, 0xc1, 0xd2, 0xc9, 0xcd, 0xdc
    db 0xd4, 0xe6, 0x6f, 0x0d, 0x17, 0x0d, 0x39, 0x62, 0x84, 0x71, 0x60, 0x81, 0x62, 0x17, 0x30, 0x30
    db 0x3a, 0xba, 0x88, 0x6a, 0x82, 0x81, 0x79, 0x79, 0x79, 0x79, 0x78, 0x81, 0x7b, 0x87, 0xc1, 0xd2
    db 0xcd, 0xcf, 0xda, 0xdc, 0x92, 0x88, 0x62, 0x16, 0x21, 0x21, 0x21, 0x21, 0x22, 0x22, 0x22, 0x22
    db 0x22, 0x20, 0x3b, 0x84, 0x3c, 0x3c, 0x66, 0x16, 0x22, 0x24, 0x21, 0x21, 0x21, 0x3c, 0x57, 0x7e
    db 0x33, 0x57, 0xc7, 0xe1, 0xd8, 0x0b, 0x25, 0x25, 0xe0, 0xc7, 0x57, 0x57, 0x57, 0x57, 0x57, 0x57
    db 0x57, 0x57, 0x57, 0x57, 0x57, 0xd8, 0xe1, 0x1a, 0x0a, 0x0a, 0x0b, 0x1a, 0xe1, 0xbf, 0x57, 0x57
    db 0x57, 0x57, 0x57, 0x57, 0x57, 0x57, 0x57, 0x57, 0x57, 0x70, 0xec, 0xe1, 0xe1, 0xed, 0x96, 0x85
    db 0x8a, 0x73, 0x76, 0x72, 0x6f, 0x8f, 0xe5, 0xe6, 0xe6, 0x8a, 0xba, 0x50, 0x30, 0x3a, 0x3a, 0x37
    db 0x31, 0x1f, 0x3c, 0xc7, 0x33, 0x09, 0x0f, 0x19, 0x0a, 0x55, 0x56, 0x09, 0x18, 0x0f, 0x19, 0x51
    db 0x7c, 0x80, 0xa1, 0xd6, 0xd7, 0xc7, 0x68, 0x0d, 0x0d, 0x00, 0x00, 0x00, 0x00, 0x03, 0x0d, 0x63
    db 0xed, 0x55, 0x09, 0x13, 0x18, 0x11, 0x12, 0x12, 0x19, 0x19, 0x12, 0x0a, 0x7c, 0x7d, 0x7d, 0x7d
    db 0x7d, 0x80, 0xc3, 0x25, 0x0a, 0x0a, 0x56, 0x51, 0x7e, 0x97, 0x29, 0x62, 0x8a, 0xe4, 0xee, 0xf3
    db 0xff, 0xf5, 0xd8, 0x80, 0xeb, 0x65, 0x0d, 0x30, 0x2f, 0x2f, 0x2f, 0x2f, 0x2f, 0x2f, 0x2f, 0x2f
    db 0x2f, 0x2f, 0x2f, 0x2f, 0x2f, 0x2f, 0x2f, 0x2f, 0x2f, 0x2f, 0x2f, 0x2f, 0x2f, 0x2f, 0x2f, 0x2f
    db 0x2f, 0x2f, 0x2f, 0x2f, 0x2f, 0x2f, 0x2f, 0x2f, 0x2f, 0x2f, 0x2f, 0x2f, 0x2f, 0x2f, 0x2f, 0x2f
    db 0x2f, 0x2f, 0x2f, 0x2f, 0x2f, 0x2f, 0x2f, 0x2f, 0x2f, 0x2f, 0x2f, 0x37, 0x37, 0x2f, 0x2f, 0x2f
    db 0x2f, 0x2f, 0x2f, 0x2f, 0x2f, 0x2f, 0x2f, 0x2f, 0x2f, 0x2f, 0x2f, 0x2f, 0x2f, 0x2f, 0x37, 0x2f
    db 0x2f, 0x2f, 0x30, 0x1e, 0x3c, 0xda, 0xd0, 0xca, 0xcd, 0xcf, 0xd1, 0x99, 0x72, 0x72, 0x76, 0x72
    db 0x72, 0x75, 0x75, 0x75, 0x75, 0x75, 0x72, 0x86, 0x99, 0xd1, 0xcd, 0xc9, 0xd2, 0xdc, 0xdc, 0x40
    db 0x40, 0x6e, 0x8a, 0x6c, 0x40, 0x24, 0x16, 0x50, 0x8a, 0x1f, 0x39, 0x30, 0x39, 0xbe, 0x88, 0x6c
    db 0x79, 0x75, 0x79, 0x79, 0x79, 0x81, 0x79, 0x79, 0x7b, 0x9b, 0xd4, 0xd2, 0xcf, 0xcf, 0xdc, 0xe4
    db 0x92, 0x88, 0x50, 0x16, 0x21, 0x21, 0x21, 0x21, 0x22, 0x22, 0x22, 0x22, 0x22, 0x20, 0x22, 0x84
    db 0x3f, 0x3c, 0x68, 0x21, 0x22, 0x24, 0x21, 0x21, 0x16, 0x3a, 0x70, 0x55, 0x06, 0x80, 0xe3, 0xd8
    db 0x96, 0x0b, 0x25, 0x0a, 0x52, 0xed, 0x7e, 0x52, 0x57, 0x57, 0x57, 0x57, 0x57, 0x57, 0x57, 0x57
    db 0x85, 0xf0, 0x52, 0x0b, 0x13, 0x10, 0x0b, 0x25, 0x70, 0xf0, 0x70, 0x57, 0x57, 0x57, 0x57, 0x57
    db 0x57, 0x57, 0x57, 0x57, 0x57, 0xdd, 0xd9, 0xd9, 0xed, 0xc3, 0x57, 0x95, 0x87, 0x73, 0x76, 0x72
    db 0x76, 0x87, 0xd5, 0xe6, 0xe8, 0xe6, 0xba, 0x39, 0x3a, 0x3a, 0x3a, 0x37, 0x2f, 0x2f, 0x0d, 0x68
    db 0x96, 0x14, 0x25, 0x19, 0x0a, 0x7c, 0x55, 0x18, 0x09, 0x32, 0x7c, 0xc3, 0xeb, 0xc7, 0xc7, 0x4c
    db 0x08, 0x07, 0x00, 0x00, 0x00, 0x00, 0x00, 0x07, 0x3c, 0x63, 0x63, 0x95, 0x80, 0x25, 0x10, 0x12
    db 0x10, 0x11, 0x12, 0x12, 0x19, 0x19, 0x10, 0x32, 0x7d, 0x7d, 0x7d, 0x7d, 0x7c, 0xc6, 0x7f, 0x0e
    db 0x10, 0x0b, 0x51, 0x7d, 0x33, 0xe9, 0xf0, 0xf5, 0xff, 0xff, 0xff, 0xff, 0xed, 0x80, 0x80, 0x7f
    db 0x80, 0xe9, 0x3b, 0x1f, 0x2f, 0x2f, 0x2f, 0x2f, 0x2f, 0x2f, 0x2f, 0x2f, 0x2f, 0x2f, 0x2f, 0x2f
    db 0x2f, 0x2f, 0x2f, 0x2f, 0x2f, 0x2f, 0x2f, 0x2f, 0x2f, 0x2f, 0x2f, 0x2f, 0x2f, 0x2f, 0x2f, 0x2f
    db 0x2f, 0x2f, 0x2f, 0x2f, 0x2f, 0x2f, 0x2f, 0x2f, 0x2f, 0x2f, 0x2f, 0x2f, 0x2f, 0x2f, 0x2a, 0x2f
    db 0x2f, 0x2f, 0x2f, 0x2f, 0x2f, 0x2f, 0x2f, 0x2f, 0x2f, 0x2f, 0x2f, 0x2f, 0x2f, 0x2f, 0x2f, 0x2f
    db 0x2f, 0x2f, 0x2f, 0x2f, 0x2f, 0x2f, 0x2f, 0x2f, 0x2f, 0x2f, 0x2f, 0x2f, 0x2f, 0x2f, 0x2f, 0x2a
    db 0x36, 0xbe, 0xd4, 0xcd, 0xcd, 0xcd, 0xd1, 0xd1, 0x8a, 0x73, 0x76, 0x76, 0x78, 0x75, 0x75, 0x75
    db 0x75, 0x75, 0x75, 0x72, 0x82, 0x95, 0xd0, 0xd1, 0xc9, 0xc9, 0xd4, 0xd2, 0x94, 0x68, 0x3b, 0x21
    db 0x24, 0x31, 0x24, 0x3c, 0x97, 0x40, 0x30, 0x30, 0x39, 0xbe, 0x88, 0x6c, 0x77, 0x78, 0x75, 0x76
    db 0x76, 0x76, 0x76, 0x81, 0x98, 0xd5, 0xd1, 0xd2, 0xcc, 0xd1, 0xe5, 0xe4, 0x92, 0x88, 0x3f, 0x16
    db 0x20, 0x21, 0x21, 0x22, 0x23, 0x22, 0x22, 0x22, 0x22, 0x20, 0x1e, 0x6f, 0x60, 0x3b, 0x65, 0x28
    db 0x21, 0x24, 0x21, 0x1e, 0x1e, 0x0d, 0x76, 0x52, 0x3d, 0xd6, 0x80, 0x7e, 0x7e, 0x09, 0x25, 0x12
    db 0x06, 0x70, 0xeb, 0x85, 0x57, 0x57, 0x57, 0x57, 0x57, 0x57, 0x70, 0x96, 0xf0, 0x7e, 0x09, 0x25
    db 0x13, 0x13, 0x13, 0x32, 0x3d, 0xd8, 0xed, 0x70, 0x52, 0x57, 0x57, 0x57, 0x57, 0x57, 0x57, 0x57
    db 0x96, 0xe3, 0x7e, 0xeb, 0xc3, 0x56, 0x7e, 0xda, 0x7b, 0x77, 0x7b, 0x81, 0x82, 0x82, 0x9c, 0xe6
    db 0xe6, 0xe8, 0xbe, 0x39, 0x30, 0x38, 0x38, 0x30, 0x30, 0x2c, 0x30, 0x17, 0x97, 0x70, 0x09, 0x25
    db 0x09, 0x51, 0x51, 0x7f, 0x56, 0xe0, 0xf3, 0xea, 0x6b, 0x07, 0x00, 0x00, 0x00, 0x00, 0x00, 0x00
    db 0x07, 0x3c, 0x54, 0x1f, 0x03, 0x07, 0x7e, 0x80, 0x51, 0x09, 0x12, 0x12, 0x12, 0x12, 0x12, 0x12
    db 0x12, 0x19, 0x09, 0x51, 0x7f, 0x7d, 0x7d, 0x7d, 0xa1, 0xd7, 0x55, 0x0a, 0x13, 0x0b, 0x51, 0x7f
    db 0x55, 0x70, 0xff, 0xfd, 0xf7, 0xff, 0xf3, 0xc6, 0x80, 0xa2, 0xd6, 0xb9, 0x7f, 0xd8, 0x95, 0x0d
    db 0x2b, 0x2f, 0x2f, 0x2f, 0x2f, 0x2f, 0x2f, 0x2f, 0x2f, 0x2f, 0x2f, 0x2f, 0x2f, 0x2f, 0x2f, 0x2f
    db 0x2f, 0x2f, 0x2f, 0x2f, 0x2f, 0x2f, 0x2f, 0x2f, 0x2f, 0x2f, 0x2f, 0x2f, 0x2f, 0x2f, 0x2f, 0x2f
    db 0x2f, 0x2f, 0x2f, 0x2f, 0x2f, 0x2f, 0x2f, 0x2f, 0x2f, 0x2a, 0x2a, 0x2a, 0x2a, 0x2a, 0x2f, 0x2f
    db 0x2f, 0x2f, 0x2f, 0x2f, 0x2f, 0x2f, 0x2f, 0x2f, 0x2f, 0x2f, 0x2f, 0x2f, 0x2f, 0x2f, 0x2f, 0x2f
    db 0x2f, 0x2f, 0x2f, 0x2f, 0x2f, 0x2f, 0x2f, 0x2f, 0x2f, 0x2f, 0x2f, 0x2f, 0x16, 0x88, 0xdc, 0xcd
    db 0xcd, 0xcd, 0xcd, 0xd1, 0x98, 0x73, 0x73, 0x76, 0x78, 0x75, 0x75, 0x75, 0x75, 0x75, 0x75, 0x75
    db 0x72, 0x71, 0x8a, 0x99, 0xce, 0xc8, 0xc1, 0xd2, 0xd2, 0x92, 0x6e, 0x63, 0x3f, 0x31, 0x21, 0x3b
    db 0x92, 0x84, 0x27, 0x30, 0x17, 0xba, 0x8f, 0x6e, 0x73, 0x74, 0x72, 0x72, 0x76, 0x76, 0x72, 0x98
    db 0xd3, 0xcc, 0xd1, 0xd2, 0xcb, 0xdc, 0xe6, 0xdc, 0x97, 0x8a, 0x3c, 0x16, 0x20, 0x21, 0x21, 0x22
    db 0x23, 0x22, 0x22, 0x22, 0x22, 0x23, 0x1e, 0x6a, 0x68, 0x31, 0x63, 0x3b, 0x1e, 0x24, 0x22, 0x22
    db 0x22, 0x16, 0x54, 0x70, 0x3d, 0x80, 0xa1, 0x56, 0x85, 0x14, 0x18, 0x10, 0x0b, 0x06, 0x55, 0xd9
    db 0xe9, 0xe1, 0xe1, 0xe1, 0xe1, 0xe3, 0xeb, 0xc6, 0x7e, 0x06, 0x09, 0x18, 0x19, 0x18, 0x18, 0x32
    db 0x32, 0x3d, 0xd7, 0xed, 0xd8, 0x85, 0x7e, 0x70, 0x7e, 0x84, 0x96, 0xe1, 0xd7, 0x7c, 0x7c, 0xed
    db 0xc6, 0x55, 0x85, 0xe5, 0x88, 0x7b, 0x82, 0x82, 0x82, 0x76, 0x92, 0xdc, 0xe6, 0xe6, 0xe8, 0x88
    db 0x28, 0x1f, 0x30, 0x30, 0x30, 0x36, 0x39, 0x35, 0x3c, 0xdd, 0x52, 0x32, 0x32, 0x19, 0x32, 0x51
    db 0xc3, 0xf3, 0xff, 0xee, 0x03, 0x00, 0x00, 0x03, 0x07, 0x0d, 0x40, 0x40, 0x3c, 0x07, 0x00, 0x00
    db 0x35, 0x85, 0x80, 0x55, 0x18, 0x12, 0x11, 0x12, 0x12, 0x12, 0x12, 0x12, 0x12, 0x12, 0x0a, 0x56
    db 0x7d, 0x7d, 0x7d, 0x80, 0xe0, 0x7f, 0x3d, 0x0b, 0x0e, 0x0a, 0x3d, 0x7d, 0x7d, 0x55, 0xe1, 0xfb
    db 0xff, 0xec, 0x80, 0x80, 0xb9, 0xc5, 0xc5, 0xc5, 0xa1, 0x7e, 0xe9, 0x68, 0x0d, 0x2f, 0x2f, 0x2f
    db 0x2f, 0x2f, 0x2f, 0x2f, 0x2f, 0x2f, 0x2f, 0x2f, 0x2f, 0x2f, 0x2f, 0x2f, 0x2f, 0x2f, 0x2f, 0x2f
    db 0x2f, 0x2f, 0x2f, 0x2f, 0x2f, 0x2f, 0x2f, 0x2f, 0x2f, 0x2f, 0x2f, 0x2f, 0x2f, 0x2f, 0x2f, 0x2f
    db 0x2f, 0x2f, 0x2f, 0x2f, 0x2f, 0x2a, 0x2a, 0x2a, 0x2a, 0x2a, 0x2a, 0x2f, 0x2f, 0x2f, 0x2f, 0x2f
    db 0x2f, 0x2f, 0x2f, 0x2f, 0x2f, 0x2f, 0x2f, 0x2f, 0x2f, 0x2f, 0x2f, 0x2f, 0x2f, 0x2f, 0x2f, 0x2f
    db 0x2f, 0x2f, 0x2f, 0x2f, 0x2f, 0x2f, 0x2f, 0x2f, 0x0d, 0x66, 0xe5, 0xd1, 0xd1, 0xcd, 0xcd, 0xcd
    db 0xce, 0x88, 0x72, 0x76, 0x79, 0x72, 0x75, 0x75, 0x75, 0x75, 0x75, 0x75, 0x75, 0x75, 0x73, 0x71
    db 0x88, 0x97, 0xca, 0xd0, 0xd0, 0xdc, 0xc2, 0x8e, 0x6f, 0x68, 0x62, 0x3c, 0x6a, 0xbe, 0x3b, 0x2b
    db 0x1f, 0xba, 0xbe, 0x71, 0x76, 0x75, 0x72, 0x72, 0x71, 0x72, 0x95, 0xd0, 0xcb, 0xcf, 0xd1, 0xd2
    db 0xdc, 0x97, 0x92, 0xe5, 0xc2, 0x8f, 0x3b, 0x16, 0x24, 0x21, 0x21, 0x22, 0x23, 0x22, 0x22, 0x22
    db 0x22, 0x23, 0x20, 0x62, 0x71, 0x2c, 0x62, 0x3c, 0x16, 0x23, 0x22, 0x21, 0x23, 0x20, 0x2c, 0x85
    db 0x33, 0x55, 0xa1, 0xe1, 0xc7, 0x1a, 0x09, 0x10, 0x10, 0x0b, 0x06, 0x32, 0x56, 0x80, 0x80, 0x80
    db 0x80, 0x7c, 0x51, 0x32, 0x55, 0x3d, 0x7f, 0x80, 0x7c, 0x51, 0x51, 0x55, 0x55, 0x32, 0x56, 0x55
    db 0xa8, 0xe3, 0xe3, 0xeb, 0xeb, 0xeb, 0xd9, 0x7e, 0x3d, 0x56, 0x7f, 0xe0, 0x80, 0x3d, 0x96, 0x9c
    db 0x8f, 0x7b, 0x82, 0x82, 0x82, 0x82, 0x88, 0xd3, 0xe6, 0xdd, 0xe5, 0xe7, 0x8f, 0x36, 0x1e, 0x38
    db 0x38, 0x38, 0x35, 0x35, 0x17, 0x54, 0xc7, 0x33, 0x55, 0x32, 0x0a, 0x09, 0x06, 0x3d, 0xc7, 0xfd
    db 0xee, 0x6e, 0x40, 0x40, 0x17, 0x08, 0x03, 0x00, 0x00, 0x00, 0x17, 0x85, 0xa1, 0x7c, 0x7c, 0x32
    db 0x0a, 0x0f, 0x12, 0x12, 0x12, 0x12, 0x12, 0x0f, 0x12, 0x10, 0x32, 0x7d, 0x7d, 0x7d, 0x80, 0xe3
    db 0xa8, 0x7f, 0x32, 0x0b, 0x0f, 0x0a, 0x32, 0x7d, 0x7d, 0x7c, 0x80, 0xf4, 0xe1, 0x7f, 0xa1, 0xb9
    db 0xc5, 0xc5, 0xb3, 0xc4, 0xb6, 0xa1, 0x80, 0xe9, 0x3c, 0x1e, 0x2f, 0x2f, 0x2f, 0x2f, 0x2f, 0x2f
    db 0x2f, 0x2f, 0x2f, 0x2f, 0x2f, 0x2f, 0x2f, 0x2f, 0x2f, 0x2f, 0x2f, 0x2f, 0x2f, 0x2f, 0x2f, 0x2f
    db 0x2f, 0x2f, 0x2f, 0x2f, 0x2f, 0x2f, 0x2f, 0x2f, 0x2f, 0x2f, 0x2f, 0x2f, 0x2f, 0x2f, 0x2f, 0x2f
    db 0x2f, 0x2a, 0x2a, 0x2a, 0x2a, 0x2a, 0x2a, 0x2f, 0x2f, 0x2f, 0x2f, 0x2f, 0x2f, 0x2f, 0x2f, 0x2f
    db 0x2f, 0x2f, 0x2f, 0x2f, 0x2f, 0x2f, 0x2f, 0x2f, 0x2f, 0x2f, 0x2f, 0x2f, 0x2f, 0x2f, 0x2f, 0x2f
    db 0x2f, 0x2f, 0x2f, 0x30, 0x1f, 0x40, 0xdc, 0xd1, 0xd1, 0xcd, 0xcd, 0xcd, 0xd1, 0x98, 0x72, 0x76
    db 0x81, 0x72, 0x75, 0x75, 0x75, 0x75, 0x75, 0x75, 0x75, 0x75, 0x73, 0x76, 0x71, 0x6e, 0x86, 0x98
    db 0xca, 0xd0, 0xd2, 0xd2, 0xba, 0x87, 0x74, 0x6e, 0x6a, 0xba, 0x6a, 0x0d, 0x40, 0xc2, 0xdc, 0x88
    db 0x76, 0x75, 0x73, 0x71, 0x84, 0x97, 0xd4, 0xcc, 0xcf, 0xc9, 0xcd, 0xe4, 0x8f, 0x39, 0x84, 0xe6
    db 0xd3, 0x97, 0x36, 0x21, 0x24, 0x21, 0x21, 0x22, 0x23, 0x22, 0x22, 0x22, 0x22, 0x23, 0x1e, 0x40
    db 0x84, 0x3a, 0x4a, 0x40, 0x16, 0x23, 0x22, 0x21, 0x23, 0x24, 0x21, 0x63, 0x57, 0x1a, 0x3d, 0xa8
    db 0xd8, 0x3d, 0x06, 0x0b, 0x10, 0x0b, 0x10, 0x0e, 0x0a, 0x0e, 0x0e, 0x09, 0x09, 0x09, 0x09, 0x06
    db 0x3d, 0x56, 0xa1, 0xb2, 0xa1, 0x7f, 0xa1, 0xeb, 0xd7, 0x80, 0x70, 0x06, 0x19, 0x3d, 0x51, 0x51
    db 0x55, 0x51, 0x32, 0x09, 0x32, 0x7c, 0xa1, 0xe3, 0x55, 0x3d, 0xdd, 0x8a, 0x95, 0x81, 0x82, 0x82
    db 0x82, 0x76, 0x83, 0xc1, 0xdd, 0xe5, 0xdd, 0xdd, 0xe7, 0x8a, 0x3a, 0x1f, 0x2b, 0x3a, 0x3c, 0x50
    db 0x68, 0x54, 0x6c, 0x85, 0x1a, 0x56, 0x32, 0x0b, 0x0f, 0x09, 0x14, 0x80, 0xf3, 0x96, 0x07, 0x00
    db 0x00, 0x00, 0x03, 0x30, 0x54, 0x96, 0xa1, 0x56, 0x3d, 0x56, 0x51, 0x09, 0x13, 0x10, 0x0f, 0x12
    db 0x12, 0x12, 0x12, 0x12, 0x12, 0x09, 0x55, 0x7d, 0x7d, 0x7f, 0xe3, 0xa1, 0xa1, 0x56, 0x0e, 0x0f
    db 0x10, 0x0b, 0x32, 0x7d, 0x7c, 0x80, 0xeb, 0xc6, 0x80, 0xa1, 0xb6, 0xb9, 0xb9, 0xc5, 0xb9, 0xb7
    db 0xb7, 0xb5, 0x80, 0xc6, 0xc2, 0x0d, 0x2e, 0x30, 0x2f, 0x2f, 0x2f, 0x2f, 0x2f, 0x2f, 0x30, 0x2f
    db 0x30, 0x30, 0x2f, 0x2e, 0x2e, 0x2f, 0x2f, 0x2f, 0x2f, 0x2f, 0x2f, 0x2f, 0x2f, 0x36, 0x36, 0x2f
    db 0x2f, 0x2f, 0x2f, 0x2f, 0x2f, 0x2f, 0x2f, 0x2f, 0x2f, 0x2f, 0x2f, 0x2f, 0x2a, 0x2a, 0x2a, 0x2a
    db 0x2a, 0x2a, 0x2a, 0x2f, 0x2f, 0x2f, 0x2f, 0x2a, 0x2a, 0x2f, 0x2a, 0x2a, 0x2a, 0x2a, 0x2f, 0x2f
    db 0x2f, 0x2f, 0x2f, 0x2f, 0x2f, 0x2f, 0x2f, 0x2f, 0x2f, 0x2f, 0x2f, 0x2f, 0x2f, 0x2f, 0x2f, 0x30
    db 0x2b, 0x39, 0xbe, 0xd4, 0xcc, 0xcd, 0xcd, 0xcd, 0xcd, 0xd2, 0x8a, 0x71, 0x7b, 0x75, 0x72, 0x75
    db 0x75, 0x75, 0x75, 0x75, 0x72, 0x72, 0x72, 0x72, 0x75, 0x75, 0x6f, 0x6a, 0x6c, 0x8f, 0xc2, 0xd2
    db 0xd3, 0xd0, 0x97, 0x88, 0x6c, 0x6f, 0x9c, 0x3f, 0x6a, 0x6f, 0x9c, 0xc2, 0x8a, 0x8a, 0x8f, 0x98
    db 0xca, 0xd1, 0xcd, 0xcc, 0xc9, 0xd2, 0xd3, 0x6c, 0x39, 0x1f, 0x84, 0xe7, 0xd4, 0xc0, 0x3c, 0x16
    db 0x20, 0x22, 0x22, 0x22, 0x22, 0x22, 0x22, 0x22, 0x22, 0x23, 0x1e, 0x3c, 0x84, 0x3b, 0x3c, 0x54
    db 0x16, 0x24, 0x22, 0x21, 0x21, 0x22, 0x2c, 0x1e, 0x76, 0x33, 0x33, 0x06, 0x70, 0x70, 0x06, 0x0b
    db 0x0a, 0x13, 0x18, 0x19, 0x19, 0x19, 0x13, 0x11, 0x11, 0x12, 0x13, 0x11, 0x0b, 0x0f, 0x32, 0x55
    db 0x7d, 0x7f, 0x7f, 0x7f, 0x56, 0x55, 0x1a, 0x10, 0x13, 0x0a, 0x09, 0x09, 0x0a, 0x0e, 0x18, 0x0e
    db 0x51, 0x7c, 0xc6, 0xc6, 0x33, 0x7e, 0x9f, 0x83, 0x97, 0x82, 0x82, 0x82, 0x76, 0x76, 0x73, 0x99
    db 0xd5, 0xdd, 0xdd, 0xdd, 0xdc, 0xe5, 0x97, 0x6c, 0x71, 0x88, 0x92, 0x92, 0x8f, 0x92, 0x63, 0x8a
    db 0x7e, 0x1a, 0x55, 0x14, 0x0a, 0x25, 0x18, 0x32, 0x7c, 0xa1, 0x80, 0x85, 0x85, 0x85, 0x85, 0xa1
    db 0x7f, 0x55, 0x51, 0x51, 0x7c, 0x55, 0x09, 0x12, 0x12, 0x12, 0x12, 0x12, 0x12, 0x12, 0x12, 0x11
    db 0x10, 0x32, 0x7d, 0x7d, 0x7f, 0xd9, 0x80, 0x7f, 0x80, 0x51, 0x09, 0x13, 0x12, 0x09, 0x3d, 0x7c
    db 0xc3, 0xeb, 0xa8, 0xa1, 0xb9, 0xb9, 0xac, 0xb7, 0xaa, 0xa9, 0xa9, 0xac, 0xac, 0xaa, 0xa6, 0x80
    db 0xe3, 0x71, 0x08, 0x0d, 0x17, 0x1f, 0x31, 0x31, 0x2c, 0x2f, 0x2b, 0x2f, 0x2b, 0x30, 0x30, 0x37
    db 0x2e, 0x2b, 0x30, 0x2f, 0x37, 0x2f, 0x2f, 0x2e, 0x36, 0x31, 0x38, 0x39, 0x2f, 0x2f, 0x2f, 0x2f
    db 0x2f, 0x2f, 0x2f, 0x2f, 0x2f, 0x2f, 0x2f, 0x2f, 0x2f, 0x2a, 0x2a, 0x2a, 0x2a, 0x2a, 0x2a, 0x2f
    db 0x2f, 0x2f, 0x2f, 0x2f, 0x2f, 0x2f, 0x2f, 0x2a, 0x2a, 0x2a, 0x2f, 0x2f, 0x2f, 0x2f, 0x2f, 0x2f
    db 0x2f, 0x2f, 0x2f, 0x2f, 0x2f, 0x2f, 0x2f, 0x2f, 0x2f, 0x2f, 0x2f, 0x30, 0x30, 0x0d, 0x87, 0xdc
    db 0xcb, 0xcd, 0xcd, 0xcd, 0xcc, 0xd1, 0xc9, 0x87, 0x73, 0x75, 0x72, 0x75, 0x75, 0x75, 0x75, 0x75
    db 0x75, 0x75, 0x75, 0x75, 0x75, 0x72, 0x81, 0x81, 0x6c, 0x63, 0x68, 0x8a, 0xba, 0xd0, 0xd2, 0xd4
    db 0xbe, 0x8a, 0xba, 0xc2, 0x9c, 0x6f, 0x6c, 0xe6, 0xda, 0xd2, 0xd1, 0xd5, 0xd1, 0xcd, 0xcd, 0xcb
    db 0xd5, 0x9c, 0x54, 0x0d, 0x30, 0x1f, 0x75, 0xe8, 0xd4, 0xd0, 0x50, 0x16, 0x20, 0x22, 0x22, 0x22
    db 0x22, 0x22, 0x22, 0x22, 0x22, 0x22, 0x20, 0x3a, 0x6f, 0x40, 0x3b, 0x65, 0x20, 0x20, 0x22, 0x21
    db 0x21, 0x21, 0x23, 0x0d, 0x3c, 0x6b, 0x1a, 0x06, 0x3d, 0x85, 0x06, 0x13, 0x11, 0x19, 0x19, 0x19
    db 0x10, 0x10, 0x0f, 0x13, 0x13, 0x19, 0x12, 0x12, 0x12, 0x0f, 0x0a, 0x09, 0x32, 0x55, 0x55, 0x3d
    db 0x12, 0x09, 0x10, 0x12, 0x19, 0x10, 0x10, 0x13, 0x13, 0x13, 0x12, 0x19, 0x7c, 0x56, 0xa8, 0x55
    db 0x52, 0xdd, 0x87, 0x83, 0x92, 0x83, 0x76, 0x76, 0x76, 0x76, 0x72, 0x92, 0xce, 0xdd, 0xdd, 0xe6
    db 0xda, 0xd2, 0xe5, 0xe8, 0xba, 0x83, 0x6f, 0x6e, 0x6e, 0x6f, 0x8f, 0x39, 0x9d, 0x57, 0x33, 0x55
    db 0x25, 0x25, 0x25, 0x18, 0x32, 0x56, 0x7d, 0x7d, 0x7d, 0x7d, 0x7d, 0x56, 0x51, 0x55, 0x7c, 0x7f
    db 0x80, 0x51, 0x0a, 0x12, 0x12, 0x12, 0x12, 0x12, 0x12, 0x12, 0x13, 0x13, 0x09, 0x55, 0x7d, 0x7f
    db 0xeb, 0x80, 0x7c, 0xa1, 0x7f, 0x32, 0x18, 0x19, 0x0e, 0x32, 0x7f, 0xe3, 0xeb, 0xa8, 0xa2, 0xc5
    db 0xb9, 0xb9, 0xc5, 0xac, 0xac, 0xac, 0xac, 0xb7, 0xab, 0xac, 0xb9, 0xa1, 0x80, 0xee, 0x92, 0x97
    db 0x88, 0x54, 0x0d, 0x0d, 0x0d, 0x0d, 0x0d, 0x0d, 0x0d, 0x1e, 0x30, 0x2f, 0x28, 0x29, 0x2b, 0x30
    db 0x38, 0x30, 0x30, 0x38, 0x31, 0x36, 0x27, 0x16, 0x2f, 0x2f, 0x2f, 0x2f, 0x2f, 0x2f, 0x2f, 0x2f
    db 0x2f, 0x2f, 0x2f, 0x2f, 0x2f, 0x2a, 0x2a, 0x2a, 0x2a, 0x2a, 0x2a, 0x2f, 0x2f, 0x2f, 0x2f, 0x2f
    db 0x2f, 0x2f, 0x2f, 0x2f, 0x2a, 0x2a, 0x2f, 0x2f, 0x2f, 0x2f, 0x2f, 0x2f, 0x2f, 0x2f, 0x2f, 0x2f
    db 0x2f, 0x2f, 0x2f, 0x2f, 0x2f, 0x2f, 0x2f, 0x2f, 0x30, 0x27, 0x54, 0xe4, 0xd2, 0xcd, 0xcd, 0xcc
    db 0xcd, 0xcc, 0xd1, 0xbe, 0x7a, 0x72, 0x75, 0x75, 0x75, 0x75, 0x72, 0x72, 0x75, 0x75, 0x75, 0x75
    db 0x75, 0x75, 0x75, 0x75, 0x82, 0x75, 0x6a, 0x62, 0x62, 0x6c, 0x8f, 0xbe, 0xd2, 0xd4, 0xd2, 0xdc
    db 0xd4, 0xe4, 0xba, 0xba, 0xd2, 0xe6, 0xda, 0xd2, 0xd2, 0xd5, 0xda, 0xdd, 0x92, 0x2e, 0x0d, 0x30
    db 0x30, 0x17, 0x8a, 0xe6, 0xd4, 0xd2, 0x65, 0x21, 0x21, 0x22, 0x22, 0x22, 0x22, 0x22, 0x22, 0x22
    db 0x22, 0x22, 0x20, 0x1e, 0x6a, 0x62, 0x29, 0x65, 0x3b, 0x20, 0x24, 0x21, 0x22, 0x22, 0x20, 0x20
    db 0x0d, 0x40, 0x84, 0x52, 0x57, 0xd8, 0x1a, 0x25, 0x19, 0x19, 0x19, 0x10, 0x10, 0x10, 0x12, 0x0b
    db 0x0b, 0x12, 0x0f, 0x12, 0x12, 0x0f, 0x0e, 0x0a, 0x09, 0x09, 0x09, 0x09, 0x18, 0x18, 0x18, 0x18
    db 0x19, 0x12, 0x0f, 0x10, 0x10, 0x10, 0x0b, 0x32, 0x7d, 0x55, 0x96, 0x33, 0x96, 0x96, 0x82, 0x83
    db 0x8a, 0x87, 0x72, 0x76, 0x76, 0x7b, 0x73, 0x8e, 0xce, 0xdc, 0xe6, 0xe6, 0xda, 0xca, 0xcc, 0xd5
    db 0xe4, 0x98, 0x6e, 0x6e, 0x6f, 0x6e, 0x92, 0x54, 0x2c, 0xbf, 0x52, 0x3d, 0x55, 0x25, 0x19, 0x13
    db 0x09, 0x25, 0x56, 0x7d, 0x7d, 0x7d, 0x7d, 0x7f, 0x80, 0xa1, 0xd7, 0xd6, 0x56, 0x06, 0x12, 0x12
    db 0x12, 0x12, 0x12, 0x12, 0x12, 0x19, 0x19, 0x09, 0x3d, 0x7d, 0x7f, 0xed, 0xc6, 0x7c, 0x80, 0xa1
    db 0x56, 0x25, 0x13, 0x0a, 0x3d, 0x80, 0xed, 0xe0, 0xa9, 0xb9, 0xb9, 0xb7, 0xc5, 0xc5, 0xc5, 0xc5
    db 0xac, 0xac, 0xac, 0xb7, 0xad, 0xac, 0xc5, 0xc6, 0xeb, 0xf1, 0xd9, 0xc6, 0xe3, 0xec, 0x95, 0x88
    db 0x8e, 0x8b, 0x8f, 0x8f, 0x8f, 0x68, 0x29, 0x3b, 0x3c, 0x3c, 0x38, 0x0d, 0x1f, 0x1f, 0x1f, 0x1f
    db 0x0d, 0x16, 0x62, 0x99, 0x2f, 0x2f, 0x2f, 0x2f, 0x2f, 0x2f, 0x2f, 0x2f, 0x2f, 0x2f, 0x2f, 0x2f
    db 0x2f, 0x2a, 0x2a, 0x2a, 0x2a, 0x2a, 0x2a, 0x2a, 0x2a, 0x2f, 0x2f, 0x2f, 0x2f, 0x2f, 0x2f, 0x2f
    db 0x2f, 0x2f, 0x2f, 0x2f, 0x2f, 0x2f, 0x2f, 0x2f, 0x2f, 0x2f, 0x2f, 0x2f, 0x2f, 0x2f, 0x2f, 0x2f
    db 0x2f, 0x2f, 0x2f, 0x2f, 0x30, 0x2a, 0x36, 0xc1, 0xda, 0xc9, 0xcc, 0xcb, 0xcd, 0xcd, 0xcf, 0xd1
    db 0x98, 0x75, 0x75, 0x75, 0x75, 0x75, 0x72, 0x72, 0x75, 0x75, 0x75, 0x75, 0x75, 0x75, 0x75, 0x75
    db 0x76, 0x76, 0x82, 0x72, 0x6a, 0x62, 0x54, 0x66, 0x7a, 0x98, 0xca, 0xc9, 0xc1, 0xc1, 0x84, 0xbe
    db 0x8e, 0x74, 0xd4, 0xe6, 0xe6, 0xdc, 0xbe, 0xda, 0x6c, 0x3f, 0x3f, 0x3c, 0x2a, 0x54, 0xdc, 0xe4
    db 0xd2, 0xd1, 0x6e, 0x3b, 0x16, 0x22, 0x22, 0x22, 0x22, 0x22, 0x22, 0x22, 0x22, 0x22, 0x23, 0x16
    db 0x66, 0x6a, 0x2c, 0x64, 0x40, 0x16, 0x20, 0x20, 0x22, 0x22, 0x22, 0x21, 0x21, 0x16, 0x3c, 0x68
    db 0x6e, 0xd3, 0x3d, 0x0e, 0x19, 0x12, 0x12, 0x10, 0x10, 0x10, 0x0b, 0x33, 0x55, 0x0b, 0x09, 0x09
    db 0x09, 0x18, 0x25, 0x32, 0x25, 0x0b, 0x09, 0x09, 0x0a, 0x0f, 0x18, 0x18, 0x13, 0x0e, 0x12, 0x10
    db 0x0b, 0x10, 0x09, 0x51, 0x7c, 0x7e, 0xc7, 0x85, 0xe5, 0x82, 0x83, 0x82, 0x88, 0x88, 0x71, 0x73
    db 0x73, 0x76, 0x71, 0x87, 0xca, 0xdc, 0xe6, 0xe6, 0xd5, 0xd1, 0xcd, 0xcd, 0xd1, 0xdb, 0x99, 0x87
    db 0x6e, 0x6c, 0x84, 0x84, 0x0d, 0x3c, 0xc7, 0x52, 0x51, 0x51, 0x10, 0x10, 0x13, 0x0e, 0x32, 0x7d
    db 0x7f, 0xa1, 0xd9, 0xed, 0xed, 0xe3, 0xc3, 0x7c, 0x32, 0x0b, 0x12, 0x12, 0x19, 0x19, 0x19, 0x19
    db 0x19, 0x19, 0x10, 0x32, 0x7c, 0x7f, 0xed, 0xe0, 0x7c, 0x7c, 0xa1, 0x7f, 0x3d, 0x0a, 0x09, 0x51
    db 0xd9, 0xed, 0xd9, 0xa9, 0xb9, 0xb5, 0xb9, 0xc5, 0xc5, 0xb6, 0xb9, 0xc5, 0xac, 0xac, 0xac, 0xc4
    db 0xb9, 0xb5, 0xc3, 0xed, 0xf0, 0xc6, 0xa1, 0xa1, 0x80, 0xa1, 0xe0, 0xc6, 0xc3, 0xc3, 0xa1, 0xa1
    db 0xc3, 0xd9, 0xd8, 0xe1, 0xe1, 0xe1, 0xdd, 0x88, 0x63, 0x50, 0x40, 0x40, 0x6c, 0xe8, 0xed, 0xd8
    db 0x2f, 0x2f, 0x2f, 0x2f, 0x2f, 0x2f, 0x2f, 0x2f, 0x2f, 0x2f, 0x2f, 0x2f, 0x2f, 0x2a, 0x2f, 0x2a
    db 0x2f, 0x2f, 0x2f, 0x2a, 0x2f, 0x2f, 0x2f, 0x2f, 0x2f, 0x2f, 0x2f, 0x2f, 0x2f, 0x2f, 0x2f, 0x2f
    db 0x2f, 0x2f, 0x2f, 0x2f, 0x2f, 0x2f, 0x2f, 0x2f, 0x2f, 0x2f, 0x2f, 0x2f, 0x2f, 0x2f, 0x2f, 0x2f
    db 0x2f, 0x2f, 0x0d, 0x6a, 0xe5, 0xcb, 0xcc, 0xd1, 0xd1, 0xcd, 0xcd, 0xcd, 0xd1, 0x92, 0x71, 0x77
    db 0x74, 0x74, 0x75, 0x75, 0x75, 0x75, 0x75, 0x75, 0x75, 0x75, 0x75, 0x75, 0x75, 0x75, 0x75, 0x76
    db 0x83, 0x72, 0x6a, 0x65, 0x62, 0x62, 0x6a, 0x83, 0x8a, 0x8f, 0x9c, 0xd3, 0xda, 0x6a, 0xba, 0xd0
    db 0xda, 0x6f, 0x6a, 0xd4, 0xdd, 0xdd, 0xda, 0xc2, 0x9c, 0xc0, 0x9c, 0xdd, 0xd0, 0xd1, 0x87, 0x44
    db 0x16, 0x21, 0x23, 0x23, 0x21, 0x22, 0x22, 0x22, 0x22, 0x23, 0x23, 0x16, 0x50, 0x6f, 0x3b, 0x40
    db 0x63, 0x16, 0x22, 0x21, 0x21, 0x21, 0x21, 0x21, 0x21, 0x21, 0x21, 0x16, 0x08, 0x6a, 0x7e, 0x12
    db 0x0f, 0x0b, 0x0b, 0x10, 0x10, 0x13, 0x0a, 0x3d, 0xc6, 0x7e, 0x70, 0x7c, 0x7f, 0x7f, 0x7f, 0x7f
    db 0x7c, 0x55, 0x56, 0x56, 0x51, 0x32, 0x0e, 0x0a, 0x25, 0x32, 0x13, 0x0f, 0x11, 0x0b, 0x09, 0x56
    db 0x55, 0xc7, 0xe7, 0xd3, 0x83, 0x82, 0x82, 0x76, 0x95, 0x83, 0x6f, 0x72, 0x73, 0x73, 0x73, 0x83
    db 0xc8, 0xd5, 0xe6, 0xe5, 0xd0, 0xcd, 0xcd, 0xcf, 0xcf, 0xcb, 0xd1, 0xd1, 0x99, 0x87, 0x6c, 0x92
    db 0x3c, 0x17, 0x4f, 0xdd, 0x55, 0x33, 0x51, 0x13, 0x13, 0x25, 0x18, 0x32, 0x56, 0x7c, 0x7f, 0x7f
    db 0x56, 0x51, 0x32, 0x19, 0x10, 0x19, 0x19, 0x19, 0x19, 0x19, 0x12, 0x12, 0x19, 0x19, 0x18, 0x56
    db 0x80, 0xed, 0xeb, 0x7c, 0x7c, 0x7c, 0xa1, 0x7c, 0x25, 0x06, 0x55, 0xeb, 0xeb, 0xc6, 0xc4, 0xc5
    db 0xb9, 0xb6, 0xb9, 0xb9, 0xb9, 0xb9, 0xb9, 0xc5, 0xac, 0xac, 0xac, 0xac, 0xc5, 0xc3, 0xed, 0xff
    db 0xeb, 0xa8, 0xae, 0xa4, 0xe0, 0xf0, 0xeb, 0xc6, 0xa1, 0xa1, 0xa2, 0x7f, 0x7f, 0x7f, 0x80, 0x80
    db 0x80, 0x80, 0xa1, 0xe0, 0xeb, 0xe1, 0xe1, 0xe1, 0xf2, 0xf1, 0x80, 0x7f, 0x2f, 0x2f, 0x2f, 0x2f
    db 0x2f, 0x2f, 0x2f, 0x2f, 0x2f, 0x2f, 0x2f, 0x2f, 0x2f, 0x2f, 0x2f, 0x2f, 0x2f, 0x2f, 0x2f, 0x2a
    db 0x2f, 0x2f, 0x2f, 0x2f, 0x2f, 0x2f, 0x2f, 0x2f, 0x2f, 0x2f, 0x2f, 0x2f, 0x2f, 0x2f, 0x2f, 0x2f
    db 0x2f, 0x2f, 0x2f, 0x2f, 0x2f, 0x2f, 0x2f, 0x2f, 0x2f, 0x2f, 0x2f, 0x2f, 0x2f, 0x36, 0x29, 0x3b
    db 0xc2, 0xd2, 0xcc, 0xcd, 0xcd, 0xcd, 0xcd, 0xcd, 0xcd, 0xd2, 0x8f, 0x72, 0x81, 0x75, 0x75, 0x75
    db 0x75, 0x75, 0x75, 0x75, 0x75, 0x75, 0x75, 0x75, 0x75, 0x75, 0x75, 0x75, 0x79, 0x79, 0x83, 0x82
    db 0x6f, 0x68, 0x63, 0x62, 0x63, 0x68, 0x6c, 0x81, 0x92, 0xda, 0xbe, 0x92, 0x9c, 0x8e, 0x92, 0x99
    db 0x97, 0x97, 0x94, 0xc2, 0xe5, 0x8a, 0x83, 0xdc, 0xd3, 0xc9, 0x91, 0x66, 0x36, 0x21, 0x23, 0x23
    db 0x21, 0x22, 0x22, 0x22, 0x22, 0x22, 0x23, 0x21, 0x3c, 0x81, 0x3f, 0x3b, 0x68, 0x28, 0x22, 0x24
    db 0x21, 0x21, 0x21, 0x21, 0x21, 0x21, 0x24, 0x24, 0x21, 0x3c, 0xc7, 0x33, 0x32, 0x09, 0x0b, 0x10
    db 0x12, 0x19, 0x18, 0x0a, 0x0b, 0x3d, 0x51, 0x55, 0x7c, 0x7f, 0x80, 0x80, 0xa2, 0xc3, 0xa1, 0xa1
    db 0xa1, 0xa1, 0x7f, 0x56, 0x85, 0x80, 0x14, 0x18, 0x18, 0x0b, 0x32, 0x7c, 0x52, 0xdd, 0x6f, 0x71
    db 0x76, 0x73, 0x6f, 0x8e, 0xda, 0x78, 0x71, 0x76, 0x7b, 0x7b, 0x7b, 0x7b, 0x98, 0xd5, 0xe6, 0xdc
    db 0xcc, 0xcc, 0xcf, 0xcf, 0xcf, 0xcf, 0xcc, 0xcc, 0xd2, 0xd4, 0xba, 0xc2, 0x68, 0x1f, 0x17, 0x40
    db 0xbf, 0x52, 0x32, 0x51, 0x18, 0x25, 0x25, 0x19, 0x18, 0x25, 0x25, 0x0e, 0x09, 0x09, 0x0a, 0x10
    db 0x19, 0x19, 0x19, 0x19, 0x19, 0x19, 0x19, 0x18, 0x13, 0x13, 0x55, 0x80, 0xf1, 0xf0, 0x7f, 0x7d
    db 0x7d, 0x7f, 0xa1, 0x51, 0x06, 0x7e, 0xed, 0xdf, 0xa4, 0xc5, 0xc5, 0xb9, 0xb9, 0xb9, 0xb9, 0xb9
    db 0xb9, 0xb9, 0xb9, 0xac, 0xac, 0xac, 0xac, 0xb8, 0xc3, 0xe3, 0xfd, 0xf5, 0xd9, 0xc5, 0xc4, 0xeb
    db 0xf4, 0xe9, 0xc6, 0xa4, 0xc3, 0xe3, 0xe3, 0x80, 0x80, 0xa1, 0xa2, 0xd9, 0xd9, 0xa1, 0xa1, 0x80
    db 0x80, 0xa1, 0xd7, 0xed, 0xe0, 0x80, 0x7f, 0x80, 0x2f, 0x2f, 0x2f, 0x2f, 0x2f, 0x2f, 0x2f, 0x2f
    db 0x2f, 0x2f, 0x2f, 0x2f, 0x2f, 0x2f, 0x2a, 0x2f, 0x2f, 0x2f, 0x2f, 0x2f, 0x2f, 0x2f, 0x2f, 0x2f
    db 0x2f, 0x2f, 0x2f, 0x2f, 0x2a, 0x2a, 0x2f, 0x2f, 0x2f, 0x2f, 0x2f, 0x2f, 0x2f, 0x2f, 0x2f, 0x2f
    db 0x2f, 0x2f, 0x2f, 0x2f, 0x2f, 0x2f, 0x2f, 0x2f, 0x37, 0x37, 0x2f, 0x0d, 0x6e, 0xe4, 0xcb, 0xcd
    db 0xcc, 0xcc, 0xcc, 0xcc, 0xcc, 0xcf, 0xd1, 0x8a, 0x72, 0x7b, 0x75, 0x75, 0x81, 0x75, 0x75, 0x75
    db 0x75, 0x75, 0x75, 0x75, 0x75, 0x75, 0x75, 0x75, 0x75, 0x75, 0x75, 0x75, 0x81, 0x81, 0x75, 0x6e
    db 0x6a, 0x65, 0x63, 0x63, 0x63, 0x65, 0x68, 0x6a, 0x6a, 0x8e, 0x88, 0x82, 0x88, 0x8a, 0xc1, 0xdc
    db 0x88, 0x71, 0x6f, 0x9c, 0xda, 0xc1, 0x97, 0x68, 0x40, 0x16, 0x23, 0x23, 0x21, 0x22, 0x22, 0x22
    db 0x22, 0x22, 0x24, 0x20, 0x3b, 0x6c, 0x62, 0x22, 0x63, 0x3c, 0x16, 0x21, 0x21, 0x24, 0x21, 0x21
    db 0x21, 0x21, 0x24, 0x21, 0x21, 0x1e, 0xee, 0x52, 0x51, 0x19, 0x0a, 0x13, 0x19, 0x19, 0x19, 0x0f
    db 0x0f, 0x0b, 0x09, 0x09, 0x09, 0x32, 0x3d, 0x51, 0x51, 0x55, 0x51, 0x51, 0x55, 0x55, 0x51, 0x3d
    db 0x33, 0x33, 0x25, 0x18, 0x25, 0x10, 0x55, 0x7c, 0x85, 0xc0, 0x72, 0x82, 0x76, 0x6f, 0x88, 0xd4
    db 0xbe, 0x8a, 0x71, 0x76, 0x82, 0x82, 0x7b, 0x82, 0x83, 0xc0, 0xe6, 0xd4, 0xcc, 0xcc, 0xcf, 0xcf
    db 0xcf, 0xcf, 0xcf, 0xcd, 0xcb, 0xc2, 0xd4, 0xdc, 0xe4, 0x81, 0x40, 0x27, 0x3a, 0x96, 0x70, 0x33
    db 0x51, 0x18, 0x25, 0x25, 0x19, 0x19, 0x18, 0x18, 0x0e, 0x0f, 0x0f, 0x18, 0x18, 0x19, 0x19, 0x19
    db 0x19, 0x19, 0x18, 0x12, 0x18, 0x51, 0xa8, 0xf3, 0xf1, 0x80, 0x7d, 0x7d, 0x7d, 0xa1, 0x7d, 0x51
    db 0xc7, 0xeb, 0xc6, 0xa2, 0xb6, 0xb9, 0xb9, 0xc5, 0xb9, 0xb9, 0xc5, 0xb9, 0xb7, 0xb7, 0xac, 0xac
    db 0xac, 0xac, 0xb8, 0xa8, 0xe3, 0xf6, 0xfd, 0xeb, 0xaa, 0xc6, 0xf0, 0xf3, 0xe0, 0xa8, 0xa8, 0xd9
    db 0xed, 0xf0, 0xc6, 0xa1, 0xc5, 0xe0, 0xf0, 0xf3, 0xd7, 0xa1, 0xa1, 0xc3, 0xd9, 0xed, 0xeb, 0xa1
    db 0x80, 0xa1, 0xae, 0xb5, 0x2f, 0x2f, 0x2f, 0x2f, 0x2f, 0x2f, 0x2f, 0x2f, 0x2f, 0x2f, 0x2f, 0x2f
    db 0x2f, 0x2a, 0x2a, 0x2a, 0x2f, 0x2f, 0x2f, 0x2f, 0x2f, 0x2f, 0x2f, 0x2f, 0x2f, 0x2f, 0x2f, 0x2f
    db 0x2f, 0x2f, 0x2f, 0x2f, 0x2f, 0x2f, 0x2f, 0x2f, 0x2f, 0x2f, 0x2f, 0x2f, 0x2f, 0x2f, 0x2f, 0x2f
    db 0x2f, 0x2f, 0x2f, 0x2f, 0x37, 0x37, 0x36, 0x1f, 0x3c, 0xd3, 0xd2, 0xcc, 0xcc, 0xcc, 0xcc, 0xcc
    db 0xcc, 0xcd, 0xcd, 0xc8, 0x88, 0x71, 0x75, 0x75, 0x81, 0x75, 0x75, 0x75, 0x75, 0x75, 0x75, 0x75
    db 0x75, 0x75, 0x75, 0x75, 0x75, 0x75, 0x75, 0x75, 0x75, 0x75, 0x76, 0x81, 0x82, 0x81, 0x75, 0x71
    db 0x6f, 0x6c, 0x6c, 0x6c, 0x6c, 0x6f, 0x71, 0x71, 0x6f, 0xbe, 0xdd, 0x6c, 0x6c, 0x7b, 0x71, 0x8a
    db 0xdc, 0xc2, 0xc1, 0x6c, 0x63, 0x2c, 0x20, 0x23, 0x21, 0x22, 0x22, 0x22, 0x22, 0x22, 0x24, 0x23
    db 0x22, 0x66, 0x68, 0x23, 0x40, 0x50, 0x1e, 0x21, 0x21, 0x24, 0x21, 0x21, 0x21, 0x21, 0x24, 0x21
    db 0x16, 0x0d, 0xef, 0xc7, 0x3d, 0x55, 0x18, 0x18, 0x19, 0x13, 0x11, 0x12, 0x12, 0x0f, 0x0f, 0x13
    db 0x0e, 0x18, 0x51, 0x56, 0x55, 0x51, 0x55, 0x51, 0x3d, 0x12, 0x06, 0x0b, 0x09, 0x0e, 0x25, 0x25
    db 0x19, 0x32, 0x7f, 0x56, 0xe1, 0x87, 0x76, 0x73, 0x72, 0x8a, 0xda, 0x6f, 0x84, 0x8e, 0x71, 0x7b
    db 0x81, 0x82, 0x82, 0x82, 0x7b, 0x8e, 0xda, 0xcc, 0xcd, 0xcc, 0xcf, 0xcf, 0xcf, 0xcf, 0xcf, 0xcf
    db 0xcf, 0xcb, 0xcb, 0xc9, 0xd1, 0xdc, 0xda, 0x92, 0x66, 0x3c, 0x95, 0x85, 0x51, 0x51, 0x18, 0x19
    db 0x19, 0x19, 0x19, 0x0f, 0x0f, 0x18, 0x18, 0x18, 0x18, 0x18, 0x18, 0x18, 0x19, 0x18, 0x0a, 0x12
    db 0x55, 0xc6, 0xf4, 0xf4, 0xa1, 0x7d, 0x7d, 0x7d, 0x7f, 0x80, 0x80, 0xed, 0xe3, 0xa2, 0xa7, 0xaf
    db 0xb2, 0xb9, 0xb9, 0xb9, 0xc5, 0xc4, 0xc5, 0xac, 0xac, 0xac, 0xac, 0xac, 0xac, 0xac, 0xa4, 0xe0
    db 0xf6, 0xff, 0xed, 0xa8, 0xc6, 0xf0, 0xf0, 0xc6, 0xa8, 0xd7, 0xed, 0xf8, 0xf0, 0xc3, 0xc3, 0xe3
    db 0xf1, 0xf5, 0xf0, 0xd7, 0xd7, 0xeb, 0xf1, 0xf4, 0xf0, 0xc6, 0x80, 0xa1, 0xb9, 0xc5, 0xaa, 0xe0
    db 0x2f, 0x2f, 0x2f, 0x2f, 0x2f, 0x2f, 0x2f, 0x2f, 0x2f, 0x2f, 0x2f, 0x2f, 0x2f, 0x2a, 0x2a, 0x2a
    db 0x2a, 0x2f, 0x2f, 0x2f, 0x2f, 0x2f, 0x2f, 0x37, 0x2f, 0x2f, 0x2f, 0x2f, 0x2f, 0x2a, 0x2f, 0x2f
    db 0x2f, 0x2f, 0x2f, 0x2f, 0x2f, 0x2f, 0x2f, 0x2f, 0x2f, 0x2f, 0x2f, 0x2f, 0x2f, 0x2f, 0x2f, 0x2f
    db 0x37, 0x37, 0x37, 0x30, 0x0d, 0x6f, 0xe4, 0xcc, 0xcc, 0xcf, 0xcf, 0xcf, 0xcf, 0xcf, 0xcf, 0xd1
    db 0xca, 0x8e, 0x71, 0x72, 0x75, 0x74, 0x74, 0x75, 0x75, 0x75, 0x75, 0x72, 0x72, 0x75, 0x75, 0x75
    db 0x75, 0x75, 0x75, 0x75, 0x75, 0x76, 0x76, 0x75, 0x81, 0x75, 0x75, 0x81, 0x81, 0x81, 0x82, 0x83
    db 0x7b, 0x76, 0x72, 0x84, 0xd3, 0xd3, 0x66, 0x63, 0x76, 0x73, 0x73, 0x81, 0xc2, 0xd4, 0xd3, 0x87
    db 0x67, 0x44, 0x1e, 0x20, 0x21, 0x22, 0x22, 0x22, 0x22, 0x22, 0x21, 0x21, 0x16, 0x50, 0x6e, 0x3b
    db 0x3c, 0x67, 0x22, 0x21, 0x21, 0x21, 0x21, 0x21, 0x21, 0x21, 0x21, 0x21, 0x16, 0x23, 0xe8, 0xe1
    db 0x57, 0x56, 0x51, 0x18, 0x18, 0x0f, 0x0f, 0x13, 0x13, 0x13, 0x11, 0x12, 0x0f, 0x10, 0x3d, 0x80
    db 0xa1, 0x80, 0x80, 0x80, 0x55, 0x09, 0x12, 0x11, 0x0b, 0x11, 0x0f, 0x12, 0x25, 0x56, 0x7c, 0x96
    db 0xdc, 0x6f, 0x83, 0x8e, 0xc1, 0xd4, 0x74, 0x3b, 0x97, 0x8a, 0x72, 0x81, 0x79, 0x79, 0x82, 0x82
    db 0x81, 0x81, 0xc2, 0xd2, 0xd2, 0xcc, 0xcc, 0xcf, 0xcf, 0xcf, 0xcf, 0xcf, 0xcf, 0xcf, 0xcb, 0xc9
    db 0xc9, 0xc9, 0xcc, 0xda, 0xdc, 0xc1, 0x6c, 0x92, 0x96, 0x55, 0x51, 0x09, 0x18, 0x19, 0x19, 0x19
    db 0x19, 0x19, 0x19, 0x19, 0x19, 0x19, 0x19, 0x13, 0x0a, 0x0a, 0x32, 0x7c, 0xe3, 0xf8, 0xf6, 0xe0
    db 0x7f, 0x7d, 0x7d, 0x7d, 0x7f, 0xe1, 0xf0, 0xd9, 0xa2, 0xae, 0xa5, 0xaf, 0xb5, 0xb5, 0xb7, 0xac
    db 0xac, 0xac, 0xac, 0xac, 0xac, 0xac, 0xb1, 0xb7, 0xb7, 0xa2, 0xd9, 0xf5, 0xff, 0xf1, 0xc3, 0xc6
    db 0xf0, 0xeb, 0xc3, 0xc6, 0xeb, 0xf5, 0xf8, 0xe3, 0xa8, 0xe3, 0xf4, 0xff, 0xf1, 0xd9, 0xc6, 0xeb
    db 0xf6, 0xff, 0xf4, 0xd9, 0xa1, 0xa1, 0xb2, 0xb3, 0xac, 0xa8, 0xe3, 0xf6, 0x2f, 0x2f, 0x2f, 0x2f
    db 0x2f, 0x2f, 0x2f, 0x2f, 0x2f, 0x2f, 0x2f, 0x2f, 0x2f, 0x2a, 0x2a, 0x2a, 0x2a, 0x2f, 0x2f, 0x2f
    db 0x2f, 0x2f, 0x2f, 0x2f, 0x2f, 0x2f, 0x2f, 0x2f, 0x2f, 0x2a, 0x2a, 0x2f, 0x2f, 0x2f, 0x2f, 0x2f
    db 0x2f, 0x2f, 0x2f, 0x2f, 0x2f, 0x2f, 0x2f, 0x2f, 0x2f, 0x2f, 0x2f, 0x2f, 0x37, 0x37, 0x2f, 0x2b
    db 0x29, 0x3b, 0xc2, 0xd4, 0xcf, 0xcf, 0xcf, 0xcf, 0xcf, 0xcf, 0xcf, 0xcc, 0xd1, 0xd2, 0x8f, 0x71
    db 0x75, 0x76, 0x76, 0x75, 0x75, 0x75, 0x75, 0x75, 0x75, 0x75, 0x75, 0x75, 0x75, 0x75, 0x75, 0x75
    db 0x75, 0x75, 0x75, 0x75, 0x81, 0x75, 0x75, 0x75, 0x75, 0x76, 0x7b, 0x7b, 0x76, 0x72, 0x8a, 0xdd
    db 0x96, 0x62, 0x62, 0x71, 0x82, 0x75, 0x75, 0x71, 0x92, 0xe5, 0xd4, 0xba, 0x67, 0x67, 0x3b, 0x20
    db 0x22, 0x22, 0x22, 0x22, 0x22, 0x21, 0x21, 0x22, 0x16, 0x3c, 0x6e, 0x3f, 0x2e, 0x68, 0x3b, 0x21
    db 0x21, 0x21, 0x21, 0x21, 0x21, 0x21, 0x21, 0x21, 0x16, 0x3b, 0xe1, 0x57, 0xe1, 0x55, 0x7d, 0x3d
    db 0x06, 0x12, 0x13, 0x12, 0x12, 0x19, 0x19, 0x12, 0x12, 0x10, 0x3d, 0x56, 0x56, 0x56, 0x7c, 0x56
    db 0x32, 0x18, 0x19, 0x12, 0x11, 0x10, 0x11, 0x09, 0x51, 0x7f, 0x7e, 0xef, 0xe5, 0xdc, 0xd4, 0xc2
    db 0xe7, 0xba, 0x40, 0x50, 0xda, 0x81, 0x74, 0x74, 0x79, 0x79, 0x79, 0x79, 0x74, 0x71, 0x97, 0xdc
    db 0xcb, 0xcc, 0xcc, 0xcf, 0xcf, 0xcf, 0xcf, 0xcf, 0xcf, 0xcf, 0xcb, 0xc9, 0xc9, 0xc9, 0xcc, 0xc8
    db 0xc9, 0xc2, 0xda, 0xbe, 0xc2, 0xd8, 0x56, 0x51, 0x32, 0x0e, 0x18, 0x18, 0x18, 0x25, 0x25, 0x18
    db 0x18, 0x18, 0x25, 0x32, 0x51, 0x56, 0xa1, 0xf0, 0xfb, 0xf6, 0xed, 0x80, 0x7d, 0x7d, 0x7d, 0x7f
    db 0xeb, 0xed, 0xc3, 0xa1, 0xae, 0xab, 0xa9, 0xac, 0xab, 0xb0, 0xab, 0xac, 0xac, 0xac, 0xac, 0xac
    db 0xac, 0xac, 0xad, 0xb2, 0xa5, 0xd7, 0xf4, 0xfe, 0xf3, 0xc6, 0xc6, 0xed, 0xd9, 0xa1, 0xd9, 0xf3
    db 0xff, 0xf3, 0xd8, 0xd9, 0xf3, 0xf8, 0xf1, 0xe0, 0xc3, 0xd9, 0xf1, 0xff, 0xf6, 0xeb, 0xa1, 0xa1
    db 0xb5, 0xb0, 0xaa, 0xa9, 0xa4, 0xe3, 0xf8, 0xfd, 0x2f, 0x2f, 0x2f, 0x2f, 0x2f, 0x2f, 0x2f, 0x2f
    db 0x2f, 0x2f, 0x2f, 0x2f, 0x2f, 0x2a, 0x2a, 0x2a, 0x2a, 0x2a, 0x2a, 0x2a, 0x2a, 0x2a, 0x2f, 0x2f
    db 0x2f, 0x2f, 0x2a, 0x2a, 0x2a, 0x2a, 0x2a, 0x2a, 0x2a, 0x2a, 0x2a, 0x2a, 0x2a, 0x2a, 0x2f, 0x2f
    db 0x2f, 0x37, 0x2f, 0x2f, 0x2f, 0x2f, 0x2f, 0x2f, 0x2f, 0x2f, 0x2f, 0x2f, 0x30, 0x0d, 0x6a, 0xe6
    db 0xcf, 0xcf, 0xcf, 0xcf, 0xcf, 0xcf, 0xcf, 0xcc, 0xcc, 0xd1, 0xd5, 0x94, 0x72, 0x73, 0x76, 0x75
    db 0x75, 0x75, 0x75, 0x75, 0x75, 0x75, 0x75, 0x75, 0x75, 0x75, 0x75, 0x75, 0x75, 0x75, 0x75, 0x75
    db 0x75, 0x75, 0x75, 0x75, 0x75, 0x76, 0x73, 0x73, 0x71, 0x92, 0xdd, 0x88, 0x50, 0x62, 0x6f, 0x82
    db 0x75, 0x75, 0x75, 0x75, 0x74, 0xc1, 0xda, 0xd0, 0x6c, 0x67, 0x62, 0x21, 0x20, 0x22, 0x22, 0x22
    db 0x22, 0x22, 0x21, 0x22, 0x1e, 0x3a, 0x6a, 0x62, 0x1e, 0x62, 0x60, 0x16, 0x21, 0x24, 0x21, 0x21
    db 0x22, 0x22, 0x22, 0x22, 0x1e, 0x3c, 0xe7, 0x33, 0x80, 0xd8, 0x56, 0x7c, 0x32, 0x09, 0x12, 0x12
    db 0x12, 0x12, 0x12, 0x12, 0x12, 0x12, 0x12, 0x09, 0x0b, 0x10, 0x25, 0x11, 0x13, 0x25, 0x25, 0x19
    db 0x11, 0x14, 0x06, 0x32, 0x7d, 0x56, 0xe1, 0xea, 0x8a, 0x8a, 0x6c, 0x95, 0xe6, 0xd4, 0x60, 0x9c
    db 0x92, 0x76, 0x81, 0x78, 0x79, 0x79, 0x82, 0x82, 0x79, 0x72, 0x8a, 0xe4, 0xc2, 0xcc, 0xcc, 0xcf
    db 0xcf, 0xcf, 0xcf, 0xcf, 0xcf, 0xcf, 0xcf, 0xcf, 0xcf, 0xcf, 0xcf, 0xcd, 0xc9, 0xc9, 0x99, 0xba
    db 0xcf, 0xe8, 0xe1, 0x7e, 0x56, 0x51, 0x32, 0x25, 0x10, 0x0a, 0x0f, 0x25, 0x32, 0x51, 0x56, 0x7f
    db 0xc6, 0xed, 0xf5, 0xfe, 0xf7, 0xf3, 0xc3, 0x7c, 0x7d, 0x7d, 0x7c, 0xd9, 0xf6, 0xf3, 0xf0, 0xe3
    db 0xc6, 0xa2, 0xb5, 0xae, 0xa6, 0xa6, 0xab, 0xac, 0xac, 0xac, 0xac, 0xac, 0xac, 0xac, 0xac, 0xb2
    db 0xc3, 0xf1, 0xff, 0xf3, 0xd7, 0xc6, 0xe3, 0xc6, 0xc3, 0xeb, 0xf8, 0xff, 0xef, 0xc6, 0xed, 0xf4
    db 0xf0, 0xd9, 0xa8, 0xc6, 0xed, 0xf6, 0xff, 0xf3, 0xd8, 0xa1, 0xae, 0xb6, 0xb8, 0xad, 0xae, 0xa2
    db 0xe0, 0xf6, 0xfc, 0xfd, 0x2f, 0x2f, 0x2f, 0x2f, 0x2f, 0x2f, 0x2f, 0x2f, 0x2f, 0x2f, 0x2f, 0x2f
    db 0x2f, 0x2f, 0x2f, 0x2a, 0x2a, 0x2a, 0x2a, 0x2a, 0x2a, 0x2a, 0x2f, 0x2f, 0x2f, 0x2f, 0x2a, 0x2a
    db 0x2a, 0x2a, 0x2a, 0x2a, 0x2a, 0x2a, 0x2a, 0x2a, 0x2a, 0x2a, 0x2a, 0x2f, 0x2f, 0x2f, 0x2f, 0x2f
    db 0x2f, 0x2f, 0x2f, 0x2f, 0x2f, 0x2f, 0x2f, 0x2e, 0x2f, 0x2b, 0x28, 0xba, 0xda, 0xcf, 0xcf, 0xcf
    db 0xcf, 0xcf, 0xcf, 0xcc, 0xcc, 0xcd, 0xcd, 0xd5, 0x99, 0x81, 0x72, 0x75, 0x75, 0x75, 0x75, 0x79
    db 0x79, 0x79, 0x79, 0x79, 0x79, 0x79, 0x79, 0x79, 0x75, 0x75, 0x75, 0x75, 0x75, 0x79, 0x79, 0x79
    db 0x79, 0x79, 0x72, 0x82, 0xbe, 0xda, 0x6c, 0x50, 0x65, 0x73, 0x82, 0x75, 0x75, 0x75, 0x75, 0x75
    db 0x73, 0x87, 0xd4, 0xda, 0x8a, 0x66, 0x67, 0x40, 0x1e, 0x22, 0x22, 0x22, 0x22, 0x22, 0x21, 0x23
    db 0x23, 0x16, 0x66, 0x6c, 0x31, 0x3c, 0x67, 0x16, 0x21, 0x21, 0x21, 0x21, 0x22, 0x22, 0x1e, 0x16
    db 0x0d, 0x3b, 0xe4, 0x1a, 0x55, 0xa8, 0xe3, 0x7f, 0x56, 0x32, 0x09, 0x12, 0x12, 0x12, 0x12, 0x12
    db 0x12, 0x12, 0x12, 0x10, 0x10, 0x10, 0x10, 0x10, 0x13, 0x25, 0x19, 0x19, 0x19, 0x0a, 0x32, 0x7c
    db 0x7c, 0xd8, 0xe8, 0xda, 0x6a, 0x3b, 0x6c, 0xe8, 0xd4, 0xd4, 0xd4, 0x97, 0x75, 0x83, 0x7b, 0x79
    db 0x79, 0x79, 0x79, 0x79, 0x76, 0x76, 0x87, 0xdc, 0xd4, 0xcb, 0xcc, 0xcf, 0xcf, 0xcf, 0xcf, 0xcf
    db 0xcf, 0xcf, 0xcf, 0xcf, 0xcf, 0xcf, 0xcf, 0xc9, 0xcf, 0xcf, 0xbe, 0x6e, 0x6f, 0x91, 0xdd, 0xe9
    db 0xd7, 0x80, 0x7f, 0x7c, 0x56, 0x56, 0x56, 0x7c, 0x80, 0xa8, 0xe3, 0xf1, 0xff, 0xff, 0xfc, 0xf9
    db 0xfd, 0xd9, 0x7c, 0x7d, 0x7c, 0x7f, 0xe0, 0xe1, 0xf3, 0xfe, 0xff, 0xff, 0xf3, 0xe0, 0xa8, 0xb2
    db 0xb2, 0xa6, 0xab, 0xac, 0xac, 0xac, 0xac, 0xac, 0xac, 0xac, 0xb8, 0xa8, 0xeb, 0xff, 0xf3, 0xd7
    db 0xa3, 0xd6, 0xc4, 0xd7, 0xf1, 0xff, 0xf4, 0xe0, 0xa8, 0xd9, 0xeb, 0xd7, 0xa1, 0xa1, 0xe0, 0xf3
    db 0xff, 0xff, 0xed, 0xc3, 0xa1, 0xb9, 0xc5, 0xac, 0xb1, 0xb5, 0xa3, 0xd9, 0xf5, 0xfe, 0xf8, 0xf9
    db 0x2f, 0x2f, 0x2f, 0x2f, 0x2f, 0x2f, 0x2f, 0x2f, 0x2f, 0x2f, 0x2f, 0x2f, 0x2f, 0x2f, 0x2f, 0x2a
    db 0x2a, 0x2a, 0x2a, 0x2a, 0x2a, 0x2a, 0x2f, 0x2f, 0x2f, 0x2f, 0x2a, 0x2a, 0x2a, 0x2a, 0x2a, 0x2a
    db 0x2a, 0x2a, 0x2a, 0x2a, 0x2a, 0x2a, 0x2a, 0x2a, 0x2f, 0x2f, 0x2f, 0x2f, 0x2f, 0x2f, 0x2f, 0x2f
    db 0x2f, 0x2f, 0x2f, 0x2e, 0x2f, 0x38, 0x27, 0x54, 0xdc, 0xcb, 0xcb, 0xcf, 0xcf, 0xcc, 0xcc, 0xcc
    db 0xcc, 0xcc, 0xcd, 0xcc, 0xd5, 0xbe, 0x83, 0x71, 0x75, 0x75, 0x79, 0x79, 0x79, 0x79, 0x79, 0x79
    db 0x79, 0x79, 0x79, 0x79, 0x75, 0x75, 0x75, 0x75, 0x75, 0x79, 0x79, 0x82, 0x7b, 0x72, 0x88, 0xdc
    db 0xc2, 0x66, 0x50, 0x68, 0x83, 0x83, 0x81, 0x75, 0x75, 0x75, 0x75, 0x75, 0x79, 0x71, 0x8e, 0xda
    db 0x99, 0x66, 0x66, 0x67, 0x3c, 0x16, 0x20, 0x23, 0x22, 0x21, 0x22, 0x23, 0x23, 0x16, 0x40, 0x78
    db 0x3c, 0x36, 0x66, 0x3c, 0x16, 0x21, 0x20, 0x24, 0x20, 0x0d, 0x3f, 0x65, 0x6a, 0x71, 0xdd, 0x06
    db 0x32, 0x7c, 0xa8, 0xed, 0xa1, 0x7c, 0x32, 0x09, 0x12, 0x18, 0x18, 0x12, 0x12, 0x12, 0x12, 0x11
    db 0x11, 0x11, 0x11, 0x11, 0x12, 0x19, 0x18, 0x19, 0x18, 0x32, 0x7c, 0x7f, 0xe0, 0xf3, 0xbe, 0xda
    db 0x67, 0x68, 0xda, 0xd4, 0xd3, 0x8e, 0x88, 0x72, 0x81, 0x81, 0x76, 0x79, 0x82, 0x82, 0x79, 0x79
    db 0x76, 0x76, 0x87, 0xd4, 0xdc, 0xcb, 0xcd, 0xcf, 0xcf, 0xcf, 0xcf, 0xcf, 0xcf, 0xcf, 0xcf, 0xcf
    db 0xcf, 0xcf, 0xcf, 0xc9, 0xcb, 0xcb, 0xd2, 0xc1, 0x6c, 0x66, 0x88, 0xd3, 0xea, 0xe9, 0xd8, 0xe0
    db 0xe0, 0xe1, 0xed, 0xf3, 0xf4, 0xfb, 0xff, 0xff, 0xff, 0xfc, 0xfc, 0xff, 0xe3, 0x7c, 0x7d, 0x7c
    db 0x80, 0xe3, 0xd8, 0xef, 0xfb, 0xfd, 0xfb, 0xfc, 0xfe, 0xf8, 0xeb, 0xc3, 0xa7, 0xb1, 0xab, 0xc4
    db 0xad, 0xac, 0xb7, 0xac, 0xac, 0xab, 0xa4, 0xe0, 0xf6, 0xf4, 0xd9, 0xa2, 0xb3, 0xa8, 0xe3, 0xf4
    db 0xff, 0xf1, 0xd7, 0xa2, 0xb5, 0xad, 0xa2, 0xa2, 0xc6, 0xed, 0xf8, 0xff, 0xf5, 0xe3, 0xa8, 0xa6
    db 0xb8, 0xac, 0xac, 0xac, 0xb1, 0xae, 0xd7, 0xf4, 0xff, 0xf7, 0xf7, 0xfc, 0x2f, 0x2f, 0x2f, 0x2f
    db 0x2f, 0x2f, 0x2f, 0x2f, 0x2f, 0x2f, 0x2f, 0x2f, 0x2f, 0x2f, 0x2f, 0x2a, 0x2f, 0x2f, 0x2f, 0x2a
    db 0x2f, 0x2f, 0x2f, 0x2f, 0x2f, 0x2f, 0x2f, 0x2f, 0x2f, 0x2a, 0x2f, 0x2a, 0x2a, 0x2a, 0x2a, 0x2a
    db 0x2a, 0x2a, 0x2a, 0x2a, 0x2f, 0x2f, 0x2f, 0x2f, 0x2f, 0x2f, 0x2f, 0x2f, 0x2f, 0x2f, 0x2f, 0x2f
    db 0x37, 0x37, 0x37, 0x1e, 0x88, 0xdc, 0xc9, 0xc9, 0xcf, 0xcc, 0xcc, 0xcc, 0xcc, 0xcc, 0xcd, 0xcc
    db 0xcc, 0xd4, 0xd3, 0x8a, 0x71, 0x75, 0x81, 0x79, 0x79, 0x79, 0x79, 0x79, 0x79, 0x79, 0x79, 0x79
    db 0x79, 0x79, 0x79, 0x79, 0x79, 0x79, 0x79, 0x79, 0x73, 0x88, 0xe5, 0x9c, 0x63, 0x54, 0x6c, 0x83
    db 0x82, 0x79, 0x79, 0x79, 0x79, 0x79, 0x79, 0x79, 0x79, 0x79, 0x6f, 0x92, 0xd4, 0x6e, 0x66, 0x67
    db 0x65, 0x3b, 0x1e, 0x23, 0x22, 0x21, 0x22, 0x22, 0x22, 0x20, 0x3c, 0x6f, 0x62, 0x22, 0x40, 0x61
    db 0x16, 0x20, 0x23, 0x23, 0x3c, 0x97, 0xe7, 0xce, 0x8b, 0x8b, 0xdd, 0x06, 0x06, 0x3d, 0x7f, 0xa8
    db 0xf1, 0xd9, 0x7c, 0x32, 0x09, 0x10, 0x11, 0x12, 0x12, 0x12, 0x12, 0x11, 0x11, 0x11, 0x11, 0x0f
    db 0x11, 0x11, 0x12, 0x10, 0x32, 0x7c, 0x80, 0xeb, 0xbf, 0xee, 0xc0, 0xd4, 0xd4, 0xdc, 0xc2, 0xd0
    db 0x97, 0x72, 0x73, 0x75, 0x75, 0x75, 0x75, 0x75, 0x79, 0x79, 0x79, 0x79, 0x81, 0x82, 0x83, 0xc2
    db 0xe5, 0xcc, 0xc9, 0xcf, 0xcf, 0xcf, 0xcf, 0xcf, 0xcf, 0xcf, 0xcf, 0xcf, 0xcf, 0xcf, 0xcf, 0xc9
    db 0xc9, 0xc9, 0xc9, 0xd2, 0xc2, 0x81, 0x63, 0x75, 0x9c, 0xdc, 0x6c, 0x40, 0x50, 0x3f, 0x50, 0xe7
    db 0xff, 0xf9, 0xfd, 0xfc, 0xfe, 0xfe, 0xff, 0xeb, 0x7c, 0x7d, 0x7d, 0x7f, 0xe3, 0xc6, 0xed, 0xfd
    db 0xfa, 0xfa, 0xfa, 0xfa, 0xfa, 0xfc, 0xff, 0xed, 0xc6, 0xae, 0xb2, 0xb8, 0xad, 0xac, 0xb7, 0xac
    db 0xb7, 0xa5, 0xd7, 0xf4, 0xf8, 0xe0, 0xa2, 0xae, 0xc4, 0xeb, 0xf8, 0xfd, 0xeb, 0xc3, 0xa3, 0xb5
    db 0xac, 0xa7, 0xa8, 0xe0, 0xf3, 0xfb, 0xff, 0xf4, 0xd9, 0xa8, 0xb0, 0xb7, 0xac, 0xac, 0xac, 0xad
    db 0xa9, 0xc4, 0xf1, 0xff, 0xfb, 0xf9, 0xfd, 0xed, 0x2f, 0x2f, 0x2f, 0x2f, 0x2f, 0x2f, 0x2f, 0x2f
    db 0x2f, 0x2f, 0x2f, 0x2f, 0x2f, 0x2f, 0x2f, 0x2f, 0x2f, 0x2f, 0x2f, 0x2f, 0x2f, 0x2f, 0x2f, 0x2f
    db 0x2f, 0x2f, 0x2f, 0x2f, 0x2f, 0x2a, 0x2f, 0x2a, 0x2a, 0x2a, 0x2a, 0x2a, 0x2a, 0x2a, 0x2f, 0x2f
    db 0x2f, 0x2f, 0x2f, 0x2f, 0x2f, 0x2f, 0x2f, 0x2f, 0x2f, 0x2a, 0x2a, 0x2f, 0x37, 0x37, 0x37, 0x29
    db 0x3c, 0xc1, 0xd2, 0xcb, 0xcf, 0xcc, 0xcc, 0xcc, 0xcc, 0xcc, 0xcd, 0xcd, 0xcd, 0xcc, 0xd1, 0xdc
    db 0x95, 0x75, 0x73, 0x79, 0x79, 0x82, 0x79, 0x79, 0x79, 0x79, 0x79, 0x79, 0x79, 0x79, 0x79, 0x79
    db 0x79, 0x79, 0x79, 0x71, 0x88, 0xe5, 0x97, 0x54, 0x63, 0x6f, 0x83, 0x79, 0x82, 0x79, 0x79, 0x79
    db 0x79, 0x79, 0x79, 0x79, 0x79, 0x79, 0x78, 0x79, 0xc1, 0x92, 0x66, 0x67, 0x67, 0x66, 0x3b, 0x1e
    db 0x22, 0x21, 0x22, 0x22, 0x22, 0x20, 0x22, 0x65, 0x6e, 0x2c, 0x3b, 0x6c, 0x36, 0x16, 0x0d, 0x0d
    db 0x95, 0x87, 0x08, 0x31, 0x50, 0x87, 0xe1, 0x06, 0x0b, 0x18, 0x55, 0x7f, 0x80, 0xf1, 0xf0, 0x80
    db 0x32, 0x09, 0x0b, 0x11, 0x12, 0x19, 0x19, 0x12, 0x0f, 0x19, 0x0f, 0x18, 0x0f, 0x10, 0x09, 0x25
    db 0x56, 0xc3, 0xf0, 0x80, 0x7e, 0xea, 0xc2, 0xc9, 0xcc, 0xc8, 0xc8, 0xc0, 0x7a, 0x72, 0x81, 0x75
    db 0x75, 0x75, 0x75, 0x75, 0x79, 0x79, 0x79, 0x79, 0x81, 0x82, 0x83, 0xc1, 0xe5, 0xd1, 0xc9, 0xcd
    db 0xcf, 0xcf, 0xcf, 0xcf, 0xcf, 0xcf, 0xcf, 0xcc, 0xcc, 0xc9, 0xc9, 0xc9, 0xc9, 0xc9, 0xc9, 0xc9
    db 0xca, 0xce, 0x88, 0x63, 0x68, 0x92, 0xdd, 0x68, 0x0d, 0x1f, 0x0d, 0x3b, 0xf2, 0xfe, 0xfe, 0xfb
    db 0xfc, 0xff, 0xf0, 0x7f, 0x7d, 0x7c, 0x51, 0xd9, 0xe9, 0xf1, 0xfb, 0xf7, 0xfa, 0xfa, 0xfa, 0xfa
    db 0xfa, 0xfc, 0xfc, 0xff, 0xf0, 0xc6, 0xa5, 0xae, 0xb0, 0xb7, 0xae, 0xac, 0xaa, 0xc6, 0xf1, 0xff
    db 0xeb, 0xa2, 0xa2, 0xc6, 0xf0, 0xff, 0xf6, 0xe3, 0xa4, 0xa6, 0xb2, 0xb2, 0xa3, 0xc6, 0xed, 0xf8
    db 0xff, 0xff, 0xf3, 0xd7, 0xa4, 0xb2, 0xac, 0xac, 0xac, 0xac, 0xad, 0xb5, 0xa8, 0xeb, 0xfd, 0xf8
    db 0xf9, 0xff, 0xf0, 0xc3, 0x2f, 0x2f, 0x2f, 0x2f, 0x2f, 0x2f, 0x2f, 0x2f, 0x2f, 0x2f, 0x2f, 0x2f
    db 0x2f, 0x2f, 0x2f, 0x2f, 0x2f, 0x2f, 0x2f, 0x2f, 0x2f, 0x2f, 0x2f, 0x2f, 0x2f, 0x2f, 0x2f, 0x2f
    db 0x2f, 0x2f, 0x2f, 0x2f, 0x2f, 0x2a, 0x2a, 0x2f, 0x2f, 0x2f, 0x2f, 0x2f, 0x2f, 0x2f, 0x2f, 0x2f
    db 0x2f, 0x2f, 0x2f, 0x2f, 0x2f, 0x2f, 0x2f, 0x2f, 0x2f, 0x2f, 0x2f, 0x2f, 0x0d, 0x63, 0xe5, 0xcb
    db 0xc8, 0xcc, 0xcc, 0xcc, 0xcc, 0xcc, 0xcc, 0xcd, 0xcd, 0xcd, 0xcd, 0xd1, 0xe4, 0xd0, 0x8a, 0x71
    db 0x79, 0x82, 0x82, 0x82, 0x82, 0x82, 0x82, 0x82, 0x79, 0x79, 0x79, 0x79, 0x79, 0x77, 0x71, 0x87
    db 0xdd, 0x95, 0x54, 0x63, 0x77, 0x83, 0x81, 0x79, 0x79, 0x79, 0x79, 0x79, 0x79, 0x79, 0x79, 0x79
    db 0x79, 0x73, 0x73, 0x72, 0x8b, 0xda, 0x78, 0x66, 0x67, 0x6a, 0x66, 0x3c, 0x1e, 0x24, 0x22, 0x22
    db 0x22, 0x22, 0x1e, 0x40, 0x88, 0x3c, 0x20, 0x62, 0x40, 0x28, 0x63, 0x8a, 0xea, 0x1e, 0x0d, 0x6a
    db 0x94, 0xdb, 0xc7, 0x06, 0x19, 0x25, 0x32, 0x7f, 0x7f, 0x80, 0xed, 0xf1, 0xd7, 0x55, 0x32, 0x0a
    db 0x0a, 0x0a, 0x10, 0x0a, 0x0e, 0x0e, 0x0e, 0x0e, 0x0a, 0x19, 0x3d, 0x7c, 0xd9, 0xf0, 0xa1, 0x56
    db 0x96, 0xd3, 0x8a, 0xd0, 0xd1, 0xd1, 0xa0, 0x86, 0x6f, 0x73, 0x75, 0x75, 0x75, 0x75, 0x75, 0x75
    db 0x79, 0x79, 0x79, 0x79, 0x7b, 0x7b, 0x83, 0xbe, 0xdc, 0xd5, 0xca, 0xcd, 0xcc, 0xcb, 0xc9, 0xc9
    db 0xc9, 0xc9, 0xc9, 0xc9, 0xc9, 0xc9, 0xc9, 0xc9, 0xc9, 0xc9, 0xc9, 0xc9, 0xc9, 0xc9, 0xd1, 0x8f
    db 0x65, 0x63, 0x92, 0xdd, 0x6a, 0x2a, 0x39, 0x3c, 0xf3, 0xf7, 0xf3, 0xfd, 0xff, 0xf1, 0x80, 0x7d
    db 0x7c, 0x32, 0x3d, 0xe3, 0xec, 0xff, 0xf8, 0xfa, 0xfa, 0xff, 0xff, 0xff, 0xfc, 0xfc, 0xfc, 0xfa
    db 0xff, 0xf1, 0xc6, 0xad, 0xb5, 0xb7, 0xab, 0xac, 0xa8, 0xed, 0xff, 0xf0, 0xc3, 0xa2, 0xd7, 0xf3
    db 0xff, 0xf8, 0xe3, 0xa4, 0xad, 0xb1, 0xae, 0xa2, 0xd7, 0xf1, 0xff, 0xfd, 0xff, 0xf1, 0xc6, 0xa4
    db 0xad, 0xb8, 0xac, 0xac, 0xac, 0xac, 0xb7, 0xa4, 0xe0, 0xf8, 0xfe, 0xfb, 0xfe, 0xf1, 0xc6, 0xa3
    db 0x2f, 0x2f, 0x2f, 0x2f, 0x2f, 0x2f, 0x2f, 0x2f, 0x2f, 0x2f, 0x2f, 0x2f, 0x2f, 0x2f, 0x2f, 0x2f
    db 0x2f, 0x2f, 0x2f, 0x2f, 0x2f, 0x2f, 0x2f, 0x2f, 0x2f, 0x2f, 0x2f, 0x2f, 0x2f, 0x2f, 0x2f, 0x2f
    db 0x2f, 0x2f, 0x2f, 0x2f, 0x2f, 0x2f, 0x2f, 0x2f, 0x2f, 0x2f, 0x2f, 0x2f, 0x2f, 0x2f, 0x2f, 0x2f
    db 0x2f, 0x2f, 0x2f, 0x2f, 0x2f, 0x2f, 0x2f, 0x2f, 0x2b, 0x16, 0x88, 0xdc, 0xcb, 0xcc, 0xcc, 0xcc
    db 0xcc, 0xcc, 0xcc, 0xcd, 0xcd, 0xcd, 0xcd, 0xca, 0xd1, 0xdc, 0xe4, 0x97, 0x87, 0x73, 0x7b, 0x7b
    db 0x82, 0x82, 0x82, 0x82, 0x82, 0x81, 0x79, 0x79, 0x79, 0x77, 0x74, 0xda, 0xbe, 0x54, 0x65, 0x7b
    db 0x83, 0x81, 0x74, 0x79, 0x79, 0x79, 0x79, 0x79, 0x79, 0x79, 0x79, 0x79, 0x78, 0x73, 0x73, 0x76
    db 0x83, 0xd0, 0xd0, 0x6a, 0x67, 0x67, 0x6a, 0x67, 0x3c, 0x1e, 0x23, 0x22, 0x20, 0x22, 0x20, 0x3b
    db 0x6f, 0x62, 0x3b, 0x6a, 0xe5, 0xe7, 0xbf, 0x97, 0xee, 0x0d, 0x24, 0x8b, 0xe6, 0xe7, 0xbf, 0x06
    db 0x19, 0x25, 0x10, 0x3d, 0x7f, 0x7c, 0x7c, 0xc6, 0xf1, 0xf0, 0xa1, 0x56, 0x51, 0x3d, 0x32, 0x32
    db 0x32, 0x32, 0x3d, 0x51, 0x55, 0x56, 0x80, 0xed, 0xf3, 0x80, 0x7c, 0x55, 0xe1, 0xef, 0x8b, 0x83
    db 0x92, 0x92, 0x83, 0x71, 0x75, 0x72, 0x75, 0x75, 0x75, 0x75, 0x75, 0x73, 0x73, 0x73, 0x73, 0x73
    db 0x77, 0x7b, 0x83, 0x9b, 0xda, 0xdc, 0xca, 0xcd, 0xcc, 0xcb, 0xc9, 0xc9, 0xc9, 0xc9, 0xc9, 0xc9
    db 0xc9, 0xc9, 0xc9, 0xc9, 0xc9, 0xc9, 0xc9, 0xc9, 0xc9, 0xc9, 0xc9, 0xd1, 0x98, 0x65, 0x63, 0x92
    db 0xe6, 0x63, 0x17, 0x68, 0xf3, 0xf5, 0xc7, 0xec, 0xf3, 0x80, 0x7c, 0x51, 0x32, 0x32, 0x55, 0xe9
    db 0xe1, 0xf5, 0xfe, 0xff, 0xff, 0xff, 0xf6, 0xf9, 0xfe, 0xff, 0xfd, 0xf8, 0xf9, 0xff, 0xed, 0xc3
    db 0xb5, 0xc5, 0xc5, 0xa8, 0xe0, 0xf8, 0xf4, 0xd7, 0xa1, 0xd9, 0xf4, 0xff, 0xf8, 0xe3, 0xa8, 0xb6
    db 0xb9, 0xb5, 0xa9, 0xd9, 0xf4, 0xff, 0xfc, 0xfe, 0xed, 0xc6, 0xc4, 0xad, 0xb7, 0xc4, 0xc4, 0xc4
    db 0xac, 0xac, 0xac, 0xa8, 0xeb, 0xfd, 0xf9, 0xfc, 0xf4, 0xd7, 0xa3, 0xac, 0x2f, 0x2f, 0x2f, 0x2f
    db 0x2f, 0x2f, 0x2f, 0x2f, 0x2f, 0x2f, 0x2f, 0x2f, 0x2f, 0x2f, 0x2f, 0x2f, 0x2f, 0x2f, 0x2f, 0x2f
    db 0x2f, 0x2f, 0x2f, 0x2f, 0x2f, 0x2f, 0x2f, 0x2f, 0x2f, 0x2f, 0x2f, 0x2f, 0x2f, 0x2f, 0x2f, 0x2f
    db 0x2f, 0x2f, 0x2f, 0x2f, 0x2f, 0x2f, 0x2f, 0x2f, 0x2f, 0x2f, 0x2f, 0x2f, 0x2f, 0x2f, 0x2f, 0x2f
    db 0x2f, 0x2f, 0x2f, 0x2f, 0x2f, 0x29, 0x3b, 0x97, 0xdc, 0xca, 0xca, 0xcc, 0xcc, 0xcf, 0xcd, 0xcd
    db 0xcd, 0xcd, 0xcd, 0xcd, 0xcd, 0xcd, 0xd5, 0xe5, 0xd4, 0x8f, 0x7b, 0x72, 0x76, 0x82, 0x82, 0x82
    db 0x7b, 0x7b, 0x79, 0x79, 0x78, 0x71, 0xbe, 0xd4, 0x63, 0x63, 0x81, 0x83, 0x79, 0x78, 0x78, 0x79
    db 0x79, 0x79, 0x79, 0x79, 0x79, 0x79, 0x79, 0x79, 0x79, 0x79, 0x79, 0x79, 0x72, 0x97, 0xdb, 0xba
    db 0x66, 0x67, 0x67, 0x67, 0x66, 0x3b, 0x1e, 0x20, 0x22, 0x20, 0x0d, 0x08, 0x68, 0xe4, 0xe4, 0x97
    db 0x68, 0x3c, 0x87, 0xf3, 0xe7, 0x16, 0x3c, 0xd5, 0xe7, 0xef, 0x96, 0x06, 0x18, 0x18, 0x12, 0x06
    db 0x3d, 0x51, 0x7c, 0x7c, 0x80, 0xed, 0xf5, 0xf1, 0xeb, 0xd7, 0xc3, 0xa1, 0x80, 0x80, 0x80, 0xa1
    db 0xd9, 0xed, 0xf5, 0xf1, 0x80, 0x56, 0x7c, 0x56, 0xe8, 0x6a, 0xea, 0x88, 0x71, 0x73, 0x71, 0x72
    db 0x75, 0x75, 0x75, 0x75, 0x75, 0x75, 0x75, 0x75, 0x79, 0x79, 0x79, 0x79, 0x75, 0x82, 0x82, 0x99
    db 0xd5, 0xdc, 0xd0, 0xcc, 0xc9, 0xc9, 0xc9, 0xc9, 0xc9, 0xc9, 0xc9, 0xc9, 0xc9, 0xc9, 0xc9, 0xc9
    db 0xc9, 0xc9, 0xc9, 0xc9, 0xc9, 0xc9, 0xc9, 0xc9, 0xd1, 0x97, 0x68, 0x63, 0x95, 0xdd, 0x3c, 0x97
    db 0xec, 0xf4, 0xf0, 0x7e, 0xc6, 0x80, 0x51, 0x25, 0x32, 0x32, 0x56, 0xed, 0xc3, 0xd9, 0xf1, 0xf1
    db 0xec, 0xe9, 0xf2, 0xfe, 0xfc, 0xfb, 0xff, 0xfa, 0xfa, 0xf9, 0xfd, 0xed, 0xc6, 0xc5, 0xc4, 0xd9
    db 0xf4, 0xfd, 0xe3, 0xa1, 0xe0, 0xf4, 0xff, 0xfd, 0xeb, 0xa8, 0xb5, 0xb9, 0xb9, 0xa9, 0xd7, 0xf4
    db 0xfe, 0xfa, 0xf8, 0xeb, 0xa8, 0xa6, 0xac, 0xac, 0xac, 0xac, 0xac, 0xac, 0xac, 0xac, 0xac, 0xa2
    db 0xd9, 0xf8, 0xfc, 0xf9, 0xe3, 0xa2, 0xb8, 0xac, 0x2f, 0x2f, 0x2f, 0x2f, 0x2f, 0x2f, 0x2f, 0x2f
    db 0x2f, 0x2f, 0x2f, 0x2f, 0x2f, 0x2f, 0x2f, 0x2f, 0x2f, 0x2f, 0x2f, 0x2a, 0x2a, 0x2f, 0x2f, 0x2f
    db 0x2f, 0x2f, 0x2f, 0x2f, 0x2f, 0x2f, 0x2f, 0x2f, 0x2f, 0x2f, 0x2f, 0x2f, 0x2f, 0x2a, 0x2a, 0x2a
    db 0x2f, 0x2f, 0x2f, 0x2f, 0x2f, 0x2f, 0x2f, 0x2f, 0x2f, 0x2f, 0x2f, 0x2f, 0x2f, 0x2f, 0x2f, 0x2f
    db 0x2f, 0x30, 0x1e, 0x40, 0xd4, 0xd5, 0xcc, 0xcc, 0xcc, 0xcc, 0xcc, 0xcc, 0xcc, 0xcc, 0xcd, 0xcd
    db 0xcd, 0xcd, 0xcd, 0xd4, 0xe4, 0xe5, 0xc2, 0x8e, 0x74, 0x72, 0x79, 0x79, 0x77, 0x7b, 0x81, 0x82
    db 0x73, 0x92, 0xe6, 0x68, 0x62, 0x73, 0x83, 0x82, 0x78, 0x78, 0x78, 0x79, 0x79, 0x73, 0x73, 0x79
    db 0x79, 0x79, 0x79, 0x79, 0x79, 0x79, 0x79, 0x79, 0x71, 0x8f, 0xd4, 0xdc, 0x8a, 0x66, 0x67, 0x67
    db 0x67, 0x65, 0x3c, 0x16, 0x0d, 0x3b, 0x65, 0xbc, 0xe8, 0x6c, 0x0d, 0x08, 0x08, 0x0d, 0xe7, 0xf2
    db 0x94, 0x3b, 0x43, 0xe7, 0xea, 0xf5, 0x7e, 0x06, 0x18, 0x10, 0x0b, 0x0b, 0x0b, 0x1a, 0x3d, 0x7c
    db 0x7d, 0x7f, 0xc6, 0xf0, 0xff, 0xff, 0xff, 0xf8, 0xf6, 0xf5, 0xf6, 0xf8, 0xff, 0xff, 0xf0, 0x80
    db 0x7c, 0x33, 0x7c, 0x7e, 0xf2, 0x68, 0x62, 0xe8, 0x76, 0x6f, 0x72, 0x72, 0x75, 0x75, 0x75, 0x75
    db 0x75, 0x75, 0x75, 0x75, 0x79, 0x79, 0x79, 0x79, 0x75, 0x82, 0x79, 0x97, 0xd1, 0xdc, 0xd2, 0xcc
    db 0xc9, 0xc9, 0xc9, 0xc9, 0xc9, 0xc9, 0xc9, 0xc9, 0xc9, 0xc9, 0xc9, 0xc9, 0xc9, 0xc9, 0xc9, 0xc9
    db 0xc9, 0xc9, 0xc9, 0xc9, 0xc9, 0xcc, 0x97, 0x67, 0x63, 0xba, 0x8f, 0xec, 0xd8, 0xf6, 0xff, 0xd7
    db 0x7c, 0xb3, 0x7f, 0x33, 0x32, 0x32, 0x56, 0xeb, 0xc4, 0xc6, 0xd9, 0xe9, 0xef, 0xf4, 0xf8, 0xf4
    db 0xf5, 0xf7, 0xf9, 0xfc, 0xfc, 0xfc, 0xfd, 0xfb, 0xed, 0xc3, 0xd7, 0xf3, 0xff, 0xf1, 0xc3, 0xe0
    db 0xf5, 0xfe, 0xfd, 0xed, 0xc3, 0xc5, 0xb6, 0xb9, 0xb8, 0xc4, 0xf0, 0xff, 0xfc, 0xff, 0xed, 0xa4
    db 0xae, 0xac, 0xac, 0xac, 0xac, 0xac, 0xac, 0xac, 0xac, 0xac, 0xb1, 0xa2, 0xeb, 0xff, 0xff, 0xf0
    db 0xc3, 0xae, 0xb7, 0xa9, 0x2f, 0x2f, 0x2f, 0x2f, 0x2f, 0x2f, 0x2f, 0x2f, 0x2f, 0x2f, 0x2f, 0x2f
    db 0x2f, 0x2f, 0x2f, 0x2f, 0x2f, 0x2f, 0x2f, 0x2f, 0x2f, 0x2f, 0x2f, 0x2f, 0x2f, 0x2f, 0x2f, 0x2f
    db 0x2f, 0x2f, 0x2f, 0x2f, 0x2f, 0x2f, 0x2f, 0x2f, 0x2f, 0x2f, 0x2f, 0x2f, 0x2f, 0x2f, 0x2f, 0x2f
    db 0x2f, 0x2f, 0x2f, 0x2f, 0x2f, 0x2f, 0x2f, 0x2f, 0x2f, 0x2f, 0x2f, 0x2f, 0x2f, 0x30, 0x38, 0x0d
    db 0x54, 0xdc, 0xd4, 0xc9, 0xcc, 0xcd, 0xcc, 0xcc, 0xcc, 0xcc, 0xcd, 0xcd, 0xcd, 0xcd, 0xcd, 0xcd
    db 0xd2, 0xda, 0xe6, 0xe6, 0xc2, 0x8e, 0x78, 0x71, 0x77, 0x7b, 0x82, 0x79, 0x83, 0xdd, 0x88, 0x54
    db 0x6c, 0x82, 0x82, 0x82, 0x78, 0x78, 0x78, 0x79, 0x79, 0x79, 0x79, 0x79, 0x79, 0x79, 0x79, 0x79
    db 0x79, 0x79, 0x79, 0x79, 0x73, 0x88, 0xce, 0xd3, 0xdc, 0x6e, 0x66, 0x66, 0x67, 0x67, 0x67, 0x67
    db 0x8f, 0xda, 0xea, 0xe4, 0x0d, 0x07, 0x08, 0x3c, 0x20, 0x1e, 0x98, 0xea, 0x98, 0x3f, 0x61, 0xea
    db 0xf7, 0xf5, 0x70, 0x06, 0x0e, 0x0b, 0x0b, 0x0b, 0x0b, 0x3d, 0x0b, 0x32, 0x7c, 0x7f, 0x7d, 0x7f
    db 0xd7, 0xf3, 0xff, 0xff, 0xfc, 0xff, 0xff, 0xff, 0xfd, 0xeb, 0x80, 0x80, 0x3d, 0x25, 0x7c, 0x80
    db 0xea, 0x94, 0x2c, 0xce, 0xee, 0x9e, 0x75, 0x71, 0x75, 0x75, 0x75, 0x75, 0x75, 0x75, 0x75, 0x75
    db 0x79, 0x79, 0x79, 0x79, 0x75, 0x83, 0x77, 0x98, 0xd3, 0xdc, 0xd2, 0xcc, 0xc9, 0xc9, 0xc9, 0xc9
    db 0xc9, 0xc9, 0xc9, 0xc9, 0xc9, 0xc9, 0xc9, 0xc9, 0xc9, 0xc9, 0xc9, 0xc9, 0xc9, 0xc9, 0xc9, 0xc9
    db 0xc9, 0xc9, 0xd0, 0x92, 0x63, 0x87, 0xf2, 0xec, 0xd8, 0xfb, 0xfe, 0xf4, 0x80, 0x7c, 0xb3, 0x80
    db 0x3d, 0x25, 0x52, 0xe3, 0xc5, 0xe3, 0xed, 0xed, 0xe3, 0xe3, 0xd9, 0xc6, 0xf1, 0xf6, 0xf8, 0xf6
    db 0xf8, 0xfb, 0xfc, 0xfc, 0xf8, 0xeb, 0xf0, 0xfe, 0xf5, 0xe1, 0xe9, 0xf6, 0xfe, 0xff, 0xf0, 0xc3
    db 0xab, 0xb9, 0xb9, 0xb9, 0xa8, 0xe3, 0xfb, 0xfe, 0xff, 0xf3, 0xc6, 0xb1, 0xad, 0xac, 0xac, 0xac
    db 0xac, 0xac, 0xac, 0xab, 0xab, 0xac, 0xab, 0xc6, 0xf1, 0xff, 0xf5, 0xd7, 0xa9, 0xb8, 0xc4, 0xb8
    db 0x2f, 0x2f, 0x2f, 0x2f, 0x2f, 0x2f, 0x2f, 0x2f, 0x2f, 0x2f, 0x2f, 0x2f, 0x2f, 0x2f, 0x2f, 0x2f
    db 0x2f, 0x2f, 0x2f, 0x2f, 0x2f, 0x2f, 0x2f, 0x2f, 0x2f, 0x2f, 0x2f, 0x2f, 0x2f, 0x2f, 0x2f, 0x2f
    db 0x2f, 0x2f, 0x2f, 0x2f, 0x2f, 0x2f, 0x2f, 0x2f, 0x2f, 0x2f, 0x2f, 0x2f, 0x2f, 0x2f, 0x2f, 0x2f
    db 0x2f, 0x2f, 0x2f, 0x2f, 0x2f, 0x2f, 0x2f, 0x2f, 0x2f, 0x30, 0x30, 0x30, 0x16, 0x66, 0xe5, 0xd2
    db 0xc9, 0xcd, 0xcc, 0xcc, 0xcc, 0xcc, 0xcd, 0xcd, 0xcd, 0xcd, 0xcd, 0xcd, 0xd1, 0xcc, 0xd4, 0xdc
    db 0xe5, 0xe5, 0xce, 0x92, 0x83, 0x71, 0x73, 0x72, 0x97, 0xd4, 0x62, 0x68, 0x82, 0x7b, 0x81, 0x79
    db 0x78, 0x78, 0x78, 0x79, 0x79, 0x79, 0x79, 0x79, 0x79, 0x79, 0x79, 0x79, 0x79, 0x79, 0x79, 0x79
    db 0x81, 0x83, 0xc0, 0xd0, 0xd4, 0xbe, 0x66, 0x66, 0x66, 0x83, 0xe5, 0xda, 0x87, 0x8a, 0xe5, 0x2c
    db 0x21, 0x3b, 0x3b, 0x49, 0x3c, 0x24, 0x62, 0xef, 0xc0, 0x64, 0x61, 0xea, 0xf3, 0xe3, 0x56, 0x06
    db 0x0b, 0x11, 0x10, 0x0a, 0x10, 0x32, 0x32, 0x0a, 0x32, 0x55, 0x7f, 0x7f, 0x7c, 0x80, 0xd9, 0xf0
    db 0xf1, 0xed, 0xed, 0xe9, 0xc6, 0x7f, 0xa1, 0x56, 0x0a, 0x32, 0x7c, 0xc3, 0xf2, 0x9b, 0x40, 0x62
    db 0x9a, 0x99, 0xea, 0x8f, 0x71, 0x76, 0x81, 0x75, 0x75, 0x75, 0x75, 0x75, 0x79, 0x79, 0x79, 0x79
    db 0x75, 0x83, 0x73, 0x94, 0xd3, 0xdc, 0xd4, 0xcb, 0xc9, 0xc9, 0xc9, 0xc9, 0xc9, 0xc9, 0xc9, 0xc9
    db 0xc9, 0xc9, 0xc9, 0xc9, 0xc9, 0xc9, 0xc9, 0xc9, 0xc9, 0xc9, 0xc9, 0xc9, 0xc1, 0xc0, 0xc0, 0xe4
    db 0xe8, 0xe9, 0xf2, 0xd8, 0xeb, 0xff, 0xfc, 0xff, 0xeb, 0x7c, 0x7f, 0xc5, 0x80, 0x51, 0x3d, 0xe0
    db 0xa4, 0xc4, 0xc4, 0xa4, 0xa2, 0xa1, 0xa1, 0xe9, 0xf8, 0xfa, 0xfb, 0xe9, 0xec, 0xfb, 0xfc, 0xfb
    db 0xfb, 0xff, 0xff, 0xfd, 0xed, 0xef, 0xf9, 0xfe, 0xff, 0xf1, 0xc5, 0xb1, 0xb8, 0xb8, 0xb7, 0xae
    db 0xd7, 0xf3, 0xff, 0xfb, 0xfd, 0xe3, 0xa4, 0xb8, 0xb7, 0xac, 0xac, 0xac, 0xac, 0xac, 0xb0, 0xb7
    db 0xb0, 0xb0, 0xa2, 0xe0, 0xf8, 0xff, 0xeb, 0xa8, 0xad, 0xc4, 0xc4, 0xb8, 0x2f, 0x2f, 0x2f, 0x2f
    db 0x2f, 0x2f, 0x2f, 0x2f, 0x2f, 0x2a, 0x2a, 0x2f, 0x2f, 0x2f, 0x2f, 0x2f, 0x2f, 0x2f, 0x2f, 0x2f
    db 0x2f, 0x2f, 0x2f, 0x2f, 0x2f, 0x2f, 0x2f, 0x2f, 0x2f, 0x2f, 0x2f, 0x2f, 0x2f, 0x2f, 0x2f, 0x2f
    db 0x2f, 0x2f, 0x2f, 0x2f, 0x2f, 0x2f, 0x2f, 0x2f, 0x2f, 0x2f, 0x2f, 0x2f, 0x2f, 0x2f, 0x2f, 0x2f
    db 0x2f, 0x2f, 0x2f, 0x2f, 0x2f, 0x2f, 0x2f, 0x2f, 0x2f, 0x27, 0x68, 0xdd, 0xd4, 0xcf, 0xcf, 0xcf
    db 0xcf, 0xcc, 0xcf, 0xcf, 0xcc, 0xcc, 0xcc, 0xcd, 0xcd, 0xcd, 0xcd, 0xcc, 0xd4, 0xdc, 0xe5, 0xe5
    db 0xd4, 0x97, 0x88, 0x84, 0xdd, 0x88, 0x62, 0x72, 0x7b, 0x77, 0x79, 0x79, 0x79, 0x79, 0x79, 0x79
    db 0x79, 0x79, 0x79, 0x79, 0x79, 0x79, 0x79, 0x79, 0x75, 0x75, 0x75, 0x75, 0x81, 0x82, 0x97, 0xd0
    db 0xc2, 0xd4, 0x95, 0x74, 0xdb, 0xda, 0x68, 0x65, 0x8b, 0xea, 0x83, 0x60, 0x4a, 0x43, 0x58, 0x48
    db 0x45, 0x3f, 0x1e, 0xe5, 0xe4, 0x87, 0x61, 0xe7, 0xe9, 0xc3, 0x55, 0x06, 0x0b, 0x10, 0x12, 0x12
    db 0x12, 0x19, 0x25, 0x0f, 0x0f, 0x0a, 0x32, 0x56, 0x7d, 0x7d, 0x7c, 0x7f, 0x7f, 0x7c, 0x7f, 0x7f
    db 0x7c, 0x80, 0x80, 0x25, 0x0e, 0x3d, 0x7c, 0xd8, 0xf7, 0x98, 0x60, 0x3c, 0xd3, 0x62, 0x54, 0xe4
    db 0xe4, 0x83, 0x73, 0x79, 0x79, 0x79, 0x79, 0x79, 0x79, 0x79, 0x79, 0x79, 0x75, 0x81, 0x79, 0x92
    db 0xd4, 0xda, 0xd4, 0xc9, 0xc9, 0xc9, 0xc9, 0xc9, 0xc9, 0xc9, 0xca, 0xca, 0xc9, 0xc9, 0xcb, 0xc9
    db 0xc9, 0xc9, 0xc9, 0xc9, 0xc9, 0xcb, 0xcf, 0xc9, 0xe4, 0xea, 0xee, 0xeb, 0xc6, 0x80, 0xef, 0x96
    db 0xeb, 0xff, 0xfe, 0xfd, 0xf6, 0x80, 0x7c, 0x7f, 0xa1, 0x80, 0xa8, 0xeb, 0xa1, 0xa7, 0xb7, 0xb6
    db 0xae, 0xa8, 0xeb, 0xf8, 0xfc, 0xff, 0xf1, 0xc3, 0xeb, 0xf9, 0xf6, 0xf8, 0xf3, 0xf3, 0xed, 0xed
    db 0xf2, 0xff, 0xfd, 0xff, 0xf1, 0xc6, 0xa6, 0xb8, 0xb9, 0xb9, 0xb7, 0xaa, 0xf0, 0xff, 0xf7, 0xff
    db 0xf1, 0xc3, 0xac, 0xb1, 0xb7, 0xac, 0xac, 0xac, 0xac, 0xac, 0xb7, 0xac, 0xac, 0xb0, 0xa2, 0xed
    db 0xff, 0xf4, 0xc6, 0xa9, 0xac, 0xc4, 0xac, 0xb8, 0x2f, 0x2f, 0x2f, 0x2f, 0x2f, 0x2f, 0x2f, 0x2f
    db 0x2f, 0x2f, 0x2f, 0x2f, 0x2f, 0x2f, 0x2f, 0x2f, 0x2f, 0x2f, 0x2f, 0x2f, 0x2f, 0x2f, 0x2f, 0x2f
    db 0x2f, 0x2f, 0x2f, 0x2f, 0x2f, 0x2f, 0x2f, 0x2f, 0x2f, 0x2f, 0x2f, 0x2f, 0x2f, 0x2f, 0x2f, 0x2f
    db 0x2f, 0x2f, 0x2f, 0x2f, 0x2f, 0x2f, 0x2f, 0x2f, 0x2f, 0x2f, 0x2f, 0x2f, 0x2f, 0x2f, 0x2f, 0x2f
    db 0x2f, 0x2f, 0x2f, 0x2f, 0x2f, 0x2f, 0x16, 0x62, 0xda, 0xda, 0xcb, 0xcf, 0xcf, 0xcf, 0xcf, 0xcf
    db 0xcc, 0xcc, 0xcc, 0xcd, 0xcd, 0xcd, 0xcd, 0xcd, 0xcc, 0xcb, 0xd2, 0xd4, 0xda, 0xdc, 0xda, 0xd4
    db 0xdd, 0x63, 0x6a, 0x82, 0x81, 0x77, 0x79, 0x79, 0x79, 0x79, 0x79, 0x79, 0x79, 0x79, 0x79, 0x79
    db 0x79, 0x79, 0x79, 0x79, 0x75, 0x75, 0x75, 0x75, 0x75, 0x79, 0x92, 0xd3, 0xc2, 0xd3, 0xef, 0xe8
    db 0x63, 0x40, 0x8a, 0xda, 0xea, 0xd3, 0x67, 0x89, 0x64, 0x3f, 0x45, 0x48, 0x5a, 0x60, 0x3b, 0x62
    db 0xee, 0x94, 0x68, 0xc1, 0xd8, 0xa1, 0x55, 0x06, 0x0b, 0x11, 0x12, 0x12, 0x12, 0x12, 0x32, 0x19
    db 0x0f, 0x0f, 0x0a, 0x0a, 0x32, 0x55, 0x7c, 0x7f, 0x7d, 0x7c, 0x7c, 0x7c, 0x7c, 0x7f, 0x3d, 0x0e
    db 0x18, 0x51, 0x7f, 0xed, 0xef, 0x7a, 0x3f, 0x62, 0xe8, 0x88, 0x3b, 0x08, 0x68, 0xdb, 0x87, 0x79
    db 0x79, 0x79, 0x79, 0x79, 0x79, 0x79, 0x79, 0x79, 0x79, 0x82, 0x79, 0x92, 0xd4, 0xd4, 0xda, 0xc9
    db 0xc9, 0xc9, 0xc9, 0xc9, 0xc9, 0xc9, 0xca, 0xca, 0xc9, 0xc9, 0xcb, 0xc9, 0xc9, 0xc9, 0xc9, 0xc9
    db 0xcf, 0xcb, 0xc9, 0xee, 0xed, 0xd8, 0x80, 0x7f, 0x80, 0xc6, 0xf0, 0x80, 0xf0, 0xff, 0xfc, 0xfd
    db 0xfe, 0xed, 0x7c, 0x7d, 0x7f, 0x80, 0xe3, 0xe3, 0xa1, 0xae, 0xae, 0xa3, 0xc6, 0xed, 0xfb, 0xf8
    db 0xff, 0xf4, 0xd7, 0xd9, 0xf5, 0xf9, 0xf5, 0xe3, 0xc3, 0xa8, 0xc6, 0xf3, 0xff, 0xfa, 0xff, 0xf1
    db 0xc6, 0xa5, 0xb8, 0xac, 0xb9, 0xb2, 0xa4, 0xe3, 0xfd, 0xfd, 0xf9, 0xf4, 0xd7, 0xa8, 0xb7, 0xad
    db 0xac, 0xac, 0xac, 0xac, 0xac, 0xac, 0xac, 0xac, 0xac, 0xaf, 0xc6, 0xf3, 0xff, 0xeb, 0xa4, 0xad
    db 0xac, 0xac, 0xb0, 0xb2, 0x2f, 0x2f, 0x2f, 0x2f, 0x2f, 0x2f, 0x2f, 0x2a, 0x2f, 0x2f, 0x2f, 0x2f
    db 0x2f, 0x2f, 0x2f, 0x2f, 0x2f, 0x2f, 0x2f, 0x2f, 0x2f, 0x2f, 0x2f, 0x2f, 0x2f, 0x2f, 0x2f, 0x37
    db 0x2f, 0x2f, 0x2f, 0x2f, 0x2f, 0x2f, 0x2f, 0x2f, 0x2f, 0x2f, 0x2f, 0x2f, 0x2f, 0x2f, 0x2f, 0x2f
    db 0x2f, 0x2f, 0x2f, 0x37, 0x37, 0x2f, 0x2f, 0x2f, 0x2f, 0x2f, 0x2f, 0x2f, 0x2f, 0x2f, 0x2f, 0x37
    db 0x37, 0x38, 0x38, 0x16, 0x54, 0xd4, 0xdc, 0xcb, 0xcf, 0xcf, 0xcf, 0xcf, 0xcc, 0xcc, 0xcc, 0xcd
    db 0xcd, 0xcd, 0xcd, 0xcd, 0xcd, 0xcd, 0xcd, 0xcc, 0xcb, 0xcc, 0xcc, 0xe6, 0xba, 0x63, 0x72, 0x81
    db 0x75, 0x75, 0x79, 0x79, 0x79, 0x79, 0x79, 0x79, 0x79, 0x79, 0x79, 0x79, 0x79, 0x82, 0x82, 0x82
    db 0x75, 0x81, 0x81, 0x81, 0x79, 0x73, 0x8f, 0xd5, 0xe5, 0xef, 0x87, 0x3b, 0x77, 0xe7, 0xe4, 0x90
    db 0x6a, 0x3c, 0x8b, 0x94, 0x87, 0x5f, 0x45, 0x4a, 0x5d, 0x60, 0x42, 0x0d, 0x97, 0xdc, 0x8a, 0x94
    db 0xe1, 0x7f, 0x56, 0x09, 0x11, 0x0f, 0x12, 0x12, 0x12, 0x12, 0x25, 0x12, 0x11, 0x11, 0x11, 0x10
    db 0x0a, 0x0a, 0x25, 0x32, 0x3d, 0x7f, 0x7f, 0x7c, 0x7c, 0x51, 0x09, 0x19, 0x18, 0x51, 0x7f, 0xed
    db 0xc0, 0x64, 0x3f, 0x86, 0xe4, 0x87, 0x61, 0x3f, 0x08, 0x8b, 0x99, 0x6e, 0x79, 0x79, 0x79, 0x79
    db 0x79, 0x79, 0x79, 0x79, 0x81, 0x81, 0x73, 0x92, 0xd3, 0xd4, 0xdc, 0xcb, 0xc9, 0xc9, 0xc9, 0xc9
    db 0xc9, 0xcc, 0xc0, 0xca, 0xc9, 0xc9, 0xcb, 0xc9, 0xc9, 0xc9, 0xc9, 0xc9, 0xc1, 0xd4, 0xee, 0xe9
    db 0x80, 0x7f, 0xa1, 0xb6, 0xae, 0xd9, 0xf1, 0x80, 0xf1, 0xff, 0xfb, 0xf9, 0xfe, 0xf8, 0xa1, 0x7d
    db 0x7d, 0x7f, 0xed, 0xd6, 0xa1, 0xa1, 0xa8, 0xe0, 0xf3, 0xfb, 0xf9, 0xfc, 0xf6, 0xe1, 0xc6, 0xf1
    db 0xff, 0xf3, 0xe0, 0xa8, 0xa2, 0xa1, 0xed, 0xfd, 0xf6, 0xfe, 0xf1, 0xc6, 0xa6, 0xb5, 0xac, 0xaf
    db 0xb4, 0xa3, 0xd9, 0xf5, 0xfe, 0xfc, 0xfd, 0xeb, 0xa8, 0xb5, 0xb0, 0xac, 0xac, 0xac, 0xac, 0xac
    db 0xac, 0xac, 0xac, 0xad, 0xac, 0xa4, 0xd9, 0xf8, 0xf6, 0xd9, 0xa9, 0xad, 0xad, 0xaf, 0xb7, 0xaa
    db 0x2f, 0x2f, 0x2f, 0x2f, 0x2f, 0x2f, 0x2f, 0x2a, 0x2f, 0x2f, 0x2f, 0x2f, 0x2f, 0x2f, 0x2f, 0x2f
    db 0x2f, 0x2f, 0x2f, 0x2f, 0x2f, 0x2f, 0x2f, 0x2f, 0x2f, 0x2f, 0x2f, 0x2f, 0x2f, 0x2f, 0x2f, 0x2f
    db 0x2f, 0x2f, 0x2f, 0x2f, 0x2f, 0x2f, 0x2f, 0x2f, 0x2f, 0x2f, 0x2f, 0x2f, 0x2f, 0x2f, 0x2f, 0x2f
    db 0x2f, 0x2f, 0x2f, 0x2f, 0x2f, 0x2f, 0x2f, 0x2f, 0x2f, 0x2f, 0x2f, 0x37, 0x37, 0x39, 0x38, 0x3a
    db 0x27, 0x40, 0xbe, 0xdc, 0xcf, 0xcf, 0xcf, 0xcf, 0xcc, 0xcc, 0xcc, 0xcd, 0xcd, 0xcd, 0xcd, 0xcd
    db 0xcd, 0xcd, 0xcd, 0xcc, 0xcd, 0xcf, 0xcf, 0xe6, 0x84, 0x68, 0x83, 0x79, 0x74, 0x74, 0x79, 0x79
    db 0x79, 0x79, 0x79, 0x79, 0x79, 0x79, 0x79, 0x79, 0x79, 0x79, 0x79, 0x79, 0x75, 0x75, 0x75, 0x75
    db 0x79, 0x71, 0x8e, 0xda, 0xef, 0x4f, 0x23, 0x98, 0x94, 0x67, 0x3b, 0x08, 0x08, 0x08, 0x62, 0x99
    db 0xc0, 0x87, 0x60, 0x46, 0x59, 0x5d, 0x5f, 0x3b, 0x36, 0xe7, 0x98, 0x91, 0xe1, 0x7f, 0x7c, 0x10
    db 0x13, 0x18, 0x12, 0x12, 0x12, 0x12, 0x11, 0x11, 0x11, 0x11, 0x0f, 0x0f, 0x10, 0x13, 0x0f, 0x06
    db 0x51, 0xa1, 0x7f, 0x55, 0x51, 0x14, 0x0b, 0x13, 0x25, 0x7c, 0xe0, 0xe6, 0x6a, 0x45, 0x44, 0xc1
    db 0xc0, 0x6d, 0x45, 0x3f, 0x40, 0xdb, 0xea, 0x83, 0x6e, 0x79, 0x79, 0x79, 0x79, 0x79, 0x79, 0x79
    db 0x75, 0x81, 0x79, 0x94, 0xd3, 0xd4, 0xdc, 0xcb, 0xc9, 0xc9, 0xc9, 0xc9, 0xc9, 0xd1, 0x94, 0xc0
    db 0xcb, 0xc9, 0xcb, 0xc9, 0xc9, 0xc9, 0xc9, 0xc1, 0xe7, 0xf0, 0xf1, 0x80, 0x80, 0xb1, 0xd6, 0xc5
    db 0xa2, 0xeb, 0xf3, 0x85, 0xf4, 0xff, 0xfa, 0xfd, 0xf5, 0xf5, 0xeb, 0x7d, 0x7d, 0x80, 0xf0, 0xa8
    db 0xc3, 0xe3, 0xf1, 0xfb, 0xfe, 0xf7, 0xf9, 0xfd, 0xeb, 0xc3, 0xeb, 0xff, 0xf0, 0xd7, 0xa9, 0xb2
    db 0xa1, 0xe0, 0xf8, 0xf7, 0xff, 0xf0, 0xc6, 0xae, 0xb8, 0xc4, 0xac, 0xb2, 0xa7, 0xc6, 0xf3, 0xff
    db 0xfd, 0xfe, 0xf0, 0xc3, 0xa7, 0xb1, 0xb0, 0xb7, 0xb7, 0xab, 0xac, 0xac, 0xac, 0xac, 0xac, 0xad
    db 0xac, 0xa4, 0xeb, 0xff, 0xf3, 0xc4, 0xad, 0xac, 0xb8, 0xb7, 0xaa, 0xd7, 0x2f, 0x2f, 0x2f, 0x2f
    db 0x2f, 0x2f, 0x2f, 0x2f, 0x2f, 0x2f, 0x2f, 0x2f, 0x2f, 0x2f, 0x2f, 0x2f, 0x2f, 0x2f, 0x2f, 0x2f
    db 0x2f, 0x2f, 0x2f, 0x37, 0x2f, 0x2f, 0x37, 0x2f, 0x2f, 0x2f, 0x2f, 0x2f, 0x2f, 0x2f, 0x2f, 0x2f
    db 0x2f, 0x2f, 0x2f, 0x2f, 0x2f, 0x2f, 0x37, 0x2f, 0x2f, 0x2f, 0x2f, 0x2f, 0x2f, 0x2f, 0x2f, 0x2a
    db 0x2f, 0x2f, 0x2f, 0x2f, 0x2f, 0x2f, 0x2f, 0x37, 0x37, 0x37, 0x37, 0x3a, 0x3a, 0x27, 0x3c, 0x92
    db 0xe5, 0xd2, 0xc9, 0xcd, 0xcd, 0xcc, 0xcc, 0xcc, 0xcc, 0xcc, 0xcc, 0xcc, 0xcf, 0xcf, 0xcf, 0xcf
    db 0xcd, 0xd2, 0xd4, 0xe6, 0x6c, 0x6c, 0x82, 0x79, 0x79, 0x79, 0x79, 0x79, 0x79, 0x79, 0x79, 0x79
    db 0x79, 0x79, 0x79, 0x82, 0x82, 0x82, 0x82, 0x81, 0x74, 0x78, 0x75, 0x75, 0x81, 0x71, 0x8a, 0xe4
    db 0xee, 0x63, 0x6a, 0x65, 0x4b, 0x3f, 0x3f, 0x41, 0x41, 0x3f, 0x3f, 0x67, 0x9b, 0xd1, 0x8a, 0x61
    db 0x45, 0x5d, 0x59, 0x4a, 0x16, 0x54, 0xe8, 0x91, 0xdd, 0x80, 0x7d, 0x25, 0x0e, 0x13, 0x12, 0x12
    db 0x12, 0x12, 0x11, 0x11, 0x11, 0x11, 0x11, 0x11, 0x11, 0x10, 0x09, 0x3d, 0xa1, 0x80, 0x51, 0x25
    db 0x25, 0x10, 0x10, 0x09, 0x51, 0xc6, 0xe8, 0x7a, 0x46, 0x41, 0x6e, 0xe5, 0x87, 0x5c, 0x3c, 0x65
    db 0xe5, 0x8f, 0x87, 0xea, 0xbf, 0x72, 0x7b, 0x7b, 0x81, 0x81, 0x75, 0x75, 0x75, 0x82, 0x79, 0x98
    db 0xd3, 0xd4, 0xdc, 0xc9, 0xc9, 0xc9, 0xc9, 0xc9, 0xc9, 0xd1, 0x8f, 0x92, 0xd2, 0xc9, 0xcc, 0xcd
    db 0xc2, 0xc9, 0xc0, 0xea, 0xef, 0xc3, 0xd7, 0x80, 0xb9, 0xd6, 0xc5, 0xc5, 0xd7, 0xf1, 0xed, 0xa8
    db 0xf3, 0xfe, 0xf9, 0xfb, 0xf3, 0xc7, 0xf4, 0x80, 0x7d, 0xd9, 0xe1, 0xd8, 0xf3, 0xff, 0xfb, 0xfb
    db 0xf7, 0xf7, 0xff, 0xf0, 0xa8, 0xd9, 0xf5, 0xf0, 0xc6, 0xb5, 0xb9, 0xaa, 0xe0, 0xf4, 0xfe, 0xfd
    db 0xf0, 0xc6, 0xa3, 0xb2, 0xb4, 0xb7, 0xac, 0xb1, 0xc3, 0xf0, 0xfe, 0xfa, 0xfe, 0xf4, 0xd7, 0xae
    db 0xb8, 0xb0, 0xb0, 0xb0, 0xb0, 0xab, 0xac, 0xac, 0xac, 0xac, 0xb7, 0xb4, 0xab, 0xa8, 0xed, 0xff
    db 0xed, 0xa2, 0xb7, 0xac, 0xac, 0xc5, 0xa9, 0xed, 0x2f, 0x2f, 0x2f, 0x2f, 0x2f, 0x2f, 0x2f, 0x2f
    db 0x2f, 0x2f, 0x2f, 0x2f, 0x2f, 0x2f, 0x2f, 0x2f, 0x2f, 0x2f, 0x2f, 0x2f, 0x2f, 0x2f, 0x2f, 0x2f
    db 0x2f, 0x2f, 0x2f, 0x2f, 0x2f, 0x2f, 0x2f, 0x2f, 0x2f, 0x2f, 0x2f, 0x2f, 0x2f, 0x2f, 0x2f, 0x2f
    db 0x2f, 0x2f, 0x2f, 0x2f, 0x2f, 0x2f, 0x2f, 0x2f, 0x2f, 0x2f, 0x2f, 0x2a, 0x2f, 0x2f, 0x2f, 0x2f
    db 0x2f, 0x2f, 0x2f, 0x37, 0x37, 0x37, 0x37, 0x37, 0x37, 0x37, 0x29, 0x28, 0x6f, 0xdd, 0xda, 0xd2
    db 0xcc, 0xcc, 0xcc, 0xcc, 0xcc, 0xcc, 0xcc, 0xcc, 0xcf, 0xcf, 0xcf, 0xcf, 0xcc, 0xcc, 0xd4, 0xe5
    db 0x72, 0x6f, 0x73, 0x79, 0x79, 0x79, 0x79, 0x79, 0x79, 0x79, 0x79, 0x79, 0x79, 0x79, 0x79, 0x79
    db 0x79, 0x79, 0x79, 0x79, 0x74, 0x81, 0x81, 0x76, 0x72, 0x6e, 0x8f, 0xe8, 0xf4, 0xf0, 0xef, 0xea
    db 0xda, 0x94, 0x6d, 0x61, 0x45, 0x41, 0x45, 0x41, 0x60, 0x88, 0xd5, 0x91, 0x65, 0x42, 0x45, 0x58
    db 0x41, 0x08, 0x8b, 0xe7, 0xc2, 0xc6, 0x7f, 0x32, 0x0b, 0x12, 0x12, 0x12, 0x12, 0x12, 0x0b, 0x0b
    db 0x11, 0x11, 0x11, 0x12, 0x13, 0x19, 0x51, 0xa1, 0x80, 0x51, 0x19, 0x3d, 0x09, 0x13, 0x09, 0x3d
    db 0xc6, 0xe7, 0x86, 0x60, 0x47, 0x5f, 0xe4, 0x90, 0x4b, 0x3f, 0x87, 0xea, 0x88, 0x65, 0x62, 0x1e
    db 0x95, 0xe4, 0x73, 0x7b, 0x75, 0x75, 0x75, 0x75, 0x75, 0x82, 0x79, 0x97, 0xce, 0xd4, 0xdc, 0xc9
    db 0xc9, 0xc9, 0xc9, 0xc9, 0xc9, 0xd1, 0x8f, 0x87, 0xc9, 0xcd, 0xcc, 0xc9, 0xc9, 0xc9, 0xe5, 0xf0
    db 0x80, 0xd8, 0xa8, 0xa1, 0xb9, 0xc5, 0xc5, 0xc5, 0xeb, 0xec, 0xed, 0xa1, 0xeb, 0xfd, 0xfc, 0xff
    db 0xf3, 0x7e, 0xe3, 0xd7, 0x7f, 0xed, 0xd8, 0xf1, 0xff, 0xfc, 0xf7, 0xf7, 0xf8, 0xf7, 0xf4, 0xc6
    db 0xa1, 0xe3, 0xf0, 0xc5, 0xb8, 0xc5, 0xc6, 0xed, 0xf6, 0xff, 0xfd, 0xed, 0xc3, 0xa6, 0xc5, 0xb6
    db 0xb6, 0xb5, 0xb1, 0xa8, 0xeb, 0xfb, 0xfb, 0xfc, 0xf5, 0xe0, 0xa8, 0xaf, 0xaf, 0xb0, 0xa6, 0xb0
    db 0xb0, 0xab, 0xab, 0xab, 0xab, 0xac, 0xb7, 0xb4, 0xa7, 0xa2, 0xf0, 0xff, 0xe3, 0xae, 0xb7, 0xb1
    db 0xb9, 0xaa, 0xd6, 0xf3, 0x2f, 0x2f, 0x2f, 0x2f, 0x2f, 0x2f, 0x2f, 0x2f, 0x2f, 0x2f, 0x2f, 0x2f
    db 0x2f, 0x2f, 0x2f, 0x2f, 0x2f, 0x2f, 0x2f, 0x2f, 0x2f, 0x2f, 0x2f, 0x2f, 0x2f, 0x2f, 0x2f, 0x2f
    db 0x2f, 0x2f, 0x2f, 0x2f, 0x2f, 0x2f, 0x2f, 0x2f, 0x2f, 0x2f, 0x2f, 0x2f, 0x2f, 0x2f, 0x2f, 0x2f
    db 0x2f, 0x2f, 0x2f, 0x2f, 0x2f, 0x2f, 0x2f, 0x2a, 0x2f, 0x2f, 0x2f, 0x2f, 0x2f, 0x2f, 0x2f, 0x37
    db 0x37, 0x37, 0x37, 0x37, 0x37, 0x3a, 0x38, 0x30, 0x27, 0x54, 0xc2, 0xe5, 0xd2, 0xcb, 0xcc, 0xcc
    db 0xcc, 0xcc, 0xcc, 0xcc, 0xcf, 0xcf, 0xcf, 0xcf, 0xcd, 0xcc, 0xd4, 0xe5, 0x8a, 0x71, 0x76, 0x79
    db 0x79, 0x73, 0x79, 0x79, 0x79, 0x79, 0x79, 0x79, 0x79, 0x79, 0x79, 0x79, 0x79, 0x82, 0x79, 0x79
    db 0x75, 0x71, 0x71, 0x88, 0x9a, 0xe7, 0xea, 0xef, 0xc2, 0x8f, 0xe5, 0xe8, 0xee, 0xef, 0xea, 0xc1
    db 0x87, 0x67, 0x5f, 0x45, 0x47, 0x42, 0x67, 0x98, 0x98, 0x6d, 0x64, 0x41, 0x45, 0x3f, 0x3b, 0xe5
    db 0xe4, 0xd8, 0x7f, 0x51, 0x0a, 0x19, 0x12, 0x12, 0x12, 0x10, 0x10, 0x12, 0x0b, 0x11, 0x11, 0x13
    db 0x13, 0x25, 0x56, 0x56, 0x3d, 0x0a, 0x51, 0x3d, 0x0b, 0x0b, 0x33, 0xd8, 0xe7, 0x6d, 0x43, 0x44
    db 0x45, 0x88, 0x8a, 0x3f, 0x61, 0xc2, 0xee, 0x8f, 0x3f, 0x68, 0x87, 0x08, 0x08, 0xe5, 0x8f, 0x6e
    db 0x72, 0x72, 0x72, 0x76, 0x81, 0x82, 0x83, 0xc0, 0xd0, 0xd4, 0xe4, 0xcb, 0xc9, 0xc9, 0xc9, 0xc9
    db 0xc9, 0xcc, 0x94, 0x71, 0x94, 0xd5, 0xcc, 0xcf, 0xc9, 0xd1, 0xf2, 0xa1, 0xa1, 0xed, 0x80, 0xae
    db 0xad, 0xb0, 0xac, 0xc6, 0xf1, 0xd8, 0xed, 0xa8, 0xc6, 0xf3, 0xff, 0xff, 0xf1, 0x7c, 0x80, 0xe0
    db 0xd8, 0xe1, 0xe9, 0xff, 0xfd, 0xfc, 0xfb, 0xf5, 0xf2, 0xf8, 0xe1, 0xa2, 0xac, 0xe3, 0xc6, 0xb1
    db 0xa7, 0xc6, 0xf0, 0xff, 0xff, 0xf8, 0xeb, 0xc3, 0xb1, 0xb8, 0xc5, 0xb9, 0xb5, 0xb1, 0xa4, 0xe0
    db 0xf8, 0xfe, 0xfc, 0xfd, 0xe3, 0xa2, 0xad, 0xa9, 0xa5, 0xa6, 0xa6, 0xb0, 0xb0, 0xb0, 0xb0, 0xb0
    db 0xb0, 0xb7, 0xb7, 0xa5, 0xa7, 0xa4, 0xf0, 0xfd, 0xd9, 0xa7, 0xb5, 0xb2, 0xb5, 0xa2, 0xe0, 0xff
    db 0x2f, 0x2f, 0x2f, 0x2f, 0x2f, 0x2f, 0x2f, 0x2f, 0x2f, 0x2f, 0x2f, 0x2f, 0x2f, 0x2f, 0x2f, 0x2f
    db 0x2f, 0x2f, 0x2f, 0x2f, 0x2f, 0x2f, 0x2f, 0x2f, 0x2f, 0x2f, 0x2f, 0x2f, 0x2f, 0x2f, 0x2f, 0x2f
    db 0x2f, 0x2f, 0x2f, 0x2f, 0x2f, 0x2f, 0x2f, 0x2f, 0x2f, 0x2f, 0x2f, 0x2f, 0x2f, 0x2f, 0x2f, 0x2f
    db 0x2f, 0x2f, 0x2f, 0x2a, 0x2f, 0x2f, 0x2f, 0x2f, 0x2f, 0x2f, 0x2f, 0x2f, 0x2f, 0x2f, 0x2f, 0x2f
    db 0x2f, 0x30, 0x38, 0x2f, 0x2f, 0x27, 0x3c, 0x88, 0xe5, 0xda, 0xcf, 0xcb, 0xcc, 0xcc, 0xcc, 0xcc
    db 0xcf, 0xcf, 0xcf, 0xcf, 0xcd, 0xcd, 0xd4, 0xe5, 0x99, 0x73, 0x76, 0x79, 0x79, 0x73, 0x79, 0x79
    db 0x79, 0x79, 0x79, 0x79, 0x79, 0x79, 0x79, 0x79, 0x79, 0x82, 0x79, 0x6f, 0x71, 0x95, 0xea, 0xea
    db 0x97, 0x65, 0x3c, 0xce, 0x6f, 0xbc, 0xd3, 0x99, 0xd3, 0xe8, 0xee, 0xf2, 0xef, 0xdb, 0x88, 0x64
    db 0x45, 0x41, 0x3f, 0x4a, 0x6e, 0x98, 0x91, 0x6d, 0x48, 0x45, 0x3f, 0x62, 0xea, 0xe9, 0xa1, 0x56
    db 0x0a, 0x13, 0x12, 0x12, 0x10, 0x0a, 0x25, 0x3d, 0x09, 0x0b, 0x10, 0x11, 0x19, 0x18, 0x0e, 0x18
    db 0x18, 0x32, 0x55, 0x0b, 0x09, 0x33, 0xd8, 0xe5, 0x67, 0x41, 0x44, 0x45, 0x64, 0x6d, 0x3c, 0x6a
    db 0xe7, 0xe8, 0xce, 0x60, 0x41, 0x65, 0x65, 0x24, 0x08, 0xd3, 0xef, 0xd3, 0x82, 0x6c, 0x72, 0x73
    db 0x81, 0x82, 0x88, 0xce, 0xce, 0xd4, 0xe6, 0xd5, 0xc9, 0xc9, 0xc9, 0xc9, 0xc9, 0xc9, 0xc0, 0x83
    db 0x87, 0xc0, 0xd1, 0xd1, 0xc8, 0xea, 0xe3, 0x7f, 0xeb, 0xe3, 0x80, 0xb5, 0xb0, 0xb5, 0xa2, 0xe9
    db 0xeb, 0xa8, 0xed, 0xa1, 0xa9, 0xe3, 0xfb, 0xff, 0xf0, 0x7c, 0x7c, 0xd9, 0xf0, 0xc6, 0xf3, 0xfc
    db 0xf9, 0xfe, 0xf4, 0xe1, 0xf3, 0xf0, 0xc3, 0xb1, 0xb9, 0xab, 0xae, 0xa4, 0xc6, 0xf0, 0xff, 0xff
    db 0xf6, 0xe3, 0xc3, 0xc4, 0xc5, 0xc5, 0xc5, 0xb7, 0xb1, 0xaa, 0xc6, 0xf3, 0xff, 0xf9, 0xff, 0xed
    db 0xa8, 0xb4, 0xb1, 0xad, 0xa6, 0xa6, 0xa6, 0xb0, 0xb0, 0xb0, 0xb0, 0xb0, 0xb0, 0xb7, 0xb7, 0xa5
    db 0xa7, 0xa4, 0xf0, 0xf5, 0xd7, 0xb1, 0xb6, 0xb2, 0xb0, 0xa2, 0xed, 0xff, 0x2f, 0x2f, 0x2f, 0x2f
    db 0x2f, 0x2f, 0x2f, 0x2f, 0x2f, 0x2f, 0x2f, 0x2f, 0x2f, 0x2f, 0x2f, 0x2f, 0x2f, 0x2f, 0x2f, 0x2f
    db 0x2f, 0x2f, 0x2f, 0x2f, 0x2f, 0x2f, 0x2f, 0x2f, 0x2f, 0x2f, 0x2f, 0x2f, 0x2f, 0x2f, 0x2f, 0x2f
    db 0x2f, 0x2f, 0x2f, 0x2f, 0x2f, 0x2f, 0x2f, 0x2f, 0x2f, 0x2a, 0x2a, 0x2f, 0x2f, 0x2f, 0x2f, 0x2a
    db 0x2f, 0x2f, 0x2f, 0x2f, 0x2f, 0x2f, 0x2f, 0x2f, 0x2f, 0x2f, 0x2f, 0x2f, 0x2f, 0x2f, 0x2f, 0x2f
    db 0x2f, 0x2f, 0x1f, 0x27, 0x62, 0xc1, 0xe5, 0xd2, 0xcc, 0xcb, 0xcc, 0xcc, 0xcc, 0xcc, 0xcc, 0xcc
    db 0xcd, 0xcc, 0xd2, 0xe4, 0xd1, 0x8b, 0x71, 0x7b, 0x78, 0x78, 0x79, 0x79, 0x79, 0x79, 0x79, 0x79
    db 0x79, 0x79, 0x79, 0x77, 0x7b, 0x71, 0x73, 0xbc, 0xea, 0xe8, 0x7b, 0x29, 0x0d, 0x3b, 0x4f, 0xea
    db 0x68, 0xe4, 0xbc, 0x99, 0x9a, 0xc1, 0xe5, 0xea, 0xee, 0xf2, 0xef, 0xdb, 0x7a, 0x60, 0x3f, 0x41
    db 0x3f, 0x64, 0x8f, 0x98, 0x98, 0x68, 0x46, 0x41, 0x67, 0xef, 0xe3, 0x7f, 0x32, 0x10, 0x10, 0x0f
    db 0x10, 0x0b, 0x0b, 0x51, 0x25, 0x0b, 0x0a, 0x0f, 0x18, 0x18, 0x18, 0x18, 0x25, 0x51, 0x33, 0x09
    db 0x33, 0xd8, 0xdb, 0x65, 0x41, 0x49, 0x49, 0x48, 0x41, 0x3f, 0x89, 0xe7, 0xce, 0xdb, 0x61, 0x45
    db 0x48, 0x60, 0x44, 0x3f, 0x62, 0xe8, 0x8f, 0xe7, 0xee, 0x9e, 0x72, 0x71, 0x7b, 0x7b, 0x92, 0xd5
    db 0xca, 0xda, 0xba, 0xc2, 0xd2, 0xc9, 0xc9, 0xc9, 0xc9, 0xcc, 0xd2, 0x94, 0x7b, 0x87, 0xba, 0xd2
    db 0xd5, 0xf0, 0x80, 0x80, 0xf4, 0xe0, 0xa1, 0xa6, 0xb2, 0xa7, 0xc6, 0xf1, 0x80, 0xd9, 0xf0, 0xa8
    db 0xa4, 0xc3, 0xf0, 0xff, 0xed, 0x7c, 0x7c, 0xe0, 0xe3, 0xe9, 0xfd, 0xf7, 0xfe, 0xf4, 0xd8, 0xe0
    db 0xf5, 0xd7, 0xaf, 0xb9, 0xb9, 0xb9, 0xae, 0xc6, 0xf1, 0xfd, 0xfd, 0xf5, 0xe1, 0xa8, 0xc5, 0xc5
    db 0xc5, 0xc5, 0xb9, 0xb9, 0xb8, 0xc3, 0xf0, 0xff, 0xfa, 0xff, 0xf0, 0xc3, 0xa5, 0xb4, 0xb4, 0xb4
    db 0xb4, 0xb4, 0xa5, 0xb4, 0xb4, 0xb5, 0xb4, 0xb4, 0xb4, 0xaf, 0xb0, 0xa6, 0xa9, 0xa8, 0xf0, 0xf0
    db 0xc4, 0xb8, 0xb6, 0xb9, 0xb5, 0xc6, 0xf3, 0xfc, 0x2f, 0x2f, 0x2f, 0x2f, 0x2f, 0x2f, 0x2f, 0x2f
    db 0x2f, 0x2f, 0x2f, 0x2f, 0x2f, 0x2f, 0x2f, 0x2f, 0x2f, 0x2f, 0x2f, 0x2f, 0x2f, 0x2f, 0x2f, 0x2f
    db 0x2f, 0x2f, 0x2f, 0x2f, 0x2f, 0x2f, 0x2f, 0x2f, 0x2f, 0x2f, 0x2f, 0x2f, 0x2f, 0x2f, 0x2f, 0x2f
    db 0x2f, 0x2f, 0x2f, 0x2f, 0x2f, 0x2a, 0x2a, 0x2f, 0x2f, 0x2f, 0x2f, 0x2a, 0x2f, 0x2f, 0x2f, 0x2f
    db 0x2f, 0x2f, 0x2f, 0x2f, 0x2f, 0x2f, 0x2f, 0x2f, 0x2f, 0x2f, 0x2f, 0x2f, 0x2f, 0x2f, 0x30, 0x30
    db 0x27, 0x3b, 0x6f, 0xdc, 0xe4, 0xd2, 0xcc, 0xcc, 0xcc, 0xcc, 0xcc, 0xcc, 0xcd, 0xcc, 0xd2, 0xe4
    db 0xd1, 0xca, 0x87, 0x73, 0x77, 0x79, 0x79, 0x79, 0x79, 0x79, 0x79, 0x79, 0x79, 0x79, 0x82, 0x74
    db 0x6f, 0x95, 0xee, 0xe5, 0x62, 0x08, 0x08, 0x3b, 0x45, 0x41, 0x68, 0xea, 0x68, 0xe7, 0x9e, 0xbb
    db 0xbc, 0xbc, 0x9c, 0xd0, 0xe7, 0xea, 0xee, 0xef, 0xef, 0xd5, 0x6d, 0x44, 0x3f, 0x41, 0x45, 0x6d
    db 0x8f, 0xc0, 0x8a, 0x60, 0x41, 0x68, 0xef, 0xc6, 0x51, 0x09, 0x0f, 0x10, 0x10, 0x10, 0x0b, 0x33
    db 0x51, 0x09, 0x10, 0x0f, 0x18, 0x18, 0x18, 0x12, 0x32, 0x3d, 0x09, 0x3d, 0xe1, 0xa0, 0x61, 0x42
    db 0x49, 0x48, 0x42, 0x3f, 0x68, 0xd5, 0xd5, 0x94, 0xe7, 0x65, 0x45, 0x5a, 0x48, 0x44, 0x41, 0x4a
    db 0xea, 0xe7, 0x95, 0x83, 0x82, 0xe5, 0xea, 0xbf, 0x88, 0x73, 0xc0, 0xd5, 0xc9, 0xdc, 0x84, 0x6a
    db 0xd2, 0xd2, 0xc9, 0xc9, 0xcc, 0xcc, 0xd1, 0xd2, 0x94, 0x82, 0x7b, 0x88, 0xe8, 0xeb, 0x80, 0xe0
    db 0xff, 0xe0, 0xa6, 0xa6, 0xb8, 0xa4, 0xeb, 0xd9, 0x80, 0xe0, 0xe3, 0xeb, 0xeb, 0xc6, 0xec, 0xff
    db 0xe3, 0x7d, 0x7f, 0xed, 0xd8, 0xf4, 0xf8, 0xfd, 0xf3, 0xd7, 0xa8, 0xf0, 0xeb, 0xa8, 0xb6, 0xb5
    db 0xb5, 0xae, 0xd7, 0xf1, 0xfd, 0xfd, 0xf4, 0xd9, 0xa8, 0xc5, 0xc5, 0xc5, 0xc5, 0xc5, 0xb9, 0xb5
    db 0xa8, 0xeb, 0xfb, 0xfc, 0xff, 0xf1, 0xc6, 0xa9, 0xb4, 0xb4, 0xb4, 0xb4, 0xb4, 0xb4, 0xa5, 0xb4
    db 0xb4, 0xb4, 0xb4, 0xb4, 0xb4, 0xb4, 0xb0, 0xa5, 0xad, 0xa8, 0xf0, 0xe0, 0xa4, 0xac, 0xb7, 0xb7
    db 0xb1, 0xd7, 0xf6, 0xff, 0x2f, 0x2f, 0x2f, 0x2f, 0x2f, 0x2f, 0x2f, 0x2f, 0x2f, 0x2f, 0x2f, 0x2f
    db 0x2f, 0x2f, 0x2f, 0x2f, 0x2f, 0x2f, 0x2f, 0x2f, 0x2f, 0x2f, 0x2f, 0x2f, 0x2f, 0x2f, 0x2f, 0x2f
    db 0x2f, 0x2f, 0x2f, 0x2f, 0x2f, 0x2f, 0x2f, 0x2f, 0x2f, 0x2f, 0x2f, 0x2f, 0x2f, 0x2f, 0x2f, 0x2f
    db 0x2f, 0x2f, 0x2f, 0x2f, 0x2f, 0x2f, 0x2f, 0x2f, 0x2f, 0x2f, 0x2f, 0x2f, 0x2f, 0x2f, 0x2f, 0x2f
    db 0x2f, 0x2a, 0x2a, 0x2f, 0x2f, 0x2f, 0x2f, 0x2f, 0x2f, 0x2f, 0x30, 0x30, 0x30, 0x2f, 0x16, 0x3f
    db 0x88, 0xe4, 0xe4, 0xd2, 0xcb, 0xcb, 0xcc, 0xcd, 0xcd, 0xcd, 0xd2, 0xe4, 0xd5, 0xd1, 0xc0, 0x86
    db 0x77, 0x7b, 0x79, 0x79, 0x82, 0x79, 0x73, 0x79, 0x79, 0x82, 0x79, 0x83, 0xe7, 0xe8, 0x62, 0x08
    db 0x08, 0x20, 0x3f, 0x5d, 0x47, 0x3f, 0x87, 0xe4, 0x76, 0xe8, 0x9e, 0xbc, 0xbc, 0xbc, 0xbc, 0x9a
    db 0x9a, 0xd3, 0xe7, 0xea, 0xea, 0xf2, 0xf2, 0xd5, 0x6a, 0x60, 0x45, 0x58, 0x60, 0x68, 0x94, 0x98
    db 0x67, 0x3f, 0x64, 0xe8, 0xc6, 0x3d, 0x06, 0x0b, 0x13, 0x10, 0x10, 0x0b, 0x56, 0x32, 0x0a, 0x0f
    db 0x0f, 0x18, 0x0f, 0x18, 0x25, 0x09, 0x51, 0xe1, 0x89, 0x47, 0x46, 0x4b, 0x47, 0x3f, 0x60, 0x98
    db 0xea, 0x99, 0x8f, 0xe5, 0x6a, 0x42, 0x5c, 0x5d, 0x5d, 0x4a, 0x41, 0xce, 0xee, 0x9a, 0x9a, 0x9f
    db 0x95, 0x82, 0x88, 0xe4, 0xee, 0xe5, 0xd3, 0xc1, 0xc9, 0xdc, 0x6f, 0x62, 0x6a, 0xd2, 0xd5, 0xcb
    db 0xcc, 0xcd, 0xcd, 0xcd, 0xd1, 0x94, 0x76, 0x71, 0xee, 0xa8, 0xc6, 0xf0, 0xf6, 0xd7, 0xc5, 0xb7
    db 0xae, 0xd7, 0xf0, 0x80, 0xa9, 0xd9, 0xec, 0x9f, 0xe4, 0xec, 0xec, 0xff, 0xe3, 0x7c, 0xa1, 0xec
    db 0xe9, 0xff, 0xfb, 0xf3, 0xd7, 0xa1, 0xd9, 0xf1, 0xc6, 0xae, 0xb1, 0xb5, 0xb2, 0xc6, 0xf1, 0xff
    db 0xf9, 0xf3, 0xd9, 0xa1, 0xb1, 0xab, 0xc5, 0xc5, 0xc5, 0xc5, 0xac, 0xa4, 0xeb, 0xf8, 0xf9, 0xff
    db 0xf1, 0xc6, 0xae, 0xab, 0xb4, 0xb4, 0xb4, 0xb4, 0xb4, 0xb4, 0xb4, 0xb4, 0xb4, 0xb4, 0xb4, 0xb4
    db 0xb4, 0xb4, 0xaf, 0xaf, 0xa9, 0xa8, 0xed, 0xd7, 0xa3, 0xac, 0xb8, 0xb7, 0xa7, 0xd9, 0xf8, 0xfa
    db 0x2f, 0x2f, 0x2f, 0x2f, 0x2f, 0x2f, 0x2f, 0x2f, 0x2f, 0x2f, 0x2f, 0x2f, 0x2f, 0x2f, 0x2f, 0x2f
    db 0x2f, 0x2f, 0x2f, 0x2f, 0x2f, 0x2f, 0x2f, 0x2f, 0x2f, 0x2f, 0x2f, 0x2f, 0x2f, 0x2f, 0x2f, 0x2f
    db 0x2f, 0x2f, 0x2f, 0x2f, 0x2f, 0x2f, 0x2f, 0x2f, 0x2f, 0x2f, 0x2f, 0x2f, 0x2f, 0x2f, 0x2f, 0x2f
    db 0x2f, 0x2f, 0x2f, 0x2f, 0x2f, 0x2f, 0x2f, 0x2f, 0x2f, 0x2f, 0x2f, 0x2f, 0x2f, 0x2a, 0x2a, 0x2f
    db 0x2f, 0x2f, 0x2f, 0x2f, 0x2f, 0x2f, 0x2f, 0x2f, 0x2f, 0x37, 0x36, 0x1f, 0x27, 0x40, 0x92, 0xe6
    db 0xe4, 0xd1, 0xcc, 0xcd, 0xcd, 0xcd, 0xcb, 0xdc, 0xdb, 0xcd, 0xd1, 0x99, 0x87, 0x73, 0x82, 0x82
    db 0x82, 0x82, 0x79, 0x79, 0x82, 0x71, 0x8b, 0xee, 0x92, 0x0d, 0x0d, 0x3c, 0x41, 0x5b, 0x48, 0x47
    db 0x45, 0x3f, 0x99, 0x9a, 0x95, 0xe7, 0x9a, 0xbc, 0xbc, 0xbc, 0xbc, 0x9f, 0x9e, 0x9a, 0x9b, 0xd5
    db 0xe8, 0xe7, 0xea, 0xf3, 0xf2, 0xdb, 0x6f, 0x60, 0x45, 0x45, 0x60, 0x68, 0x91, 0x77, 0x3c, 0x49
    db 0xdd, 0xd9, 0x51, 0x09, 0x09, 0x10, 0x13, 0x13, 0x51, 0x51, 0x09, 0x18, 0x0f, 0x0f, 0x0e, 0x0a
    db 0x06, 0x57, 0xe7, 0x6e, 0x41, 0x5c, 0x5d, 0x43, 0x49, 0x87, 0xea, 0xe4, 0x91, 0x94, 0xdb, 0x67
    db 0x3f, 0x5a, 0x5c, 0x5d, 0x5a, 0x43, 0x89, 0xf2, 0xd5, 0x9a, 0x9a, 0x9a, 0xbf, 0xbf, 0x95, 0x6f
    db 0x6e, 0xd3, 0xee, 0xe6, 0xbe, 0xda, 0x6a, 0x66, 0x66, 0x6c, 0xd2, 0xdc, 0xd1, 0xc9, 0xc9, 0xc9
    db 0xc9, 0xc9, 0x98, 0x9c, 0xeb, 0x80, 0xe1, 0xf5, 0xf3, 0xc6, 0xc5, 0xb7, 0xa2, 0xed, 0xd8, 0xc3
    db 0xed, 0xee, 0x8c, 0x89, 0x89, 0xe8, 0xf0, 0xff, 0xeb, 0x7c, 0xd8, 0xe9, 0xf2, 0xfe, 0xf8, 0xe0
    db 0xa1, 0xa8, 0xed, 0xe0, 0xa2, 0xb2, 0xb7, 0xb7, 0xc3, 0xf0, 0xff, 0xff, 0xf3, 0xd7, 0xa2, 0xae
    db 0xb1, 0xb7, 0xac, 0xac, 0xac, 0xad, 0xa4, 0xe0, 0xf6, 0xfc, 0xff, 0xf1, 0xc6, 0xa7, 0xb1, 0xa9
    db 0xb4, 0xb4, 0xb4, 0xb4, 0xb4, 0xb4, 0xb4, 0xb4, 0xb4, 0xb4, 0xb4, 0xb4, 0xb4, 0xb4, 0xb3, 0xb3
    db 0xad, 0xa4, 0xeb, 0xd6, 0xb2, 0xac, 0xb8, 0xb7, 0xa7, 0xd9, 0xf8, 0xf9, 0x2f, 0x2f, 0x2f, 0x2f
    db 0x2f, 0x2f, 0x2f, 0x2f, 0x2f, 0x2f, 0x2f, 0x2f, 0x2f, 0x2f, 0x2f, 0x2f, 0x2f, 0x2f, 0x2f, 0x2f
    db 0x2f, 0x2f, 0x2f, 0x2f, 0x2f, 0x2f, 0x2f, 0x2f, 0x2f, 0x2f, 0x2f, 0x2f, 0x2f, 0x2f, 0x2f, 0x2f
    db 0x2f, 0x2f, 0x2f, 0x2f, 0x2f, 0x2f, 0x2f, 0x2f, 0x2f, 0x2f, 0x2f, 0x2f, 0x2f, 0x2f, 0x2f, 0x2f
    db 0x2f, 0x2f, 0x2f, 0x2f, 0x2f, 0x2f, 0x2f, 0x2f, 0x2f, 0x2f, 0x2f, 0x2f, 0x2f, 0x2f, 0x2f, 0x2f
    db 0x2f, 0x2f, 0x2f, 0x36, 0x36, 0x36, 0x36, 0x37, 0x37, 0x1e, 0x27, 0x54, 0x92, 0xe6, 0xe6, 0xda
    db 0xd4, 0xd2, 0xd0, 0xd4, 0xe4, 0xcc, 0xc9, 0xd1, 0xc8, 0x8f, 0x87, 0x79, 0x72, 0x76, 0x77, 0x81
    db 0x6f, 0x92, 0xee, 0x68, 0x08, 0x3c, 0x5f, 0x5f, 0x5d, 0x46, 0x46, 0x44, 0x43, 0x3f, 0xdb, 0x95
    db 0xd3, 0xdb, 0x9a, 0xbc, 0xbc, 0xbc, 0xbc, 0xbc, 0xbc, 0x9f, 0x9e, 0x99, 0xbc, 0xce, 0xdb, 0xea
    db 0xf5, 0xee, 0xef, 0xe7, 0x8b, 0x65, 0x44, 0x3f, 0x41, 0x6d, 0x6d, 0x44, 0x3f, 0x97, 0xeb, 0x7e
    db 0x32, 0x0e, 0x18, 0x18, 0x32, 0x7f, 0x32, 0x19, 0x13, 0x10, 0x09, 0x06, 0x70, 0xdd, 0x67, 0x41
    db 0x5b, 0x58, 0x41, 0x6e, 0xe8, 0xea, 0xc0, 0x8a, 0x99, 0xda, 0x64, 0x3f, 0x4a, 0x4b, 0x58, 0x45
    db 0x60, 0x7a, 0xef, 0xea, 0xbc, 0x9a, 0x9a, 0x9a, 0x9a, 0x9a, 0xbc, 0xbc, 0x95, 0x71, 0x83, 0xe8
    db 0xea, 0xd0, 0x67, 0x67, 0x67, 0x67, 0x6a, 0x94, 0xdc, 0xd2, 0xc9, 0xc8, 0xc1, 0xc1, 0xbe, 0xee
    db 0xd7, 0x80, 0xf0, 0xff, 0xf0, 0xaa, 0xb9, 0xa5, 0xd9, 0xf0, 0xe1, 0xf4, 0xff, 0xdb, 0x8b, 0x8c
    db 0x8b, 0x9f, 0xf4, 0xff, 0xec, 0x7c, 0xe0, 0xe1, 0xf6, 0xff, 0xf5, 0xd7, 0xa1, 0xd9, 0xf1, 0xc3
    db 0xae, 0xb5, 0xaa, 0xa8, 0xe3, 0xfb, 0xff, 0xf1, 0xc6, 0xa5, 0xc5, 0xac, 0xab, 0xac, 0xaf, 0xaf
    db 0xad, 0xa3, 0xd7, 0xf4, 0xf9, 0xff, 0xf1, 0xc6, 0xa3, 0xb1, 0xab, 0xaf, 0xb4, 0xb4, 0xb4, 0xb4
    db 0xb4, 0xb4, 0xb4, 0xb4, 0xb4, 0xb4, 0xb4, 0xb4, 0xb4, 0xb4, 0xb6, 0xb4, 0xa6, 0xaa, 0xe3, 0xc5
    db 0xb2, 0xb8, 0xad, 0xb0, 0xa6, 0xd9, 0xf8, 0xfe, 0x2f, 0x2f, 0x2f, 0x2f, 0x2f, 0x2f, 0x2f, 0x2f
    db 0x2f, 0x2f, 0x2f, 0x2f, 0x2f, 0x2f, 0x2f, 0x2f, 0x2f, 0x2f, 0x2f, 0x2f, 0x2f, 0x2f, 0x2f, 0x2f
    db 0x2f, 0x2f, 0x2f, 0x2f, 0x2f, 0x2f, 0x2f, 0x2f, 0x2f, 0x2f, 0x2f, 0x2f, 0x2f, 0x2f, 0x2f, 0x2f
    db 0x2f, 0x2f, 0x2f, 0x2f, 0x2f, 0x2f, 0x2f, 0x2f, 0x2f, 0x2f, 0x2f, 0x2f, 0x2f, 0x2f, 0x2f, 0x2f
    db 0x2f, 0x2f, 0x2f, 0x2f, 0x2f, 0x2f, 0x2f, 0x2f, 0x2f, 0x2f, 0x2f, 0x2f, 0x2f, 0x2f, 0x2f, 0x37
    db 0x37, 0x37, 0x37, 0x37, 0x37, 0x37, 0x31, 0x27, 0x28, 0x50, 0x92, 0xe5, 0xe8, 0xe6, 0xdc, 0xd4
    db 0xdd, 0xd2, 0xc9, 0xc9, 0xd1, 0xd4, 0xc8, 0x97, 0x92, 0x8e, 0x88, 0x83, 0x95, 0xef, 0x54, 0x08
    db 0x42, 0x60, 0x5f, 0x5d, 0x5e, 0x4d, 0x4d, 0x4a, 0x43, 0x44, 0xe7, 0x92, 0xe4, 0xda, 0x9e, 0xbc
    db 0xbc, 0xbc, 0xbc, 0xbc, 0xbc, 0x9e, 0x9e, 0x9e, 0x9a, 0x9a, 0xce, 0xe7, 0xf2, 0xc0, 0x9b, 0xea
    db 0xf2, 0xef, 0xca, 0x6d, 0x50, 0x3f, 0x4a, 0x64, 0x48, 0x3f, 0x6f, 0xec, 0xc6, 0x55, 0x32, 0x18
    db 0x0b, 0x7f, 0x55, 0x0a, 0x13, 0x06, 0x33, 0x96, 0x9d, 0x60, 0x3f, 0x41, 0x3f, 0x65, 0xdb, 0xef
    db 0xe5, 0x91, 0x86, 0xa0, 0x9b, 0x60, 0x41, 0x5a, 0x4b, 0x45, 0x41, 0x62, 0x87, 0xe7, 0xf5, 0xe4
    db 0x9a, 0x9a, 0x9a, 0x9a, 0x9a, 0x9a, 0x9a, 0x9a, 0x9d, 0x9f, 0x9f, 0x76, 0xe8, 0xe8, 0x63, 0x67
    db 0x67, 0x68, 0x67, 0x66, 0x71, 0x9c, 0xd2, 0xc1, 0xc1, 0xc9, 0xc9, 0xf0, 0x80, 0xc3, 0xf4, 0xff
    db 0xed, 0xa8, 0xb2, 0xa2, 0xe3, 0xf1, 0xf5, 0xff, 0xfb, 0xd3, 0x8c, 0x8c, 0x8d, 0x89, 0xe8, 0xff
    db 0xed, 0x7c, 0xe3, 0xe9, 0xff, 0xf0, 0xf1, 0xc6, 0xa8, 0xeb, 0xe3, 0xa2, 0xb1, 0xae, 0xa8, 0xe1
    db 0xf6, 0xf5, 0xed, 0xc6, 0xa9, 0xb8, 0xac, 0xac, 0xac, 0xac, 0xb4, 0xb7, 0xae, 0xc3, 0xf0, 0xff
    db 0xff, 0xf0, 0xc6, 0xa3, 0xb0, 0xb0, 0xb0, 0xb0, 0xb4, 0xb4, 0xb4, 0xb4, 0xb4, 0xb4, 0xb4, 0xb4
    db 0xb4, 0xb4, 0xb4, 0xb4, 0xb4, 0xb4, 0xb6, 0xb4, 0xa5, 0xa9, 0xdf, 0xd6, 0xb2, 0xb8, 0xac, 0xb7
    db 0xae, 0xd9, 0xf8, 0xfc, 0x2f, 0x2f, 0x2f, 0x2f, 0x2f, 0x2f, 0x2f, 0x2f, 0x2f, 0x2f, 0x2f, 0x2f
    db 0x2f, 0x2f, 0x2f, 0x2f, 0x2f, 0x2f, 0x2f, 0x2f, 0x2f, 0x2f, 0x2f, 0x2f, 0x2f, 0x2f, 0x2f, 0x2f
    db 0x2f, 0x2f, 0x2f, 0x2f, 0x2f, 0x2f, 0x2f, 0x2f, 0x2f, 0x2f, 0x2f, 0x2f, 0x2f, 0x2f, 0x2f, 0x2f
    db 0x2f, 0x2f, 0x2f, 0x2f, 0x2f, 0x37, 0x37, 0x37, 0x2f, 0x2f, 0x2f, 0x2f, 0x2f, 0x2f, 0x2f, 0x2f
    db 0x2f, 0x2f, 0x2f, 0x37, 0x37, 0x37, 0x37, 0x37, 0x2f, 0x2f, 0x2f, 0x37, 0x37, 0x37, 0x37, 0x37
    db 0x37, 0x37, 0x37, 0x2f, 0x2f, 0x1e, 0x28, 0x40, 0x88, 0xdd, 0xe8, 0xe6, 0xe6, 0xda, 0xc9, 0xc9
    db 0xcc, 0xd2, 0xd1, 0xd5, 0xd4, 0xd4, 0xd0, 0xdb, 0xf2, 0x63, 0x08, 0x3f, 0x5b, 0x58, 0x5a, 0x5e
    db 0x5e, 0x5e, 0x5e, 0x4d, 0x43, 0x61, 0xe8, 0x95, 0xe5, 0xd3, 0x9e, 0xbc, 0xbc, 0xbc, 0xbc, 0xbc
    db 0xbc, 0xbc, 0xbc, 0xbc, 0x9e, 0x9e, 0xbc, 0xbf, 0xef, 0x97, 0x64, 0x7a, 0x98, 0xdb, 0xee, 0xf2
    db 0xea, 0x91, 0x65, 0x3f, 0x3f, 0x41, 0x41, 0x61, 0xbf, 0xe3, 0x80, 0x55, 0x32, 0x3d, 0x55, 0x06
    db 0x06, 0x52, 0xc7, 0x87, 0x3f, 0x41, 0x3f, 0x60, 0x97, 0xef, 0xea, 0x98, 0x6d, 0x87, 0xe7, 0x98
    db 0x4a, 0x45, 0x58, 0x48, 0x41, 0x60, 0x6d, 0x97, 0xea, 0xf2, 0xef, 0xce, 0x9a, 0x9a, 0x9a, 0x9a
    db 0x9a, 0x9a, 0x9a, 0x9a, 0x9a, 0x9a, 0x9f, 0xbf, 0x8b, 0xf3, 0xda, 0x71, 0x66, 0x67, 0x67, 0x66
    db 0x63, 0x66, 0x88, 0xd2, 0xd4, 0xc9, 0xd5, 0xf0, 0x80, 0xc6, 0xf4, 0xff, 0xed, 0xa1, 0xb2, 0xa3
    db 0xc4, 0xd8, 0xf4, 0xfe, 0xfb, 0xd3, 0x8b, 0x8c, 0x8d, 0x8b, 0xdb, 0xfb, 0xf0, 0x7e, 0xe1, 0xe1
    db 0xf4, 0xe1, 0xed, 0xc4, 0xc3, 0xed, 0xd7, 0xae, 0xa2, 0xd7, 0xf0, 0xfd, 0xf3, 0xe0, 0xaa, 0xa6
    db 0xc4, 0xac, 0xac, 0xac, 0xac, 0xab, 0xaa, 0xa9, 0xa2, 0xd7, 0xf3, 0xfb, 0xed, 0xc3, 0xae, 0xb0
    db 0xb0, 0xb0, 0xb0, 0xb0, 0xb4, 0xb4, 0xb4, 0xb4, 0xb4, 0xb4, 0xb4, 0xb4, 0xb4, 0xb4, 0xb4, 0xb4
    db 0xb4, 0xb4, 0xb4, 0xb4, 0xb4, 0xaf, 0xd6, 0xd6, 0xae, 0xac, 0xb7, 0xb7, 0xae, 0xd7, 0xf5, 0xfe
    db 0x2f, 0x2f, 0x2f, 0x2f, 0x2f, 0x2f, 0x2f, 0x2f, 0x2f, 0x2f, 0x2f, 0x2f, 0x2f, 0x2f, 0x2f, 0x2f
    db 0x2f, 0x2f, 0x2f, 0x2f, 0x2f, 0x2f, 0x2f, 0x2f, 0x2f, 0x2f, 0x2f, 0x2f, 0x2f, 0x2f, 0x2f, 0x2f
    db 0x2f, 0x2f, 0x2f, 0x2f, 0x2f, 0x2f, 0x2f, 0x2f, 0x2f, 0x2f, 0x2f, 0x2f, 0x2f, 0x2f, 0x2f, 0x2f
    db 0x2f, 0x2f, 0x2f, 0x2f, 0x2f, 0x2f, 0x2f, 0x2f, 0x2f, 0x2f, 0x2f, 0x37, 0x37, 0x37, 0x37, 0x37
    db 0x37, 0x37, 0x2f, 0x2f, 0x2f, 0x2f, 0x2f, 0x37, 0x37, 0x37, 0x37, 0x37, 0x37, 0x37, 0x37, 0x37
    db 0x37, 0x3a, 0x3a, 0x2b, 0x1f, 0x3c, 0x66, 0x8e, 0xd4, 0xe6, 0xd2, 0xc9, 0xc9, 0xcc, 0xcf, 0xcd
    db 0xd1, 0xd2, 0xda, 0xf2, 0x6c, 0x08, 0x3c, 0x5d, 0x47, 0x47, 0x46, 0x4a, 0x50, 0x5e, 0x5e, 0x5e
    db 0x43, 0x65, 0xe8, 0x95, 0xe7, 0xbf, 0x9e, 0xbc, 0xbc, 0xbc, 0xbc, 0xbc, 0xbc, 0xbc, 0xbc, 0xbc
    db 0xbc, 0x9e, 0x9a, 0x9a, 0xef, 0x99, 0x5e, 0x41, 0x61, 0x86, 0xc1, 0xca, 0xea, 0xf4, 0xf2, 0xe8
    db 0x8f, 0x64, 0x41, 0x41, 0x3f, 0x68, 0xe4, 0xed, 0xe0, 0x7f, 0x55, 0x51, 0x80, 0xe8, 0x7a, 0x67
    db 0x61, 0x3f, 0x6f, 0xee, 0xee, 0xbe, 0x6d, 0x64, 0x8f, 0xe5, 0x8a, 0x5d, 0x5d, 0x5f, 0x42, 0x4a
    db 0x6a, 0x94, 0xe8, 0xf2, 0xef, 0xf2, 0xea, 0x9a, 0x9a, 0x9e, 0x9e, 0x9e, 0x9e, 0x9a, 0x9a, 0x9a
    db 0x9c, 0x9a, 0x9a, 0xdb, 0x88, 0xee, 0x95, 0xe8, 0xda, 0x6a, 0x63, 0x65, 0x67, 0x65, 0x66, 0x6c
    db 0x94, 0xd2, 0xe5, 0xef, 0xa1, 0xc6, 0xf4, 0xff, 0xeb, 0xa2, 0xb6, 0xb4, 0xa5, 0xe0, 0xfb, 0xfe
    db 0xf8, 0xce, 0x8c, 0x8d, 0x8d, 0x8b, 0xd3, 0xf8, 0xf6, 0xc7, 0xe3, 0xd9, 0xed, 0xc6, 0xd9, 0xc4
    db 0xd6, 0xeb, 0xc5, 0xa8, 0xe0, 0xf4, 0xff, 0xf0, 0xc6, 0xa9, 0xa9, 0xac, 0xc4, 0xac, 0xac, 0xac
    db 0xac, 0xac, 0xb0, 0xab, 0xa8, 0xeb, 0xf8, 0xe3, 0xa8, 0xae, 0xb7, 0xb0, 0xb0, 0xb0, 0xb0, 0xb0
    db 0xb4, 0xb4, 0xb4, 0xb4, 0xb4, 0xb4, 0xb4, 0xb4, 0xb4, 0xa6, 0xa6, 0xa6, 0xa6, 0xa6, 0xaa, 0xb4
    db 0xa5, 0xa5, 0xc5, 0xd6, 0xa6, 0xac, 0xb3, 0xb4, 0xb2, 0xc6, 0xf4, 0xff, 0x2f, 0x2f, 0x2f, 0x2f
    db 0x2f, 0x2f, 0x2f, 0x2f, 0x2f, 0x2f, 0x2f, 0x2f, 0x2f, 0x2f, 0x2f, 0x2f, 0x2f, 0x2f, 0x2f, 0x2f
    db 0x2f, 0x2f, 0x2f, 0x2f, 0x2f, 0x2f, 0x2f, 0x2f, 0x2f, 0x2f, 0x2f, 0x2f, 0x2f, 0x2f, 0x2f, 0x2f
    db 0x2f, 0x2f, 0x2f, 0x2f, 0x2f, 0x2f, 0x2f, 0x2f, 0x2f, 0x37, 0x2f, 0x2f, 0x2f, 0x2f, 0x2f, 0x2f
    db 0x2f, 0x2f, 0x2f, 0x2f, 0x37, 0x37, 0x37, 0x37, 0x37, 0x37, 0x37, 0x2f, 0x2f, 0x2f, 0x2f, 0x2f
    db 0x2f, 0x2f, 0x37, 0x37, 0x37, 0x37, 0x37, 0x37, 0x37, 0x37, 0x37, 0x38, 0x38, 0x3a, 0x36, 0x3a
    db 0x38, 0x30, 0x2b, 0x30, 0x3c, 0x88, 0xe6, 0xd4, 0xcc, 0xc9, 0xc9, 0xcd, 0xd2, 0xce, 0xf2, 0x95
    db 0x08, 0x3c, 0x5e, 0x47, 0x47, 0x42, 0x61, 0x61, 0x46, 0x5d, 0x5d, 0x5d, 0x42, 0x6a, 0xea, 0x9a
    db 0xe7, 0xbc, 0x9e, 0x9e, 0xbc, 0xbc, 0xbc, 0xbc, 0xbc, 0xbc, 0xbc, 0xbc, 0xbc, 0xbc, 0xbf, 0xbf
    db 0xef, 0x99, 0x60, 0x42, 0x41, 0x47, 0x86, 0x8e, 0x86, 0xc1, 0xef, 0xe7, 0xea, 0xee, 0xdb, 0x6f
    db 0x50, 0x3f, 0x3f, 0x68, 0xce, 0xef, 0xeb, 0xe3, 0xe8, 0x86, 0x6e, 0x61, 0x64, 0xd5, 0xee, 0xd0
    db 0x6e, 0x44, 0x67, 0x94, 0x98, 0x68, 0x43, 0x5d, 0x48, 0x60, 0x6d, 0xc1, 0xee, 0xf3, 0xf2, 0x99
    db 0x88, 0xf2, 0xe5, 0x9a, 0x9a, 0x9e, 0x9e, 0x9e, 0x9e, 0x9e, 0x9a, 0x9a, 0x9a, 0x9a, 0x9a, 0xd3
    db 0x9a, 0xea, 0x71, 0x0d, 0x6e, 0xe7, 0x97, 0x63, 0x66, 0x67, 0x67, 0x67, 0x67, 0x6c, 0xd4, 0xed
    db 0xa1, 0xc3, 0xf3, 0xff, 0xeb, 0xa9, 0xb9, 0xc5, 0xb2, 0xd9, 0xf6, 0xf9, 0xf7, 0xbf, 0x8c, 0x8d
    db 0x8d, 0x8c, 0xce, 0xf9, 0xf6, 0xf0, 0xed, 0xc6, 0xd7, 0xb7, 0xb7, 0xaf, 0xd9, 0xe0, 0xc3, 0xe9
    db 0xf8, 0xff, 0xed, 0xc6, 0xa6, 0xac, 0xac, 0xac, 0xb1, 0xac, 0xac, 0xac, 0xac, 0xac, 0xb7, 0xaa
    db 0xe0, 0xf3, 0xe0, 0xa8, 0xb1, 0xad, 0xb7, 0xb4, 0xb4, 0xb4, 0xb4, 0xb4, 0xb4, 0xb4, 0xb4, 0xb4
    db 0xb4, 0xaf, 0xaf, 0xa5, 0xa5, 0xa6, 0xa6, 0xa6, 0xa6, 0xa6, 0xaa, 0xa5, 0xa5, 0xa5, 0xc4, 0xc5
    db 0xab, 0xac, 0xb7, 0xb7, 0xb6, 0xa8, 0xf0, 0xff, 0x2f, 0x2f, 0x2f, 0x2f, 0x2f, 0x2f, 0x2f, 0x2f
    db 0x2f, 0x2f, 0x2f, 0x2f, 0x2f, 0x2f, 0x2f, 0x2f, 0x2f, 0x2f, 0x2f, 0x2f, 0x2f, 0x2f, 0x2f, 0x2f
    db 0x2f, 0x2f, 0x2f, 0x2f, 0x2f, 0x2f, 0x2f, 0x2f, 0x2f, 0x2f, 0x2f, 0x2f, 0x2f, 0x2f, 0x2f, 0x2f
    db 0x2f, 0x2f, 0x2f, 0x2f, 0x37, 0x37, 0x2f, 0x2f, 0x2f, 0x2f, 0x2f, 0x2f, 0x2f, 0x2f, 0x2f, 0x2f
    db 0x37, 0x37, 0x37, 0x37, 0x37, 0x37, 0x37, 0x2f, 0x2f, 0x2f, 0x37, 0x37, 0x2f, 0x2f, 0x37, 0x37
    db 0x37, 0x37, 0x37, 0x37, 0x37, 0x37, 0x37, 0x38, 0x38, 0x36, 0x36, 0x38, 0x38, 0x2b, 0x1f, 0x39
    db 0x40, 0x6a, 0xe6, 0xe6, 0xdc, 0xd5, 0xd0, 0xc2, 0xc1, 0xee, 0xe7, 0x08, 0x3b, 0x60, 0x5e, 0x59
    db 0x48, 0x42, 0x64, 0x6a, 0x41, 0x5d, 0x5d, 0x59, 0x42, 0x6f, 0xee, 0xce, 0xe8, 0x9a, 0x9e, 0x9e
    db 0xbc, 0xbc, 0x9e, 0xbc, 0xbc, 0xbc, 0xbc, 0xbc, 0xbc, 0x9e, 0xd3, 0xd3, 0xef, 0x99, 0x61, 0x45
    db 0x59, 0x45, 0x60, 0x8a, 0x62, 0x67, 0x98, 0xef, 0x97, 0x87, 0xd0, 0xea, 0xe5, 0x8a, 0x61, 0x3f
    db 0x3c, 0x60, 0x90, 0xef, 0xe7, 0x86, 0x3f, 0x7a, 0xee, 0xea, 0x8a, 0x62, 0x3f, 0x6a, 0x91, 0x7a
    db 0x61, 0x41, 0x44, 0x5e, 0x6d, 0xca, 0xee, 0xee, 0xe8, 0xe8, 0x7a, 0x3f, 0x6a, 0xf2, 0xd3, 0x9f
    db 0x9d, 0x9e, 0x9e, 0x9e, 0x9e, 0x9e, 0x9a, 0x9a, 0x9a, 0x9e, 0x9a, 0x9f, 0xd3, 0xe7, 0xd5, 0x3c
    db 0x08, 0x29, 0x9e, 0xe8, 0x6c, 0x66, 0x68, 0x67, 0x67, 0x63, 0x95, 0xeb, 0xa1, 0xc3, 0xf3, 0xff
    db 0xed, 0xc4, 0xc5, 0xc5, 0xb9, 0xc3, 0xf0, 0xfe, 0xf6, 0xbf, 0x8c, 0x8c, 0x8d, 0x8c, 0xbf, 0xf5
    db 0xe0, 0xd9, 0xed, 0xa8, 0xb6, 0xc5, 0xb9, 0xb2, 0xdf, 0xd7, 0xe3, 0xf7, 0xff, 0xed, 0xc3, 0xa3
    db 0xb7, 0xac, 0xac, 0xac, 0xac, 0xac, 0xac, 0xac, 0xac, 0xad, 0xa5, 0xd9, 0xed, 0xd7, 0xa2, 0xa6
    db 0xa6, 0xb0, 0xa6, 0xb4, 0xb4, 0xb4, 0xb4, 0xb4, 0xb4, 0xb4, 0xb4, 0xb4, 0xb4, 0xb0, 0xb0, 0xa6
    db 0xa6, 0xa6, 0xa6, 0xa6, 0xa6, 0xa6, 0xa6, 0xa6, 0xa6, 0xa6, 0xab, 0xc5, 0xb8, 0xb8, 0xc5, 0xb9
    db 0xb9, 0xa4, 0xe0, 0xfc, 0x2f, 0x2f, 0x2f, 0x2f, 0x2f, 0x2f, 0x2f, 0x2f, 0x2f, 0x2f, 0x2f, 0x2f
    db 0x2f, 0x2f, 0x2f, 0x2f, 0x2f, 0x2f, 0x2f, 0x2f, 0x2f, 0x2f, 0x2f, 0x2f, 0x2f, 0x2f, 0x2f, 0x2f
    db 0x2f, 0x2f, 0x2f, 0x2f, 0x2f, 0x2f, 0x2f, 0x2f, 0x2f, 0x2f, 0x2f, 0x2f, 0x2f, 0x2f, 0x2f, 0x2f
    db 0x37, 0x2f, 0x2f, 0x2f, 0x2f, 0x2f, 0x2f, 0x2f, 0x2f, 0x2f, 0x2f, 0x2f, 0x37, 0x37, 0x37, 0x37
    db 0x37, 0x37, 0x37, 0x2f, 0x2f, 0x2f, 0x2f, 0x2f, 0x2f, 0x2f, 0x2f, 0x37, 0x37, 0x37, 0x37, 0x37
    db 0x37, 0x37, 0x37, 0x37, 0x37, 0x38, 0x3a, 0x2b, 0x0d, 0x36, 0x63, 0xba, 0xdd, 0xe6, 0xe6, 0xe6
    db 0xe6, 0xe6, 0xe6, 0xdc, 0xe6, 0xef, 0x3b, 0x0d, 0x5f, 0x5f, 0x5e, 0x59, 0x4a, 0x44, 0x61, 0x86
    db 0x42, 0x59, 0x59, 0x59, 0x45, 0x86, 0xea, 0xd3, 0xe5, 0x9a, 0x9e, 0x9e, 0x9e, 0xbc, 0x9e, 0x9e
    db 0x9e, 0xbc, 0xbc, 0xbc, 0xbc, 0x9a, 0xd3, 0xdb, 0xef, 0x99, 0x61, 0x48, 0x4a, 0x48, 0x41, 0x86
    db 0x8b, 0x41, 0x60, 0x8f, 0xee, 0xe8, 0x92, 0x6d, 0x87, 0xd5, 0xea, 0x98, 0x64, 0x41, 0x3c, 0x3f
    db 0x6d, 0xd5, 0xe7, 0xee, 0x98, 0x61, 0x41, 0x3f, 0x43, 0x64, 0x60, 0x3f, 0x41, 0x42, 0x68, 0xe4
    db 0xee, 0xea, 0xdc, 0xe4, 0xce, 0x6d, 0x41, 0x41, 0x6d, 0xef, 0xd3, 0xbf, 0x9d, 0x9e, 0x9e, 0x9e
    db 0x9e, 0x9e, 0x9e, 0x9e, 0x9a, 0x9e, 0x9f, 0x9d, 0xdb, 0xd5, 0xe8, 0x3f, 0x45, 0x3c, 0x0d, 0x6c
    db 0xee, 0x83, 0x67, 0x67, 0x67, 0x63, 0xbe, 0xe0, 0xa1, 0xa8, 0xf1, 0xff, 0xf0, 0xc3, 0xc5, 0xc5
    db 0xad, 0xa2, 0xd9, 0xf6, 0xf6, 0xbf, 0x8c, 0x8c, 0x8c, 0x8d, 0x9f, 0xf4, 0xd9, 0xe0, 0xeb, 0xa8
    db 0xb6, 0xb7, 0xb1, 0xa6, 0xd7, 0xe3, 0xf8, 0xfe, 0xed, 0xc6, 0xab, 0xb8, 0xac, 0xab, 0xab, 0xab
    db 0xab, 0xac, 0xac, 0xac, 0xac, 0xad, 0xc5, 0xe0, 0xc6, 0xa3, 0xb4, 0xb0, 0xb0, 0xb0, 0xa6, 0xab
    db 0xac, 0xac, 0xac, 0xac, 0xb7, 0xb7, 0xb7, 0xb7, 0xb0, 0xb0, 0xb0, 0xb0, 0xa6, 0xa6, 0xa6, 0xa6
    db 0xa6, 0xa6, 0xa6, 0xa6, 0xa6, 0xa6, 0xb0, 0xb0, 0xaf, 0xb0, 0xb9, 0xb9, 0xb9, 0xa9, 0xe0, 0xfb
    db 0x2f, 0x2f, 0x2f, 0x2f, 0x2f, 0x2f, 0x2f, 0x2f, 0x2f, 0x2f, 0x2f, 0x2f, 0x2f, 0x2f, 0x2f, 0x2f
    db 0x2f, 0x2f, 0x2f, 0x2f, 0x2f, 0x2f, 0x2f, 0x2f, 0x2f, 0x2f, 0x2f, 0x2f, 0x2f, 0x2f, 0x2f, 0x2f
    db 0x2f, 0x2f, 0x2f, 0x2f, 0x2f, 0x2f, 0x2f, 0x2f, 0x2f, 0x2f, 0x37, 0x37, 0x37, 0x2f, 0x2f, 0x2f
    db 0x2f, 0x2f, 0x2f, 0x2f, 0x2f, 0x2f, 0x2f, 0x2f, 0x37, 0x37, 0x37, 0x37, 0x37, 0x37, 0x2f, 0x2f
    db 0x2f, 0x2f, 0x2f, 0x2f, 0x2f, 0x2f, 0x37, 0x37, 0x37, 0x37, 0x37, 0x37, 0x37, 0x37, 0x37, 0x37
    db 0x37, 0x38, 0x1e, 0x3c, 0x6c, 0xba, 0xda, 0xd3, 0xc1, 0xd0, 0xd4, 0xd4, 0xd5, 0xda, 0xda, 0xdd
    db 0xf2, 0x65, 0x08, 0x3f, 0x5f, 0x5c, 0x5e, 0x5d, 0x5a, 0x44, 0x61, 0x8a, 0x60, 0x45, 0x59, 0x59
    db 0x60, 0x90, 0xee, 0xd3, 0xe5, 0x9a, 0x9e, 0x9e, 0x9e, 0x9e, 0x9e, 0x9e, 0x9e, 0x9e, 0x9e, 0xbc
    db 0xbc, 0x9a, 0xd3, 0xd3, 0xef, 0x99, 0x61, 0x46, 0x4a, 0x48, 0x42, 0x61, 0xc8, 0x67, 0x45, 0x41
    db 0x64, 0x8f, 0xd5, 0x91, 0x68, 0x68, 0x87, 0xc1, 0x95, 0x73, 0x83, 0x88, 0x87, 0x83, 0xc0, 0xd0
    db 0x99, 0x94, 0x94, 0x94, 0x90, 0x71, 0x68, 0x6a, 0x64, 0x65, 0xc0, 0xe8, 0xce, 0x99, 0xd5, 0x8e
    db 0x62, 0x58, 0x5c, 0x47, 0x87, 0xef, 0xd3, 0xbf, 0x9d, 0x9a, 0xbc, 0xbc, 0x9e, 0x9e, 0x9e, 0x9e
    db 0x9e, 0x9e, 0x9f, 0x9a, 0xdb, 0xbf, 0xea, 0x5f, 0x48, 0x60, 0x42, 0x0d, 0x68, 0xef, 0x6f, 0x66
    db 0x67, 0x62, 0xc2, 0xd9, 0xa1, 0xb7, 0xed, 0xff, 0xf4, 0xd7, 0xb7, 0xc5, 0xac, 0xae, 0xa8, 0xed
    db 0xfb, 0xbf, 0x8b, 0x8c, 0x8d, 0x8c, 0x9a, 0xf5, 0xf1, 0xe9, 0xeb, 0xa4, 0xb2, 0xb4, 0xa7, 0xa8
    db 0xe3, 0xf5, 0xfd, 0xeb, 0xc3, 0xac, 0xb1, 0xac, 0xb7, 0xb0, 0xb0, 0xb0, 0xb0, 0xac, 0xac, 0xac
    db 0xac, 0xac, 0xc5, 0xc4, 0xae, 0xb2, 0xb7, 0xb0, 0xb0, 0xb0, 0xb0, 0xac, 0xac, 0xac, 0xac, 0xac
    db 0xac, 0xac, 0xac, 0xac, 0xab, 0xb0, 0xb0, 0xb0, 0xa6, 0xa6, 0xa6, 0xa6, 0xa6, 0xa6, 0xa6, 0xa6
    db 0xa6, 0xb0, 0xa7, 0xab, 0xaa, 0xaa, 0xb0, 0xb5, 0xb5, 0xa9, 0xe0, 0xfb, 0x2f, 0x2f, 0x2f, 0x2f
    db 0x2f, 0x2f, 0x2f, 0x2f, 0x2f, 0x2f, 0x2f, 0x2f, 0x2f, 0x2f, 0x2f, 0x2f, 0x2f, 0x2f, 0x2f, 0x2f
    db 0x2f, 0x2f, 0x2f, 0x2f, 0x2f, 0x2f, 0x2f, 0x2f, 0x2f, 0x2f, 0x2f, 0x2f, 0x2f, 0x2f, 0x2f, 0x2f
    db 0x2f, 0x2f, 0x2f, 0x2f, 0x2f, 0x2f, 0x2f, 0x2f, 0x2f, 0x2f, 0x2f, 0x2f, 0x2f, 0x2f, 0x2f, 0x2f
    db 0x2f, 0x2f, 0x2f, 0x37, 0x2f, 0x37, 0x37, 0x37, 0x37, 0x37, 0x2f, 0x2f, 0x2f, 0x2f, 0x2f, 0x2f
    db 0x2f, 0x2f, 0x37, 0x37, 0x37, 0x38, 0x37, 0x36, 0x36, 0x36, 0x37, 0x37, 0x1e, 0x36, 0x6c, 0xd0
    db 0xd2, 0x92, 0x8a, 0x87, 0x7a, 0x8e, 0xd0, 0xce, 0xd1, 0xd1, 0xca, 0xef, 0xd3, 0x08, 0x3b, 0x5b
    db 0x4b, 0x5d, 0x50, 0x5d, 0x5a, 0x4a, 0x4d, 0x8a, 0x65, 0x41, 0x59, 0x48, 0x61, 0x98, 0xee, 0xd3
    db 0xdb, 0x9a, 0x9e, 0x9e, 0x9e, 0x9e, 0x9e, 0x9e, 0x9e, 0x9e, 0x9e, 0x9e, 0x9e, 0x9a, 0xd3, 0xd3
    db 0xef, 0x98, 0x60, 0x42, 0x44, 0x4a, 0x5b, 0x41, 0x8f, 0x99, 0x3f, 0x48, 0x42, 0x41, 0x60, 0x68
    db 0x68, 0x5d, 0x41, 0x60, 0x64, 0x6d, 0x8f, 0x92, 0x94, 0x8b, 0x6c, 0x68, 0x68, 0x6c, 0x6c, 0x6b
    db 0x68, 0x6c, 0x87, 0x88, 0x8e, 0x94, 0x99, 0x98, 0xca, 0xc8, 0x7a, 0x50, 0x4e, 0x5f, 0x5c, 0x64
    db 0x94, 0xef, 0xd3, 0xbf, 0x9d, 0x9e, 0xbc, 0xbc, 0x9e, 0x9e, 0x9e, 0x9e, 0x9e, 0x9e, 0x9a, 0x9a
    db 0xd3, 0x9f, 0xee, 0x64, 0x44, 0x5d, 0x60, 0x42, 0x0d, 0x6c, 0xea, 0x67, 0x66, 0x62, 0xd3, 0xd9
    db 0xa1, 0xc5, 0xe3, 0xff, 0xf8, 0xd9, 0xa5, 0xb7, 0xc4, 0xad, 0xa2, 0xd7, 0xf5, 0xbc, 0x8b, 0x8c
    db 0x8c, 0x8c, 0x97, 0xf4, 0xfe, 0xf4, 0xe0, 0xa9, 0xb1, 0xb5, 0xa3, 0xd7, 0xf4, 0xff, 0xeb, 0xa8
    db 0xa6, 0xaf, 0xb7, 0xab, 0xb0, 0xb0, 0xb0, 0xb0, 0xb0, 0xac, 0xac, 0xac, 0xac, 0xb7, 0xb1, 0xad
    db 0xc4, 0xb7, 0xb1, 0xa6, 0xaf, 0xaf, 0xaf, 0xad, 0xac, 0xac, 0xac, 0xac, 0xad, 0xac, 0xac, 0xad
    db 0xb1, 0xb7, 0xb7, 0xb7, 0xa6, 0xa6, 0xa6, 0xa6, 0xa6, 0xa6, 0xa6, 0xa6, 0xa6, 0xb0, 0xae, 0xa9
    db 0xd7, 0xdf, 0xac, 0xb5, 0xb9, 0xa7, 0xe0, 0xfb, 0x2f, 0x2f, 0x2f, 0x2f, 0x2f, 0x2f, 0x2f, 0x2f
    db 0x2f, 0x2f, 0x2f, 0x2f, 0x2f, 0x2f, 0x2f, 0x2f, 0x2f, 0x2f, 0x2f, 0x2f, 0x2f, 0x2f, 0x2f, 0x2f
    db 0x2f, 0x2f, 0x2f, 0x2f, 0x2f, 0x2f, 0x2f, 0x2f, 0x2f, 0x2f, 0x2f, 0x2f, 0x2f, 0x2f, 0x2f, 0x2f
    db 0x2f, 0x2f, 0x2f, 0x2f, 0x2f, 0x2f, 0x2f, 0x2f, 0x2f, 0x2f, 0x2f, 0x2f, 0x2f, 0x2f, 0x2f, 0x2f
    db 0x2f, 0x2f, 0x2f, 0x37, 0x37, 0x2f, 0x2f, 0x2f, 0x2f, 0x2f, 0x2f, 0x2f, 0x37, 0x37, 0x37, 0x37
    db 0x37, 0x38, 0x31, 0x37, 0x37, 0x38, 0x38, 0x1e, 0x40, 0xba, 0xbe, 0x87, 0x75, 0x71, 0x71, 0x71
    db 0x71, 0x6f, 0x87, 0x97, 0xd0, 0xd0, 0xea, 0xee, 0x30, 0x1e, 0x50, 0x4e, 0x4e, 0x50, 0x4e, 0x4d
    db 0x4d, 0x4d, 0x44, 0x86, 0x6d, 0x43, 0x5b, 0x49, 0x61, 0x99, 0xee, 0xd3, 0xd5, 0x9d, 0x9e, 0x9c
    db 0x9e, 0x9f, 0x9f, 0x9e, 0x9e, 0x9e, 0x9e, 0x9e, 0x9e, 0x9d, 0xd3, 0xbf, 0xf2, 0x94, 0x4e, 0x45
    db 0x4a, 0x4a, 0x4e, 0x4a, 0x5e, 0xd3, 0x64, 0x43, 0x5a, 0x5a, 0x5a, 0x45, 0x45, 0x5a, 0x5a, 0x48
    db 0x58, 0x5f, 0x5f, 0x60, 0x61, 0x65, 0x68, 0x68, 0x65, 0x6c, 0x83, 0x97, 0xc0, 0xc0, 0xc0, 0xc0
    db 0x99, 0x9c, 0xdb, 0xe7, 0x8b, 0x60, 0x41, 0x5a, 0x5c, 0x5d, 0x42, 0x86, 0x94, 0xee, 0xbf, 0xbf
    db 0x9d, 0xbc, 0xbc, 0xbc, 0xbc, 0x9e, 0x9e, 0x9e, 0x9e, 0x9a, 0x9a, 0x9a, 0x9f, 0x9a, 0xef, 0x6f
    db 0x42, 0x58, 0x58, 0x4e, 0x3f, 0x08, 0x95, 0xda, 0x62, 0x62, 0xe5, 0xe3, 0xa2, 0xc5, 0xd9, 0xf6
    db 0xff, 0xe3, 0xa1, 0xab, 0xc4, 0xad, 0xb0, 0xa8, 0xf0, 0xce, 0x8c, 0x8d, 0x8d, 0x8c, 0x8d, 0xf3
    db 0xff, 0xfd, 0xe0, 0xa9, 0xc5, 0xb9, 0xc6, 0xf1, 0xfb, 0xeb, 0xa8, 0xa4, 0xa6, 0xa6, 0xb0, 0xb0
    db 0xb0, 0xb0, 0xb0, 0xb0, 0xb0, 0xac, 0xac, 0xac, 0xac, 0xac, 0xac, 0xac, 0xac, 0xac, 0xb7, 0xb0
    db 0xab, 0xa9, 0xac, 0xac, 0xac, 0xac, 0xc4, 0xac, 0xad, 0xac, 0xc4, 0xac, 0xad, 0xb8, 0xab, 0xac
    db 0xa9, 0xa5, 0xa3, 0xa3, 0xa3, 0xa3, 0xa6, 0xa6, 0xa6, 0xb0, 0xb2, 0xa3, 0xd7, 0xf0, 0xd7, 0xb1
    db 0xc5, 0xae, 0xd9, 0xf8, 0x2f, 0x2f, 0x2f, 0x2f, 0x2f, 0x2f, 0x2f, 0x2f, 0x2f, 0x2f, 0x2f, 0x2f
    db 0x2f, 0x2f, 0x2f, 0x2f, 0x2f, 0x2f, 0x2f, 0x2f, 0x2f, 0x2f, 0x2a, 0x2f, 0x2f, 0x2f, 0x2f, 0x2f
    db 0x2f, 0x2f, 0x2f, 0x2f, 0x2f, 0x2f, 0x2f, 0x2f, 0x2f, 0x2f, 0x2f, 0x2f, 0x2f, 0x2f, 0x2a, 0x2a
    db 0x2a, 0x2a, 0x2f, 0x2f, 0x2f, 0x2f, 0x2f, 0x2f, 0x2f, 0x2f, 0x2f, 0x2f, 0x2f, 0x2f, 0x2f, 0x2f
    db 0x2f, 0x2f, 0x2f, 0x2f, 0x2f, 0x2f, 0x2f, 0x37, 0x37, 0x37, 0x2f, 0x30, 0x2f, 0x28, 0x27, 0x1f
    db 0x2a, 0x2a, 0x3a, 0x6e, 0xc2, 0x88, 0x68, 0x73, 0x7b, 0x81, 0x81, 0x81, 0x75, 0x76, 0x6f, 0x6f
    db 0x88, 0xe5, 0xef, 0x40, 0x40, 0x5f, 0x5a, 0x4e, 0x4e, 0x4e, 0x4e, 0x4e, 0x4e, 0x4e, 0x42, 0x6d
    db 0x87, 0x46, 0x5b, 0x45, 0x64, 0xc8, 0xea, 0xd5, 0xd3, 0x9e, 0x9f, 0x9e, 0x9e, 0x9f, 0x9f, 0x9e
    db 0x9e, 0x9e, 0x9e, 0x9e, 0x9e, 0x9d, 0xd3, 0xbf, 0xf2, 0x91, 0x44, 0x48, 0x4a, 0x4a, 0x4e, 0x4e
    db 0x3f, 0x77, 0x89, 0x41, 0x4a, 0x48, 0x48, 0x5a, 0x5a, 0x5a, 0x5a, 0x5a, 0x5d, 0x5a, 0x5f, 0x5b
    db 0x58, 0x49, 0x45, 0x42, 0x5e, 0x64, 0x6e, 0x91, 0x94, 0x98, 0xc8, 0xe4, 0xe5, 0xce, 0x87, 0x60
    db 0x3f, 0x45, 0x5a, 0x48, 0x5a, 0x5a, 0x60, 0xc8, 0x89, 0xee, 0xbf, 0xbf, 0x9d, 0xbc, 0xbc, 0xbc
    db 0xbc, 0x9e, 0x9e, 0x9e, 0x9a, 0x9a, 0x9a, 0x9a, 0x9a, 0x9a, 0xef, 0x92, 0x41, 0x58, 0x45, 0x44
    db 0x4a, 0x3b, 0x1e, 0xea, 0x8a, 0x63, 0xd3, 0xeb, 0xa8, 0xc5, 0xc6, 0xf3, 0xff, 0xf0, 0xa8, 0xae
    db 0xac, 0xb8, 0xb4, 0xa4, 0xed, 0xce, 0x8c, 0x8d, 0x8c, 0x8c, 0x8c, 0xf0, 0xff, 0xf6, 0xd9, 0xad
    db 0xb6, 0xc3, 0xe9, 0xff, 0xed, 0xa8, 0xa9, 0xac, 0xa6, 0xa6, 0xb0, 0xb0, 0xb0, 0xb0, 0xb0, 0xb0
    db 0xb0, 0xac, 0xac, 0xa9, 0xa9, 0xa9, 0xa9, 0xa9, 0xac, 0xac, 0xab, 0xab, 0xac, 0xa9, 0xac, 0xac
    db 0xad, 0xb8, 0xb8, 0xb8, 0xac, 0xb9, 0xae, 0xa6, 0xa6, 0xa6, 0xb1, 0xa7, 0xa9, 0xa5, 0xa3, 0xa3
    db 0xa3, 0xa3, 0xa6, 0xa6, 0xa6, 0xb0, 0xaf, 0xaa, 0xd6, 0xf1, 0xed, 0xaa, 0xb9, 0xb2, 0xd7, 0xf4
    db 0x2f, 0x2f, 0x2f, 0x2f, 0x2f, 0x2f, 0x2f, 0x2f, 0x2f, 0x2f, 0x2f, 0x2f, 0x2f, 0x2f, 0x2f, 0x2f
    db 0x2f, 0x2f, 0x2f, 0x2f, 0x2f, 0x2f, 0x2f, 0x2f, 0x2f, 0x2f, 0x2f, 0x2f, 0x2f, 0x2f, 0x2f, 0x2f
    db 0x2f, 0x2f, 0x2f, 0x2f, 0x2f, 0x2f, 0x2f, 0x2f, 0x2f, 0x2f, 0x2f, 0x2f, 0x2f, 0x2f, 0x2f, 0x2f
    db 0x2f, 0x2f, 0x2f, 0x2f, 0x2f, 0x2f, 0x2f, 0x2f, 0x2f, 0x2f, 0x2f, 0x2f, 0x2f, 0x2f, 0x2f, 0x2f
    db 0x2f, 0x2f, 0x2f, 0x2f, 0x37, 0x37, 0x31, 0x29, 0x27, 0x40, 0x74, 0x92, 0x92, 0x8f, 0x92, 0x9c
    db 0x6a, 0x68, 0x7b, 0x82, 0x76, 0x75, 0x75, 0x75, 0x81, 0x76, 0x73, 0x71, 0x87, 0xf0, 0x63, 0x44
    db 0x6a, 0x6d, 0x5d, 0x4e, 0x4e, 0x4e, 0x5e, 0x5e, 0x4e, 0x4e, 0x42, 0x6d, 0x94, 0x60, 0x5b, 0x49
    db 0x65, 0xce, 0xea, 0xd3, 0xce, 0x9d, 0x9e, 0x9e, 0xbc, 0x9f, 0x9e, 0x9e, 0x9e, 0x9e, 0x9e, 0x9e
    db 0x9a, 0x9f, 0x9f, 0xd3, 0xf5, 0x99, 0x41, 0x48, 0x4a, 0x4a, 0x4a, 0x4a, 0x46, 0x61, 0x98, 0x61
    db 0x42, 0x48, 0x48, 0x48, 0x5a, 0x5a, 0x5a, 0x5d, 0x48, 0x45, 0x45, 0x45, 0x42, 0x43, 0x60, 0x6d
    db 0x8a, 0x91, 0x91, 0x91, 0x98, 0xc8, 0x98, 0x6f, 0x64, 0x44, 0x3f, 0x45, 0x5a, 0x5a, 0x5a, 0x5a
    db 0x48, 0x41, 0x6d, 0xc8, 0x86, 0xee, 0x9f, 0xbf, 0x9f, 0x9e, 0xbc, 0xbc, 0xbc, 0xbc, 0x9e, 0x9a
    db 0x9a, 0x9a, 0x9a, 0x9a, 0x9a, 0x97, 0xef, 0xc0, 0x44, 0x45, 0x45, 0x45, 0x44, 0x4b, 0x1e, 0x63
    db 0xee, 0x8f, 0xe8, 0xf1, 0xd7, 0xb7, 0xa8, 0xeb, 0xff, 0xf3, 0xc6, 0xa2, 0xb8, 0xb8, 0xc5, 0xa4
    db 0xed, 0xd3, 0x8c, 0x8d, 0x8d, 0x8c, 0x8b, 0xef, 0xff, 0xf4, 0xc6, 0xb1, 0xb5, 0xc6, 0xf1, 0xf0
    db 0xc3, 0xa7, 0xab, 0xab, 0xa6, 0xb0, 0xb0, 0xb0, 0xb0, 0xb0, 0xb0, 0xb0, 0xb0, 0xac, 0xac, 0xac
    db 0xac, 0xac, 0xac, 0xac, 0xac, 0xac, 0xa9, 0xa9, 0xac, 0xac, 0xac, 0xad, 0xb1, 0xab, 0xa4, 0xa4
    db 0xc3, 0xc5, 0xc5, 0xd6, 0xd9, 0xd7, 0xa5, 0xa7, 0xa9, 0xa5, 0xa3, 0xa3, 0xa6, 0xa6, 0xa6, 0xa6
    db 0xa6, 0xae, 0xaf, 0xad, 0xa9, 0xed, 0xf5, 0xd7, 0xa9, 0xb2, 0xc4, 0xed, 0x2f, 0x2f, 0x2f, 0x2f
    db 0x2f, 0x2f, 0x2f, 0x2f, 0x2f, 0x2f, 0x2f, 0x2f, 0x2f, 0x2f, 0x2f, 0x2f, 0x2f, 0x2f, 0x2a, 0x2f
    db 0x2f, 0x2f, 0x2f, 0x2f, 0x2f, 0x2f, 0x2f, 0x2f, 0x2f, 0x2f, 0x2f, 0x2f, 0x2f, 0x2f, 0x2f, 0x2f
    db 0x2f, 0x2f, 0x2f, 0x2f, 0x2f, 0x2f, 0x2f, 0x2f, 0x2f, 0x2f, 0x2f, 0x2f, 0x2f, 0x2f, 0x2f, 0x2f
    db 0x2f, 0x2f, 0x2f, 0x2f, 0x2f, 0x2f, 0x2f, 0x2f, 0x2f, 0x2f, 0x2f, 0x2f, 0x2f, 0x2f, 0x2f, 0x2f
    db 0x37, 0x37, 0x29, 0x3c, 0x8a, 0xbe, 0x8a, 0x6e, 0x6c, 0x6a, 0x6a, 0x68, 0x6e, 0x7b, 0x7b, 0x81
    db 0x75, 0x75, 0x75, 0x75, 0x75, 0x75, 0x72, 0x6e, 0xea, 0xe5, 0x08, 0x3c, 0x89, 0x68, 0x65, 0x44
    db 0x4e, 0x4e, 0x5e, 0x5e, 0x4e, 0x4e, 0x44, 0x67, 0xd1, 0x65, 0x4b, 0x49, 0x67, 0xd5, 0xea, 0x9a
    db 0x9f, 0x9f, 0xbc, 0x9e, 0xbc, 0xbc, 0x9e, 0x9a, 0xbc, 0xbc, 0xbc, 0x9e, 0x9e, 0x9f, 0x9a, 0xdb
    db 0xfa, 0xce, 0x3f, 0x4b, 0x4a, 0x4e, 0x4e, 0x4e, 0x4f, 0x42, 0x86, 0x6d, 0x41, 0x4a, 0x48, 0x48
    db 0x48, 0x48, 0x45, 0x65, 0x6f, 0x67, 0x65, 0x65, 0x6a, 0x6f, 0x8e, 0x94, 0x91, 0x91, 0x91, 0x89
    db 0x7a, 0x65, 0x5d, 0x45, 0x58, 0x5c, 0x5c, 0x59, 0x4e, 0x5a, 0x5a, 0x5a, 0x48, 0x41, 0x94, 0x94
    db 0x6c, 0xef, 0x9f, 0x9f, 0x9f, 0x9e, 0xbc, 0xbc, 0x9e, 0x9e, 0x9a, 0x9a, 0x9a, 0x9a, 0x9a, 0x9a
    db 0x9f, 0x97, 0xee, 0xd5, 0x60, 0x41, 0x44, 0x45, 0x47, 0x5d, 0x49, 0x0d, 0xc2, 0xdb, 0x99, 0xf5
    db 0xeb, 0xa2, 0xa2, 0xd7, 0xf6, 0xf8, 0xd9, 0xa2, 0xad, 0xb8, 0xc5, 0xa4, 0xeb, 0xe4, 0x8c, 0x8d
    db 0x8d, 0x8c, 0x8b, 0xee, 0xff, 0xf1, 0xc3, 0xb9, 0xac, 0xd9, 0xed, 0xc6, 0xb8, 0xac, 0xc4, 0xb1
    db 0xb0, 0xb0, 0xb0, 0xb2, 0xae, 0xa7, 0xa6, 0xb1, 0xb1, 0xab, 0xac, 0xab, 0xab, 0xab, 0xb0, 0xb7
    db 0xb7, 0xac, 0xab, 0xa9, 0xa9, 0xa4, 0xc3, 0xc3, 0xd7, 0xd9, 0xe3, 0xeb, 0xeb, 0xe0, 0xd9, 0xe3
    db 0xed, 0xe3, 0xc4, 0xa7, 0xaf, 0xa5, 0xa5, 0xa5, 0xa6, 0xa6, 0xa6, 0xa6, 0xb0, 0xb0, 0xae, 0xb1
    db 0xa7, 0xe0, 0xff, 0xed, 0xaa, 0xae, 0xb1, 0xd7, 0x2f, 0x2f, 0x2f, 0x2f, 0x2f, 0x2f, 0x2f, 0x2f
    db 0x2f, 0x2f, 0x2f, 0x2f, 0x2f, 0x2f, 0x2f, 0x2f, 0x2f, 0x2f, 0x2f, 0x2f, 0x2f, 0x2f, 0x2f, 0x2f
    db 0x2f, 0x2f, 0x2f, 0x2f, 0x2f, 0x2f, 0x2f, 0x2f, 0x2f, 0x2f, 0x2f, 0x2f, 0x2f, 0x2f, 0x2f, 0x2f
    db 0x2f, 0x2f, 0x2f, 0x2f, 0x2f, 0x2f, 0x2f, 0x2f, 0x2f, 0x2f, 0x2f, 0x2f, 0x2f, 0x2f, 0x37, 0x37
    db 0x2f, 0x2f, 0x2f, 0x2f, 0x2f, 0x2f, 0x37, 0x37, 0x37, 0x37, 0x37, 0x37, 0x36, 0x28, 0x27, 0x95
    db 0x95, 0x62, 0x62, 0x68, 0x6e, 0x76, 0x76, 0x82, 0x76, 0x76, 0x7b, 0x76, 0x72, 0x72, 0x72, 0x75
    db 0x75, 0x78, 0x6e, 0x9d, 0xea, 0x6c, 0x2c, 0x3c, 0x64, 0x89, 0x67, 0x64, 0x58, 0x5d, 0x5e, 0x5d
    db 0x5d, 0x5d, 0x48, 0x64, 0xdb, 0x6d, 0x4a, 0x45, 0x67, 0xd5, 0xea, 0x9a, 0x9f, 0x9e, 0xbc, 0xbc
    db 0x9e, 0x9e, 0x9e, 0x9e, 0xbc, 0xbc, 0xbc, 0xbc, 0x9e, 0x9d, 0x9a, 0xe4, 0xef, 0xe4, 0x3f, 0x49
    db 0x48, 0x5a, 0x5a, 0x5a, 0x5a, 0x44, 0x64, 0x89, 0x43, 0x46, 0x5a, 0x5a, 0x5a, 0x5a, 0x5b, 0x5a
    db 0x6d, 0x91, 0x94, 0x94, 0x94, 0x94, 0x94, 0x94, 0x91, 0x89, 0x6d, 0x61, 0x42, 0x41, 0x48, 0x5a
    db 0x5a, 0x5a, 0x5a, 0x5a, 0x5a, 0x4e, 0x5a, 0x5c, 0x41, 0x65, 0xd5, 0x6e, 0x65, 0xee, 0xd3, 0xbf
    db 0x9a, 0x9e, 0x9e, 0x9e, 0x9e, 0x9e, 0x9a, 0x9a, 0x9a, 0x9a, 0x9a, 0x9f, 0x9f, 0x97, 0xee, 0xe4
    db 0x64, 0x3f, 0x50, 0x60, 0x47, 0x5d, 0x60, 0x3b, 0x40, 0xea, 0x8a, 0xf5, 0xeb, 0xa2, 0xae, 0xa8
    db 0xf1, 0xff, 0xeb, 0xa8, 0xc4, 0xb9, 0xc5, 0xa4, 0xe3, 0xe7, 0x8c, 0x8d, 0x8d, 0x8c, 0x8b, 0xea
    db 0xff, 0xed, 0xa8, 0xb9, 0xc5, 0xe0, 0xd7, 0xa9, 0xc5, 0xac, 0xac, 0xac, 0xb7, 0xc5, 0xb8, 0xa6
    db 0xa5, 0xaa, 0xa5, 0xa7, 0xb1, 0xb7, 0xaf, 0xb7, 0xaa, 0xa5, 0xa3, 0xa2, 0xa4, 0xc4, 0xc6, 0xd7
    db 0xe0, 0xe3, 0xeb, 0xed, 0xed, 0xeb, 0xe0, 0xd7, 0xc5, 0xaa, 0xa4, 0xde, 0xde, 0xe3, 0xd7, 0xa7
    db 0xaa, 0xa9, 0xa9, 0xa9, 0xa9, 0xa9, 0xaf, 0xaf, 0xa6, 0xb0, 0xb2, 0xb8, 0xa6, 0xc6, 0xf4, 0xf6
    db 0xd9, 0xa7, 0xac, 0xc4, 0x2f, 0x2f, 0x2f, 0x2f, 0x2f, 0x2f, 0x2f, 0x2f, 0x2f, 0x2f, 0x2f, 0x2f
    db 0x2f, 0x2f, 0x2f, 0x2f, 0x2f, 0x2f, 0x2f, 0x2f, 0x2f, 0x2f, 0x2f, 0x2f, 0x2f, 0x2f, 0x2f, 0x2f
    db 0x2f, 0x2f, 0x2f, 0x2f, 0x2f, 0x2f, 0x2f, 0x2f, 0x2f, 0x2f, 0x2f, 0x2f, 0x2f, 0x2f, 0x2f, 0x2f
    db 0x2f, 0x2f, 0x2f, 0x2f, 0x2f, 0x2f, 0x2f, 0x2f, 0x37, 0x37, 0x37, 0x37, 0x2f, 0x2f, 0x2f, 0x2f
    db 0x2f, 0x2f, 0x37, 0x37, 0x37, 0x37, 0x37, 0x37, 0x36, 0x16, 0x68, 0xbe, 0x62, 0x6c, 0x7b, 0x7b
    db 0x7b, 0x7b, 0x7b, 0x77, 0x73, 0x73, 0x72, 0x6f, 0x82, 0x83, 0x72, 0x75, 0x75, 0x78, 0x82, 0xef
    db 0x62, 0x7a, 0x3c, 0x3f, 0x5d, 0x67, 0x8a, 0x7a, 0x64, 0x46, 0x5e, 0x5d, 0x5d, 0x5d, 0x5d, 0x60
    db 0xd1, 0x89, 0x4a, 0x42, 0x68, 0xe4, 0xea, 0x9a, 0x9f, 0x9e, 0xbc, 0xbc, 0xbc, 0xbc, 0x9e, 0x9e
    db 0xbc, 0xbc, 0xbc, 0x9e, 0x9e, 0x9f, 0x9f, 0xe8, 0xe7, 0xe7, 0x42, 0x45, 0x48, 0x5a, 0x5a, 0x5a
    db 0x4b, 0x4e, 0x44, 0x8a, 0x62, 0x44, 0x48, 0x48, 0x5a, 0x5a, 0x5a, 0x45, 0x41, 0x61, 0x7a, 0x91
    db 0x94, 0x91, 0x8f, 0x86, 0x67, 0x60, 0x42, 0x49, 0x5a, 0x5a, 0x48, 0x48, 0x48, 0x5a, 0x5a, 0x5a
    db 0x5a, 0x4e, 0x5a, 0x5c, 0x41, 0x94, 0x99, 0x5f, 0x6a, 0xf2, 0xdb, 0xd3, 0x9a, 0x9e, 0x9e, 0x9e
    db 0x9e, 0x9a, 0x9a, 0x9a, 0x9a, 0x9a, 0x9a, 0x9f, 0xbf, 0x9a, 0xee, 0xea, 0x65, 0x3f, 0x6a, 0x64
    db 0x47, 0x5d, 0x5f, 0x44, 0x08, 0x95, 0xe8, 0xf5, 0xed, 0xa2, 0xae, 0xa2, 0xe0, 0xfd, 0xf1, 0xc6
    db 0xb8, 0xb9, 0xc5, 0xa4, 0xe3, 0xe8, 0x8c, 0x8d, 0x8d, 0x8c, 0x8b, 0xea, 0xff, 0xeb, 0xa8, 0xb5
    db 0xb8, 0xc5, 0xc5, 0xb0, 0xb0, 0xac, 0xac, 0xac, 0xb9, 0xc5, 0xd6, 0xd9, 0xd9, 0xd7, 0xd6, 0xc5
    db 0xc5, 0xc5, 0xc5, 0xc6, 0xd7, 0xd7, 0xe0, 0xe3, 0xeb, 0xed, 0xed, 0xeb, 0xe3, 0xe0, 0xd7, 0xd6
    db 0xaa, 0xa4, 0xa4, 0xad, 0xb8, 0xab, 0xa7, 0xde, 0xde, 0xe3, 0xe0, 0xa9, 0xb7, 0xab, 0xac, 0xac
    db 0xac, 0xac, 0xac, 0xac, 0xa9, 0xac, 0xab, 0xab, 0xab, 0xc3, 0xf1, 0xff, 0xed, 0xa4, 0xb5, 0xc4
    db 0x2f, 0x2f, 0x2f, 0x2f, 0x2f, 0x2f, 0x2f, 0x2f, 0x2f, 0x2f, 0x2f, 0x2f, 0x2f, 0x2f, 0x2f, 0x2f
    db 0x2f, 0x2f, 0x2f, 0x2f, 0x2f, 0x2f, 0x2f, 0x2f, 0x2f, 0x2f, 0x2f, 0x2f, 0x2f, 0x2f, 0x2f, 0x2f
    db 0x2f, 0x2f, 0x2f, 0x2f, 0x2f, 0x2f, 0x2f, 0x2f, 0x2f, 0x2f, 0x2f, 0x2f, 0x2f, 0x2f, 0x2f, 0x2f
    db 0x2f, 0x2f, 0x2f, 0x2f, 0x37, 0x37, 0x37, 0x37, 0x2f, 0x2f, 0x2f, 0x37, 0x37, 0x37, 0x37, 0x37
    db 0x37, 0x37, 0x37, 0x36, 0x2e, 0x36, 0xc2, 0x6f, 0x6c, 0x83, 0x82, 0x76, 0x76, 0x73, 0x78, 0x7a
    db 0x83, 0x83, 0x88, 0x95, 0xa0, 0x75, 0x71, 0x81, 0x82, 0x71, 0xdb, 0xbc, 0x21, 0x8a, 0x3f, 0x43
    db 0x60, 0x43, 0x7a, 0x88, 0x87, 0x5e, 0x4a, 0x5d, 0x5d, 0x5f, 0x5f, 0x46, 0x98, 0x98, 0x60, 0x41
    db 0x67, 0xe4, 0xea, 0x9a, 0x9f, 0xbc, 0xbc, 0xbc, 0xbc, 0x9e, 0x9e, 0x9e, 0x9e, 0x9e, 0x9e, 0x9e
    db 0x9e, 0xbf, 0xbf, 0xea, 0xd5, 0xe7, 0x5f, 0x45, 0x48, 0x5a, 0x5a, 0x5a, 0x5a, 0x4e, 0x43, 0x6d
    db 0x6d, 0x41, 0x48, 0x5a, 0x5a, 0x5a, 0x5a, 0x5a, 0x5a, 0x45, 0x45, 0x64, 0x6a, 0x65, 0x60, 0x43
    db 0x41, 0x48, 0x5a, 0x5b, 0x5a, 0x5a, 0x5a, 0x5a, 0x5a, 0x5a, 0x5a, 0x5a, 0x5a, 0x5d, 0x5a, 0x41
    db 0x67, 0xe4, 0x7a, 0x3f, 0x89, 0xf4, 0xdb, 0xda, 0x9a, 0x9e, 0x9e, 0x9e, 0x9e, 0x9e, 0x9e, 0x9e
    db 0x9e, 0x9e, 0x9f, 0x9f, 0xbf, 0x9f, 0xee, 0xef, 0x67, 0x5d, 0x8b, 0x61, 0x4a, 0x4d, 0x5d, 0x5f
    db 0x24, 0x3c, 0xf0, 0xf7, 0xed, 0xa8, 0xb1, 0xb8, 0xc6, 0xf3, 0xf7, 0xd9, 0xa9, 0xb9, 0xc5, 0xa3
    db 0xe0, 0xe8, 0x8b, 0x8c, 0x8c, 0x8c, 0x8c, 0xe8, 0xff, 0xe0, 0xa3, 0xb5, 0xae, 0xd6, 0xd6, 0xa6
    db 0xb0, 0xb7, 0xac, 0xac, 0xc5, 0xc6, 0xd9, 0xd9, 0xd9, 0xe0, 0xe3, 0xeb, 0xeb, 0xeb, 0xeb, 0xeb
    db 0xeb, 0xeb, 0xe3, 0xe0, 0xd9, 0xc6, 0xaa, 0xa2, 0xa2, 0xa4, 0xa9, 0xa9, 0xaf, 0xae, 0xb5, 0xb1
    db 0xb8, 0xb1, 0xb5, 0xde, 0xde, 0xe3, 0xe0, 0xa9, 0xb8, 0xad, 0xac, 0xac, 0xac, 0xac, 0xac, 0xac
    db 0xac, 0xac, 0xac, 0xb7, 0xb8, 0xa4, 0xeb, 0xff, 0xf5, 0xd7, 0xa3, 0xa5, 0x2f, 0x2f, 0x2f, 0x2f
    db 0x2f, 0x2f, 0x2f, 0x2f, 0x2f, 0x2f, 0x2f, 0x2f, 0x2f, 0x2f, 0x2f, 0x2f, 0x2f, 0x2f, 0x2f, 0x2f
    db 0x2f, 0x2f, 0x2f, 0x2f, 0x2f, 0x2f, 0x2f, 0x2f, 0x2f, 0x2f, 0x2f, 0x2f, 0x2f, 0x2f, 0x2f, 0x2f
    db 0x2f, 0x2f, 0x2f, 0x2f, 0x2f, 0x2f, 0x2f, 0x2f, 0x2f, 0x2f, 0x2f, 0x2f, 0x2f, 0x2f, 0x2f, 0x2f
    db 0x37, 0x37, 0x37, 0x37, 0x2f, 0x2f, 0x2f, 0x37, 0x37, 0x37, 0x37, 0x37, 0x37, 0x37, 0x37, 0x37
    db 0x28, 0x3f, 0xda, 0x74, 0x88, 0x7b, 0x82, 0x76, 0x76, 0x8a, 0x94, 0x99, 0xc1, 0xd0, 0xda, 0xc2
    db 0x6e, 0x6c, 0x82, 0x81, 0x81, 0x87, 0xf0, 0x40, 0x3c, 0x89, 0x60, 0x46, 0x5c, 0x5b, 0x60, 0x98
    db 0x7a, 0x6e, 0x46, 0x5d, 0x5d, 0x5d, 0x5f, 0x43, 0x90, 0xca, 0x64, 0x3f, 0x67, 0xdb, 0xea, 0x9a
    db 0x9f, 0xbc, 0xbc, 0xbc, 0xbc, 0x9e, 0x9e, 0xbc, 0xbc, 0xbc, 0xbc, 0x9e, 0x9a, 0xd3, 0xd3, 0xea
    db 0x9b, 0xea, 0x61, 0x45, 0x48, 0x5a, 0x5a, 0x5a, 0x5a, 0x4e, 0x4a, 0x61, 0x6d, 0x43, 0x48, 0x5a
    db 0x5a, 0x5a, 0x5a, 0x5a, 0x5a, 0x5b, 0x49, 0x43, 0x42, 0x42, 0x44, 0x48, 0x58, 0x5a, 0x59, 0x59
    db 0x5a, 0x5a, 0x5a, 0x5a, 0x5a, 0x5a, 0x5a, 0x5a, 0x5a, 0x4e, 0x5a, 0x41, 0x98, 0xd5, 0x61, 0x3f
    db 0x98, 0xf3, 0xd3, 0xdb, 0x9a, 0x9e, 0xbc, 0xbc, 0x9e, 0x9e, 0x9e, 0x9e, 0x9e, 0x9e, 0x9f, 0x9f
    db 0xbf, 0xbf, 0xef, 0xee, 0x65, 0x68, 0x98, 0x50, 0x4d, 0x4d, 0x4d, 0x5c, 0x3f, 0x31, 0xd3, 0xff
    db 0xf0, 0xd7, 0xc5, 0xc5, 0xc3, 0xe3, 0xff, 0xeb, 0xa8, 0xb1, 0xac, 0xae, 0xd9, 0xea, 0x8c, 0x8c
    db 0x8c, 0x8c, 0x8c, 0xdb, 0xf6, 0xd7, 0xa3, 0xb5, 0xa6, 0xd6, 0xd6, 0xa6, 0xb0, 0xb0, 0xb7, 0xb8
    db 0xa4, 0xe0, 0xe0, 0xa2, 0xae, 0xa2, 0xa2, 0xa4, 0xc4, 0xc4, 0xa9, 0xa4, 0xa4, 0xa2, 0xa3, 0xa7
    db 0xa3, 0xa7, 0xa7, 0xaf, 0xaf, 0xaf, 0xb4, 0xb7, 0xb1, 0xb5, 0xb7, 0xc4, 0xb7, 0xaa, 0xd6, 0xde
    db 0xde, 0xdf, 0xe3, 0xa9, 0xb8, 0xb8, 0xac, 0xac, 0xac, 0xac, 0xac, 0xac, 0xac, 0xac, 0xc4, 0xaa
    db 0xad, 0xa6, 0xe0, 0xf8, 0xff, 0xed, 0xa8, 0xa5, 0x2f, 0x2f, 0x37, 0x37, 0x2f, 0x2f, 0x2f, 0x2f
    db 0x2f, 0x2f, 0x2f, 0x2f, 0x2f, 0x2f, 0x2f, 0x2f, 0x2f, 0x2f, 0x2f, 0x2f, 0x2f, 0x2f, 0x2f, 0x2f
    db 0x2f, 0x2f, 0x2f, 0x2f, 0x2f, 0x2f, 0x2f, 0x2f, 0x2f, 0x2f, 0x2f, 0x2f, 0x2f, 0x2f, 0x2f, 0x2f
    db 0x2f, 0x2f, 0x2f, 0x2f, 0x2f, 0x37, 0x37, 0x2f, 0x2f, 0x2f, 0x2f, 0x2f, 0x2f, 0x2f, 0x2f, 0x2f
    db 0x2f, 0x37, 0x37, 0x37, 0x37, 0x37, 0x37, 0x37, 0x37, 0x37, 0x38, 0x3a, 0x16, 0x63, 0xe8, 0x92
    db 0xc1, 0x8f, 0x82, 0x83, 0x94, 0xcc, 0xd2, 0xdc, 0x9c, 0x8f, 0x74, 0x68, 0x6c, 0x76, 0x76, 0x82
    db 0x71, 0xe4, 0xbf, 0x08, 0x43, 0x98, 0x6a, 0x41, 0x5b, 0x4b, 0x41, 0x6d, 0x99, 0x7a, 0x6d, 0x58
    db 0x5d, 0x60, 0x5f, 0x42, 0x7a, 0xdb, 0x6d, 0x3f, 0x67, 0xda, 0xea, 0x9b, 0x9e, 0xbc, 0xbc, 0xbc
    db 0xbc, 0xbc, 0xbc, 0xbc, 0xbc, 0xbc, 0x9e, 0x9a, 0x9a, 0xd5, 0xd3, 0xea, 0x94, 0xe8, 0x65, 0x41
    db 0x48, 0x59, 0x5a, 0x5a, 0x5a, 0x4e, 0x4e, 0x44, 0x68, 0x60, 0x45, 0x48, 0x48, 0x5a, 0x5a, 0x5a
    db 0x5a, 0x5a, 0x48, 0x47, 0x47, 0x47, 0x47, 0x47, 0x47, 0x59, 0x59, 0x59, 0x5a, 0x5a, 0x5a, 0x5a
    db 0x5a, 0x59, 0x59, 0x47, 0x47, 0x59, 0x41, 0x68, 0xe5, 0x86, 0x41, 0x42, 0x99, 0xef, 0xd3, 0xe5
    db 0x9a, 0x9f, 0x9e, 0x9e, 0x9e, 0x9e, 0x9e, 0x9e, 0x9e, 0xbc, 0xbc, 0x9f, 0xbf, 0xbc, 0xef, 0xe7
    db 0x64, 0x89, 0x8a, 0x43, 0x59, 0x59, 0x4d, 0x5b, 0x41, 0x60, 0x92, 0xf5, 0xf1, 0xe0, 0xd6, 0xc5
    db 0xc4, 0xc6, 0xf3, 0xf1, 0xa8, 0xa7, 0xaa, 0xa2, 0xd9, 0xee, 0x8c, 0x8d, 0x8c, 0x8d, 0x8c, 0xd3
    db 0xf1, 0xc3, 0xae, 0xb2, 0xae, 0xd6, 0xd6, 0xae, 0xb9, 0xb0, 0xb0, 0xb0, 0xa2, 0xe3, 0xe0, 0xa2
    db 0xae, 0xae, 0xb0, 0xb0, 0xb0, 0xb0, 0xae, 0xae, 0xb1, 0xa7, 0xa6, 0xa6, 0xa6, 0xa6, 0xb1, 0xb1
    db 0xb0, 0xb0, 0xaf, 0xb5, 0xb4, 0xb0, 0xb7, 0xa9, 0xaf, 0xc5, 0xe2, 0xe2, 0xe2, 0xdf, 0xe3, 0xaa
    db 0xb7, 0xb1, 0xb0, 0xb0, 0xb0, 0xb0, 0xac, 0xc4, 0xad, 0xad, 0xac, 0xd7, 0xc4, 0xae, 0xc6, 0xf4
    db 0xff, 0xf5, 0xd7, 0xa4, 0x2f, 0x37, 0x37, 0x37, 0x37, 0x2f, 0x2f, 0x2f, 0x2f, 0x2f, 0x2f, 0x2f
    db 0x2f, 0x2f, 0x2f, 0x2f, 0x2f, 0x2f, 0x2f, 0x2f, 0x2f, 0x2f, 0x2f, 0x2f, 0x2f, 0x2f, 0x2f, 0x2f
    db 0x2f, 0x2f, 0x2f, 0x2f, 0x2f, 0x2f, 0x2f, 0x2f, 0x2f, 0x2f, 0x2f, 0x2f, 0x2f, 0x2f, 0x2f, 0x2f
    db 0x2f, 0x2f, 0x2f, 0x2f, 0x2f, 0x2f, 0x2f, 0x2f, 0x2f, 0x2f, 0x2f, 0x2f, 0x2f, 0x37, 0x37, 0x37
    db 0x37, 0x37, 0x37, 0x37, 0x37, 0x38, 0x38, 0x27, 0x62, 0x97, 0x61, 0x08, 0x40, 0xd0, 0x8e, 0x98
    db 0xd5, 0xdc, 0xda, 0x6c, 0x63, 0x68, 0x6c, 0x75, 0x81, 0x73, 0x73, 0x72, 0x87, 0xee, 0x3f, 0x0d
    db 0x50, 0x94, 0x87, 0x3f, 0x64, 0x61, 0x46, 0x4a, 0x8f, 0x91, 0x7a, 0x6a, 0x67, 0x5a, 0x5d, 0x42
    db 0x68, 0xe5, 0x8a, 0x42, 0x67, 0xdb, 0xea, 0xa0, 0x9e, 0xbc, 0xbc, 0xbc, 0xbc, 0xbc, 0xbc, 0xbc
    db 0xbc, 0xbc, 0xbc, 0x9e, 0x9a, 0xdb, 0xd5, 0xea, 0x92, 0xe7, 0x6d, 0x41, 0x47, 0x47, 0x59, 0x5a
    db 0x5a, 0x4e, 0x4e, 0x4a, 0x62, 0x61, 0x45, 0x48, 0x48, 0x5a, 0x5a, 0x5a, 0x5a, 0x5a, 0x48, 0x47
    db 0x47, 0x47, 0x47, 0x47, 0x47, 0x59, 0x59, 0x59, 0x5a, 0x5a, 0x5a, 0x5a, 0x5a, 0x59, 0x47, 0x47
    db 0x47, 0x59, 0x41, 0x99, 0xce, 0x61, 0x48, 0x60, 0xce, 0xef, 0xd3, 0xe7, 0x9a, 0x9f, 0x9e, 0x9e
    db 0x9e, 0x9e, 0x9e, 0x9e, 0x9e, 0x9e, 0x9f, 0x9f, 0xbf, 0xbf, 0xef, 0xc8, 0x61, 0xc8, 0x6d, 0x46
    db 0x5d, 0x59, 0x4a, 0x5b, 0x44, 0x6a, 0x8a, 0xf2, 0xf1, 0xe0, 0xd6, 0xc5, 0xc5, 0xa4, 0xeb, 0xf5
    db 0xd7, 0xa2, 0xaa, 0xb5, 0xd7, 0xee, 0x8c, 0x8c, 0x8d, 0x8c, 0x8c, 0x9f, 0xf0, 0xc3, 0xb2, 0xae
    db 0xa9, 0xd6, 0xc5, 0xb0, 0xb9, 0xb0, 0xb0, 0xb7, 0xa1, 0xeb, 0xd9, 0xa2, 0xa6, 0xa6, 0xb0, 0xb0
    db 0xb0, 0xb0, 0xb0, 0xb0, 0xb0, 0xb0, 0xa6, 0xa6, 0xa6, 0xa6, 0xb0, 0xb0, 0xb0, 0xb0, 0xb0, 0xb7
    db 0xaa, 0xaa, 0xb7, 0xad, 0xa7, 0xd6, 0xe2, 0xe2, 0xe2, 0xdf, 0xeb, 0xc3, 0xb7, 0xb1, 0xb0, 0xb0
    db 0xb0, 0xb0, 0xb5, 0xc4, 0xb1, 0xa7, 0xd7, 0xf0, 0xc6, 0xb2, 0xc4, 0xf3, 0xff, 0xff, 0xed, 0xa8
    db 0x2f, 0x37, 0x37, 0x37, 0x37, 0x2f, 0x2f, 0x2f, 0x2f, 0x2f, 0x2f, 0x2f, 0x2f, 0x2f, 0x2f, 0x2f
    db 0x2f, 0x2f, 0x2f, 0x2f, 0x2f, 0x2f, 0x2f, 0x2f, 0x2f, 0x2f, 0x2f, 0x2f, 0x2f, 0x2f, 0x2f, 0x2f
    db 0x2f, 0x2f, 0x2f, 0x2f, 0x2f, 0x2f, 0x2f, 0x2f, 0x2f, 0x2f, 0x2f, 0x2f, 0x2f, 0x2f, 0x2f, 0x2f
    db 0x2f, 0x2f, 0x2f, 0x2f, 0x2f, 0x2f, 0x2f, 0x37, 0x37, 0x37, 0x37, 0x37, 0x37, 0x37, 0x37, 0x37
    db 0x37, 0x3a, 0x1f, 0x54, 0x9c, 0x3c, 0x08, 0x0d, 0x08, 0x6a, 0xda, 0xd1, 0xd5, 0xe6, 0x6c, 0x65
    db 0x76, 0x82, 0x76, 0x81, 0x81, 0x73, 0x72, 0x6e, 0xd5, 0xbf, 0x08, 0x23, 0x60, 0x89, 0x98, 0x3f
    db 0x67, 0x6d, 0x41, 0x45, 0x68, 0x90, 0x6d, 0x86, 0x94, 0x64, 0x41, 0x42, 0x62, 0xe7, 0x98, 0x61
    db 0x67, 0xd5, 0xea, 0xa0, 0x9e, 0xbc, 0xbc, 0xbc, 0xbc, 0xbc, 0xbc, 0xbc, 0xbc, 0xbc, 0xbc, 0x9e
    db 0x9e, 0xd3, 0xe7, 0xe5, 0x8f, 0xe5, 0x77, 0x41, 0x47, 0x47, 0x59, 0x5a, 0x5a, 0x4e, 0x4e, 0x4e
    db 0x4e, 0x5d, 0x48, 0x48, 0x5a, 0x5a, 0x5a, 0x5a, 0x5a, 0x5a, 0x59, 0x47, 0x47, 0x47, 0x47, 0x47
    db 0x47, 0x47, 0x47, 0x47, 0x48, 0x48, 0x48, 0x48, 0x48, 0x47, 0x47, 0x47, 0x47, 0x41, 0x67, 0xe7
    db 0x86, 0x44, 0x5d, 0x64, 0xd5, 0xee, 0xd3, 0xe7, 0x9f, 0x9f, 0x9e, 0x9e, 0x9e, 0x9e, 0x9e, 0x9e
    db 0x9a, 0x9e, 0x9f, 0x9f, 0xbf, 0xd3, 0xef, 0x8e, 0x65, 0xa0, 0x60, 0x59, 0x5d, 0x5d, 0x5f, 0x44
    db 0x6a, 0x6d, 0xc0, 0xea, 0xf1, 0xe1, 0xd6, 0xb6, 0xb8, 0xae, 0xd7, 0xf5, 0xe3, 0xa2, 0xb9, 0xb9
    db 0xc6, 0xef, 0x95, 0x8c, 0x8d, 0x8c, 0x8c, 0x95, 0xf0, 0xc6, 0xa7, 0xa7, 0xc5, 0xdf, 0xaa, 0xb1
    db 0xb0, 0xb0, 0xb0, 0xab, 0xa1, 0xeb, 0xe0, 0xa2, 0xa6, 0xa6, 0xa6, 0xb0, 0xb0, 0xb7, 0xb7, 0xb7
    db 0xb7, 0xb7, 0xa6, 0xa6, 0xb0, 0xb0, 0xa6, 0xb0, 0xb0, 0xb0, 0xb0, 0xb5, 0xb1, 0xb1, 0xb1, 0xa2
    db 0xb2, 0xde, 0xde, 0xe2, 0xe2, 0xdf, 0xe3, 0xc4, 0xaf, 0xb1, 0xb0, 0xb0, 0xb0, 0xb0, 0xb1, 0xb7
    db 0xb1, 0xa8, 0xe3, 0xf3, 0xc6, 0xaf, 0xa9, 0xf0, 0xff, 0xfc, 0xf5, 0xd8, 0x2f, 0x37, 0x37, 0x37
    db 0x37, 0x2f, 0x2f, 0x2f, 0x2f, 0x2f, 0x2f, 0x2f, 0x2f, 0x2f, 0x2f, 0x2f, 0x2f, 0x2f, 0x2f, 0x2f
    db 0x2f, 0x2f, 0x2f, 0x2f, 0x2f, 0x2f, 0x2f, 0x2f, 0x2f, 0x2f, 0x2f, 0x2f, 0x2f, 0x2f, 0x2f, 0x2f
    db 0x2f, 0x2f, 0x2f, 0x2f, 0x2f, 0x2f, 0x2f, 0x2f, 0x2f, 0x2f, 0x2f, 0x2f, 0x2f, 0x2f, 0x2f, 0x2f
    db 0x2f, 0x2f, 0x2f, 0x37, 0x37, 0x37, 0x37, 0x37, 0x37, 0x37, 0x37, 0x37, 0x37, 0x2a, 0x3c, 0xc2
    db 0x40, 0x08, 0x0d, 0x08, 0x22, 0x66, 0xda, 0xd4, 0xe5, 0xba, 0x63, 0x8e, 0x92, 0x8e, 0x82, 0x71
    db 0x73, 0x73, 0x71, 0x76, 0xef, 0x40, 0x08, 0x3c, 0x5e, 0x86, 0xca, 0x60, 0x5f, 0x89, 0x60, 0x5b
    db 0x50, 0x89, 0x6d, 0x67, 0x6d, 0x89, 0x45, 0x41, 0x5e, 0xd5, 0xd3, 0x6a, 0x67, 0xd1, 0xee, 0xa0
    db 0x9e, 0xbc, 0xbc, 0xbc, 0xbc, 0xbc, 0xbc, 0xbc, 0xbc, 0xbc, 0xbc, 0x9e, 0xc0, 0xd3, 0xea, 0xc8
    db 0x8f, 0xd5, 0x87, 0x41, 0x47, 0x47, 0x59, 0x5a, 0x5a, 0x4e, 0x4e, 0x4e, 0x4e, 0x5a, 0x48, 0x48
    db 0x5a, 0x5a, 0x5a, 0x5a, 0x5a, 0x5a, 0x5a, 0x59, 0x47, 0x47, 0x47, 0x47, 0x47, 0x47, 0x47, 0x47
    db 0x45, 0x48, 0x48, 0x48, 0x48, 0x47, 0x47, 0x47, 0x47, 0x3f, 0x8f, 0xdb, 0x60, 0x5d, 0x58, 0x6d
    db 0xce, 0xee, 0xd3, 0xe4, 0x9f, 0x9f, 0x9e, 0x9e, 0x9e, 0x9e, 0x9e, 0x9e, 0x9a, 0x9a, 0x9f, 0x9f
    db 0xbf, 0xe5, 0xee, 0x6a, 0x87, 0x87, 0x41, 0x5d, 0x5d, 0x5d, 0x5f, 0x61, 0x6e, 0x86, 0xc8, 0xdb
    db 0xf2, 0xe3, 0xd6, 0xa3, 0xa5, 0xae, 0xa8, 0xf0, 0xf1, 0xc3, 0xb9, 0xb9, 0xc5, 0xed, 0x97, 0x8c
    db 0x8c, 0x8c, 0x8c, 0x8c, 0xef, 0xd7, 0xb7, 0xb8, 0xc6, 0xdf, 0xa4, 0xa6, 0xb0, 0xb0, 0xb0, 0xa6
    db 0xa1, 0xeb, 0xe0, 0xa2, 0xaf, 0xa6, 0xa6, 0xb0, 0xb0, 0xac, 0xac, 0xac, 0xac, 0xac, 0xb0, 0xb0
    db 0xb0, 0xb0, 0xa6, 0xb0, 0xa6, 0xa6, 0xa5, 0xa5, 0xaa, 0xc4, 0xd6, 0xd7, 0xdf, 0xe3, 0xe3, 0xe2
    db 0xe2, 0xdf, 0xe3, 0xc5, 0xa6, 0xb5, 0xb0, 0xb0, 0xb0, 0xb0, 0xb1, 0xad, 0xad, 0xc3, 0xf1, 0xf0
    db 0xa9, 0xb7, 0xa8, 0xeb, 0xfe, 0xf9, 0xfe, 0xf0, 0x2f, 0x37, 0x37, 0x37, 0x2f, 0x2f, 0x2f, 0x2f
    db 0x2f, 0x2f, 0x2f, 0x2f, 0x2f, 0x2f, 0x2f, 0x2f, 0x2f, 0x2f, 0x2f, 0x2f, 0x2f, 0x2f, 0x2f, 0x2f
    db 0x2f, 0x2f, 0x2f, 0x2f, 0x2f, 0x2f, 0x2f, 0x2f, 0x2f, 0x2f, 0x2f, 0x2f, 0x2f, 0x2f, 0x2f, 0x2f
    db 0x2f, 0x2f, 0x2f, 0x2f, 0x2f, 0x2f, 0x2f, 0x2f, 0x2f, 0x2f, 0x2f, 0x2f, 0x37, 0x37, 0x2f, 0x2f
    db 0x37, 0x37, 0x37, 0x37, 0x37, 0x37, 0x37, 0x3a, 0x37, 0x27, 0x8e, 0x74, 0x08, 0x0d, 0x0d, 0x3f
    db 0x65, 0x67, 0xba, 0xd2, 0xe5, 0x84, 0x92, 0x8e, 0x6c, 0x92, 0xc2, 0x95, 0x72, 0x71, 0x6e, 0xd3
    db 0xdb, 0x08, 0x0d, 0x41, 0x41, 0x6a, 0xd5, 0x68, 0x3f, 0x7a, 0x7a, 0x4b, 0x43, 0x67, 0x99, 0x61
    db 0x50, 0x89, 0x86, 0x41, 0x45, 0x98, 0xe8, 0x88, 0x68, 0xce, 0xef, 0xbc, 0x9e, 0xbc, 0xbc, 0xbc
    db 0xbc, 0xbc, 0xbc, 0xbc, 0xbc, 0xbc, 0xbc, 0x9f, 0xce, 0xbf, 0xee, 0x91, 0x86, 0xce, 0x89, 0x3f
    db 0x48, 0x48, 0x5a, 0x5a, 0x5a, 0x5a, 0x5a, 0x5a, 0x5a, 0x5a, 0x5a, 0x5a, 0x5a, 0x5a, 0x5a, 0x5a
    db 0x5a, 0x5a, 0x5a, 0x5a, 0x5a, 0x48, 0x48, 0x45, 0x45, 0x45, 0x48, 0x48, 0x48, 0x48, 0x48, 0x48
    db 0x5a, 0x59, 0x47, 0x47, 0x45, 0x61, 0x98, 0x6e, 0x42, 0x5f, 0x42, 0x87, 0xc0, 0xea, 0xdb, 0xe4
    db 0xbf, 0x9f, 0x9e, 0x9e, 0x9e, 0x9e, 0x9e, 0x9a, 0x9a, 0x9a, 0x9e, 0x9f, 0xbf, 0xea, 0xe7, 0x65
    db 0x91, 0x64, 0x42, 0x4a, 0x5b, 0x5f, 0x5d, 0x6e, 0x6c, 0x90, 0x91, 0xc8, 0xf2, 0xe9, 0xc5, 0xa2
    db 0xa6, 0xaf, 0xa1, 0xe0, 0xf8, 0xd9, 0xb0, 0xb6, 0xc4, 0xed, 0x9b, 0x8c, 0x8c, 0x8d, 0x8c, 0x8c
    db 0xef, 0xd9, 0xa5, 0xc5, 0xc5, 0xe0, 0xa4, 0xae, 0xa6, 0xb0, 0xb7, 0xab, 0xa1, 0xe3, 0xe0, 0xa4
    db 0xb9, 0xb7, 0xb7, 0xb7, 0xab, 0xad, 0xad, 0xad, 0xad, 0xad, 0xaf, 0xa9, 0xaf, 0xa9, 0xaa, 0xc5
    db 0xc5, 0xd6, 0xd9, 0xe0, 0xe3, 0xe3, 0xe0, 0xe0, 0xe2, 0xe2, 0xe2, 0xde, 0xde, 0xdf, 0xeb, 0xc6
    db 0xaf, 0xb0, 0xb0, 0xb7, 0xac, 0xab, 0xb8, 0xaa, 0xae, 0xc6, 0xf5, 0xed, 0xa4, 0xc5, 0xa4, 0xe3
    db 0xfe, 0xfa, 0xf9, 0xf7, 0x2f, 0x37, 0x37, 0x37, 0x2f, 0x2f, 0x2f, 0x2f, 0x2f, 0x2f, 0x2f, 0x2f
    db 0x2f, 0x2f, 0x2f, 0x2f, 0x2f, 0x2f, 0x2f, 0x2f, 0x2f, 0x2f, 0x2f, 0x2f, 0x2f, 0x2f, 0x2f, 0x2f
    db 0x2f, 0x2a, 0x2a, 0x2f, 0x2f, 0x2f, 0x2f, 0x2f, 0x2f, 0x2f, 0x2f, 0x2f, 0x2f, 0x2f, 0x2f, 0x2f
    db 0x2f, 0x2f, 0x2f, 0x2f, 0x37, 0x2f, 0x2f, 0x2f, 0x37, 0x37, 0x2f, 0x2f, 0x37, 0x37, 0x37, 0x37
    db 0x37, 0x37, 0x37, 0x37, 0x29, 0x40, 0xbe, 0x1e, 0x0d, 0x3f, 0x67, 0x6a, 0x67, 0x66, 0xba, 0xd2
    db 0xda, 0xc1, 0x84, 0x0d, 0x08, 0x16, 0x3c, 0x8f, 0xd0, 0x81, 0x71, 0xef, 0x54, 0x08, 0x2c, 0x49
    db 0x41, 0x65, 0xc1, 0x90, 0x41, 0x61, 0xa0, 0x64, 0x41, 0x41, 0x8a, 0x8a, 0x43, 0x65, 0x94, 0x6a
    db 0x41, 0x86, 0xea, 0x98, 0x7a, 0xca, 0xef, 0xc0, 0xbc, 0xbc, 0xbc, 0xbc, 0xbc, 0xbc, 0xbc, 0xbc
    db 0xbc, 0xbc, 0xbc, 0x9f, 0xbf, 0xd3, 0xee, 0x86, 0x6d, 0xc8, 0x91, 0x3f, 0x48, 0x48, 0x5a, 0x5a
    db 0x5a, 0x5a, 0x5a, 0x5a, 0x5a, 0x5a, 0x5a, 0x5a, 0x5a, 0x5a, 0x5a, 0x5a, 0x5a, 0x5a, 0x5a, 0x5a
    db 0x5a, 0x48, 0x48, 0x45, 0x45, 0x45, 0x48, 0x48, 0x48, 0x48, 0x48, 0x5a, 0x5a, 0x59, 0x47, 0x59
    db 0x41, 0x6d, 0x89, 0x4a, 0x5d, 0x5c, 0x41, 0x94, 0x98, 0xe8, 0xe5, 0xdb, 0xbf, 0x9d, 0x9e, 0x9e
    db 0x9e, 0x9e, 0x9e, 0x9a, 0x9a, 0x9a, 0x9e, 0x9f, 0xd3, 0xf2, 0x98, 0x6a, 0x98, 0x61, 0x43, 0x4a
    db 0x5b, 0x45, 0x68, 0x77, 0x99, 0x6a, 0x98, 0x98, 0xef, 0xec, 0xc5, 0xa2, 0xa4, 0xa5, 0xae, 0xc6
    db 0xf3, 0xeb, 0xa4, 0xb9, 0xa9, 0xed, 0xce, 0x8c, 0x8d, 0x8c, 0x8c, 0x8c, 0xea, 0xec, 0xe3, 0xd6
    db 0xc5, 0xe3, 0xa8, 0xa5, 0xa6, 0xb0, 0xac, 0xac, 0xa2, 0xe3, 0xe3, 0xc6, 0xc5, 0xb7, 0xa5, 0xa7
    db 0xae, 0xac, 0xac, 0xa9, 0xc4, 0xc5, 0xc5, 0xd6, 0xd6, 0xd6, 0xd9, 0xd9, 0xd9, 0xd7, 0xd6, 0xc5
    db 0xc5, 0xaa, 0xa2, 0xd6, 0xe2, 0xe2, 0xde, 0xde, 0xde, 0xde, 0xeb, 0xd7, 0xa6, 0xb0, 0xb0, 0xb7
    db 0xac, 0xac, 0xb7, 0xaa, 0xa2, 0xe3, 0xff, 0xeb, 0xa4, 0xc5, 0xaa, 0xd9, 0xf6, 0xff, 0xf9, 0xf7
    db 0x2f, 0x37, 0x37, 0x2f, 0x2f, 0x2f, 0x2f, 0x2f, 0x2f, 0x2f, 0x2f, 0x2f, 0x2f, 0x2f, 0x2f, 0x2f
    db 0x2f, 0x2f, 0x2f, 0x2f, 0x2f, 0x2f, 0x2f, 0x2f, 0x2f, 0x2f, 0x2f, 0x2f, 0x2f, 0x2f, 0x2f, 0x2f
    db 0x2f, 0x2f, 0x2f, 0x2f, 0x2f, 0x2f, 0x2f, 0x2f, 0x2f, 0x2f, 0x2f, 0x2f, 0x2f, 0x2f, 0x2f, 0x2f
    db 0x2f, 0x2f, 0x37, 0x37, 0x37, 0x37, 0x2f, 0x2f, 0x2f, 0x37, 0x37, 0x37, 0x37, 0x37, 0x37, 0x37
    db 0x16, 0x6c, 0x84, 0x1e, 0x62, 0x6a, 0x69, 0x67, 0x67, 0x67, 0xbe, 0xd2, 0xe6, 0x8e, 0x08, 0x0d
    db 0x1e, 0x1e, 0x0d, 0x3c, 0xd4, 0x99, 0xbf, 0xe8, 0x08, 0x08, 0x3f, 0x49, 0x41, 0x61, 0x94, 0xca
    db 0x4f, 0x41, 0x87, 0x8b, 0x41, 0x43, 0x60, 0x99, 0x61, 0x3c, 0x6f, 0xc0, 0x64, 0x67, 0xe8, 0xce
    db 0x8f, 0xc8, 0xef, 0xc0, 0x9e, 0x9e, 0xbc, 0xbc, 0xbc, 0xbc, 0xbc, 0xbc, 0xbc, 0xbc, 0xbc, 0xbc
    db 0xbf, 0xe7, 0xe7, 0x6d, 0x68, 0xc0, 0x94, 0x3f, 0x45, 0x45, 0x48, 0x48, 0x5a, 0x5a, 0x5a, 0x5a
    db 0x5a, 0x5a, 0x5a, 0x5a, 0x5a, 0x5a, 0x5a, 0x5a, 0x5a, 0x5a, 0x5a, 0x5a, 0x5a, 0x48, 0x48, 0x48
    db 0x48, 0x48, 0x48, 0x48, 0x48, 0x48, 0x48, 0x5a, 0x5a, 0x47, 0x47, 0x45, 0x45, 0x8a, 0x67, 0x44
    db 0x5d, 0x5d, 0x44, 0xce, 0x91, 0xe5, 0xea, 0xda, 0xd3, 0x9f, 0x9e, 0x9e, 0x9e, 0x9e, 0x9e, 0x9a
    db 0x9a, 0x9a, 0x9e, 0x9e, 0xdb, 0xf2, 0x87, 0x8f, 0xa0, 0x60, 0x44, 0x5a, 0x44, 0x49, 0x88, 0xd3
    db 0x6a, 0x68, 0x98, 0x8f, 0xee, 0xf1, 0xc5, 0xa2, 0xa4, 0xb4, 0xb5, 0xac, 0xe0, 0xe3, 0xc4, 0xb9
    db 0xa2, 0xeb, 0xdb, 0x8c, 0x8c, 0x8c, 0x8c, 0x8c, 0xe8, 0xf3, 0xe1, 0xe0, 0xc3, 0xeb, 0xaa, 0xa3
    db 0xa5, 0xac, 0xac, 0xc5, 0xa4, 0xe0, 0xe3, 0xdf, 0xdf, 0xdf, 0xd9, 0xc5, 0xc5, 0xc5, 0xd6, 0xd6
    db 0xd6, 0xd6, 0xd6, 0xd6, 0xc5, 0xc5, 0xc4, 0xa8, 0xaa, 0xaf, 0xa6, 0xa6, 0xb0, 0xa6, 0xae, 0xde
    db 0xe2, 0xe2, 0xe2, 0xde, 0xde, 0xde, 0xeb, 0xd7, 0xa6, 0xb0, 0xb0, 0xb7, 0xa9, 0xa9, 0xac, 0xad
    db 0xa8, 0xf0, 0xff, 0xe3, 0xa3, 0xb9, 0xb9, 0xc6, 0xf4, 0xff, 0xfe, 0xfc, 0x2f, 0x37, 0x37, 0x37
    db 0x2f, 0x2f, 0x2f, 0x2f, 0x2f, 0x2f, 0x2f, 0x2f, 0x2f, 0x2f, 0x2f, 0x2f, 0x2f, 0x2f, 0x2f, 0x2f
    db 0x2f, 0x2f, 0x2f, 0x2f, 0x2f, 0x2f, 0x2f, 0x2f, 0x2f, 0x2f, 0x2f, 0x2f, 0x2f, 0x2f, 0x2f, 0x2f
    db 0x2f, 0x2f, 0x37, 0x37, 0x37, 0x37, 0x2f, 0x2f, 0x2f, 0x2f, 0x2f, 0x2f, 0x2f, 0x2f, 0x37, 0x37
    db 0x37, 0x37, 0x2f, 0x2f, 0x37, 0x37, 0x37, 0x37, 0x37, 0x37, 0x37, 0x37, 0x0d, 0x87, 0x6e, 0x66
    db 0x6d, 0x6e, 0x84, 0x8e, 0xba, 0xc2, 0xd4, 0xda, 0xc2, 0x36, 0x08, 0x0d, 0x0d, 0x0d, 0x3b, 0x66
    db 0x92, 0xd4, 0xef, 0x71, 0x08, 0x2e, 0x50, 0x58, 0x45, 0x45, 0x87, 0xdb, 0x68, 0x41, 0x61, 0x98
    db 0x6d, 0x3f, 0x3f, 0x6e, 0x90, 0x3f, 0x61, 0xd5, 0x98, 0x61, 0xc0, 0xe8, 0x8f, 0xc1, 0xef, 0xc1
    db 0x9e, 0x9e, 0xbc, 0xbc, 0xbc, 0xbc, 0xbc, 0xbc, 0xbc, 0xbc, 0xbc, 0xbf, 0x9a, 0xea, 0xd0, 0x67
    db 0x65, 0x99, 0x94, 0x3f, 0x48, 0x48, 0x48, 0x5a, 0x5a, 0x5a, 0x5a, 0x5a, 0x5a, 0x48, 0x48, 0x48
    db 0x48, 0x48, 0x48, 0x48, 0x5a, 0x5a, 0x5a, 0x5a, 0x5a, 0x48, 0x48, 0x5a, 0x5a, 0x5a, 0x48, 0x48
    db 0x48, 0x48, 0x48, 0x5a, 0x5a, 0x59, 0x47, 0x45, 0x61, 0x86, 0x47, 0x5d, 0x4e, 0x4a, 0x61, 0xe4
    db 0x8f, 0xce, 0xee, 0xd3, 0xd3, 0x9f, 0x9e, 0x9a, 0x9a, 0x9a, 0x9a, 0x9a, 0x9a, 0x9a, 0x9e, 0x9a
    db 0xe7, 0xea, 0x86, 0xdb, 0x86, 0x43, 0x4e, 0x49, 0x41, 0x6e, 0xd3, 0x83, 0x3f, 0x86, 0x78, 0x8a
    db 0xea, 0xf4, 0xc5, 0xa7, 0xb0, 0xaa, 0xac, 0xc5, 0xc4, 0xc5, 0xc5, 0xaf, 0xa1, 0xe3, 0xe7, 0x8c
    db 0x8c, 0x8c, 0x8c, 0x8c, 0xe7, 0xec, 0xa8, 0xdf, 0xc3, 0xe3, 0xa4, 0xa3, 0xa9, 0xac, 0xac, 0xac
    db 0xa6, 0xd7, 0xd7, 0xa2, 0xa8, 0xc4, 0xd6, 0xd6, 0xd6, 0xc5, 0xc5, 0xc5, 0xa9, 0xa9, 0xaf, 0xa3
    db 0xa5, 0xa6, 0xa6, 0xaf, 0xaf, 0xaf, 0xb7, 0xaa, 0xaa, 0xaa, 0xc5, 0xe2, 0xe2, 0xe2, 0xe2, 0xde
    db 0xde, 0xde, 0xeb, 0xd7, 0xa3, 0xb0, 0xb0, 0xb7, 0xac, 0xa9, 0xac, 0xad, 0xc6, 0xf4, 0xff, 0xe3
    db 0xa3, 0xb9, 0xb8, 0xc3, 0xf1, 0xff, 0xfe, 0xfb, 0x37, 0x37, 0x37, 0x37, 0x37, 0x2f, 0x2f, 0x2f
    db 0x2f, 0x2f, 0x2f, 0x2f, 0x2f, 0x2f, 0x2f, 0x2f, 0x2f, 0x2f, 0x2f, 0x2f, 0x2f, 0x2f, 0x2f, 0x2f
    db 0x2f, 0x2f, 0x2f, 0x2f, 0x2f, 0x2f, 0x2f, 0x2f, 0x2f, 0x2f, 0x2f, 0x2f, 0x2f, 0x2f, 0x37, 0x37
    db 0x37, 0x37, 0x37, 0x37, 0x37, 0x37, 0x37, 0x2f, 0x2f, 0x2f, 0x2f, 0x37, 0x37, 0x37, 0x37, 0x37
    db 0x37, 0x37, 0x37, 0x37, 0x37, 0x37, 0x37, 0x3a, 0x1e, 0x62, 0x95, 0xba, 0xba, 0xba, 0x97, 0x8a
    db 0x68, 0x6c, 0xd3, 0xe8, 0x68, 0x08, 0x0d, 0x0d, 0x0d, 0x1e, 0x63, 0x6a, 0x87, 0xe7, 0xef, 0x31
    db 0x0d, 0x3f, 0x5f, 0x5c, 0x5a, 0x41, 0x6d, 0xc1, 0x8f, 0x3f, 0x3f, 0x7a, 0x91, 0x64, 0x41, 0x49
    db 0x98, 0x68, 0x3f, 0x6d, 0xe7, 0x87, 0x7a, 0xea, 0x91, 0xc0, 0xef, 0xce, 0x9d, 0x9f, 0xbc, 0xbc
    db 0xbc, 0xbc, 0xbc, 0xbc, 0xbc, 0xbc, 0x9e, 0xd3, 0x9f, 0xee, 0x94, 0x61, 0x65, 0x98, 0x91, 0x41
    db 0x48, 0x48, 0x5a, 0x5a, 0x5a, 0x5a, 0x5a, 0x5a, 0x48, 0x48, 0x48, 0x48, 0x45, 0x45, 0x48, 0x48
    db 0x48, 0x5a, 0x5a, 0x5a, 0x5a, 0x5a, 0x5a, 0x5a, 0x5a, 0x5a, 0x5a, 0x5a, 0x5a, 0x5a, 0x5a, 0x5a
    db 0x5a, 0x5a, 0x5a, 0x47, 0x61, 0x64, 0x47, 0x5a, 0x5a, 0x42, 0x67, 0xe4, 0x8f, 0xc0, 0xee, 0xbf
    db 0xdb, 0x9a, 0x9e, 0x9a, 0x9a, 0x9a, 0x9a, 0x9a, 0x9a, 0x9a, 0x9a, 0x9a, 0xee, 0xce, 0x92, 0xe4
    db 0x61, 0x5f, 0x5d, 0x42, 0x65, 0xd3, 0x98, 0x3f, 0x3f, 0x89, 0x62, 0x87, 0xe7, 0xf3, 0xc6, 0xb8
    db 0xad, 0xaa, 0xad, 0xad, 0xb9, 0xab, 0xab, 0xa7, 0xa2, 0xe0, 0xea, 0x8c, 0x8c, 0x8c, 0x8d, 0x8c
    db 0xd3, 0xed, 0xd7, 0xd7, 0xc6, 0xdf, 0xa4, 0xa9, 0xa9, 0xac, 0xac, 0xac, 0xa6, 0xd6, 0xd6, 0xa7
    db 0xb5, 0xb1, 0xae, 0xa7, 0xb0, 0xb0, 0xb0, 0xb1, 0xb1, 0xa7, 0xa9, 0xa9, 0xa6, 0xa6, 0xa6, 0xa6
    db 0xa6, 0xa9, 0xa9, 0xaf, 0xab, 0xa6, 0xd6, 0xe2, 0xe2, 0xde, 0xde, 0xde, 0xde, 0xde, 0xeb, 0xd9
    db 0xa3, 0xaf, 0xb4, 0xb9, 0xb7, 0xb7, 0xaf, 0xa9, 0xe0, 0xf8, 0xff, 0xe3, 0xa4, 0xb4, 0xb7, 0xa4
    db 0xed, 0xff, 0xfa, 0xfb, 0x37, 0x37, 0x37, 0x37, 0x37, 0x2f, 0x2f, 0x2f, 0x2f, 0x2f, 0x2f, 0x2f
    db 0x2f, 0x2f, 0x2f, 0x2f, 0x2f, 0x2f, 0x2f, 0x2f, 0x2f, 0x2f, 0x2f, 0x2f, 0x2f, 0x2f, 0x2f, 0x2f
    db 0x2f, 0x2f, 0x2f, 0x2f, 0x2f, 0x2f, 0x2f, 0x2f, 0x2f, 0x2f, 0x37, 0x37, 0x37, 0x37, 0x37, 0x37
    db 0x37, 0x37, 0x37, 0x2f, 0x2f, 0x2f, 0x37, 0x37, 0x37, 0x37, 0x37, 0x37, 0x37, 0x37, 0x37, 0x37
    db 0x37, 0x37, 0x37, 0x2f, 0x37, 0x1e, 0x3a, 0x3b, 0x3b, 0x3a, 0x2f, 0x1f, 0x29, 0x27, 0x62, 0xda
    db 0x3a, 0x0d, 0x0d, 0x0d, 0x21, 0x63, 0x6a, 0x67, 0x88, 0xef, 0x97, 0x08, 0x2c, 0x60, 0x5f, 0x5d
    db 0x5d, 0x45, 0x65, 0x94, 0xc1, 0x44, 0x41, 0x50, 0x8a, 0x8f, 0x61, 0x48, 0x64, 0x97, 0x4f, 0x41
    db 0x98, 0xe7, 0x86, 0xe5, 0xca, 0xc1, 0xef, 0xd3, 0x9d, 0x9f, 0xbc, 0xbc, 0xbc, 0xbc, 0xbc, 0xbc
    db 0xbc, 0xbc, 0xbc, 0xbf, 0xd3, 0xea, 0x8a, 0x4a, 0x65, 0x94, 0x94, 0x41, 0x48, 0x48, 0x5a, 0x5a
    db 0x5a, 0x5a, 0x5a, 0x5a, 0x48, 0x48, 0x48, 0x48, 0x45, 0x45, 0x48, 0x48, 0x48, 0x5a, 0x5a, 0x5a
    db 0x5a, 0x5a, 0x5a, 0x5a, 0x5a, 0x5a, 0x5a, 0x5a, 0x5a, 0x5a, 0x5a, 0x5a, 0x5a, 0x5a, 0x5a, 0x5a
    db 0x5a, 0x5a, 0x5a, 0x5a, 0x5a, 0x3f, 0x78, 0xd5, 0x87, 0x98, 0xee, 0x9e, 0xda, 0x9a, 0x9e, 0x9a
    db 0x9a, 0x9a, 0x9a, 0x9a, 0x9a, 0x9a, 0x9a, 0x99, 0xee, 0x94, 0xe4, 0x89, 0x44, 0x5f, 0x5d, 0x61
    db 0x98, 0xa0, 0x44, 0x41, 0x61, 0x8f, 0x3f, 0x7a, 0xe4, 0xf1, 0xc3, 0xad, 0xac, 0xb7, 0xb0, 0xb0
    db 0xb4, 0xa6, 0xa6, 0xa7, 0xa2, 0xd9, 0xea, 0x8c, 0x8d, 0x8c, 0x8d, 0x8d, 0x99, 0xf0, 0xe0, 0xa4
    db 0xd7, 0xdf, 0xa4, 0xa9, 0xa9, 0xac, 0xac, 0xac, 0xa6, 0xc5, 0xc5, 0xa6, 0xa6, 0xa6, 0xa6, 0xb0
    db 0xb0, 0xb0, 0xb0, 0xb0, 0xb0, 0xa6, 0xa6, 0xa6, 0xa6, 0xa3, 0xa3, 0xa3, 0xa3, 0xa6, 0xa6, 0xa6
    db 0xa6, 0xb9, 0xde, 0xe2, 0xe2, 0xde, 0xde, 0xde, 0xe2, 0xde, 0xeb, 0xd9, 0xa3, 0xaf, 0xb4, 0xb9
    db 0xb9, 0xb4, 0xb7, 0xc3, 0xed, 0xff, 0xfe, 0xe3, 0xa4, 0xb3, 0xb7, 0xa3, 0xe3, 0xff, 0xfc, 0xfb
    db 0x37, 0x37, 0x37, 0x37, 0x37, 0x2f, 0x2f, 0x2f, 0x2f, 0x2f, 0x2f, 0x2f, 0x2f, 0x2f, 0x2f, 0x2f
    db 0x2f, 0x2f, 0x2f, 0x2f, 0x2f, 0x2f, 0x2f, 0x2f, 0x2f, 0x2f, 0x2f, 0x2f, 0x37, 0x37, 0x37, 0x37
    db 0x37, 0x2f, 0x2f, 0x2f, 0x2f, 0x2f, 0x2f, 0x37, 0x37, 0x37, 0x37, 0x37, 0x2f, 0x37, 0x37, 0x37
    db 0x37, 0x37, 0x37, 0x37, 0x37, 0x37, 0x37, 0x37, 0x37, 0x37, 0x37, 0x37, 0x37, 0x37, 0x37, 0x37
    db 0x37, 0x38, 0x31, 0x2f, 0x29, 0x38, 0x37, 0x37, 0x38, 0x27, 0x84, 0x8a, 0x08, 0x16, 0x20, 0x3f
    db 0x67, 0x67, 0x67, 0x66, 0x92, 0xf2, 0x54, 0x08, 0x3f, 0x60, 0x5d, 0x5d, 0x5d, 0x47, 0x60, 0x89
    db 0xc8, 0x6a, 0x3f, 0x41, 0x64, 0x91, 0x89, 0x5f, 0x42, 0x87, 0x77, 0x3f, 0x4e, 0xe7, 0xd5, 0x98
    db 0xe6, 0xca, 0xf2, 0xdb, 0x9a, 0xbc, 0xbc, 0xbc, 0xbc, 0xbc, 0x9e, 0x9e, 0xbc, 0x9e, 0xbc, 0x9f
    db 0xea, 0xe4, 0x6f, 0x41, 0x64, 0x94, 0x98, 0x41, 0x48, 0x48, 0x5a, 0x5a, 0x5a, 0x5a, 0x5a, 0x5a
    db 0x48, 0x48, 0x48, 0x48, 0x48, 0x48, 0x48, 0x48, 0x48, 0x48, 0x5a, 0x5a, 0x5a, 0x5a, 0x5a, 0x5a
    db 0x5a, 0x5a, 0x5a, 0x48, 0x48, 0x48, 0x48, 0x48, 0x48, 0x5a, 0x5a, 0x48, 0x48, 0x5a, 0x5a, 0x5a
    db 0x5a, 0x3f, 0x8f, 0xc8, 0x6d, 0x94, 0xef, 0x97, 0xdb, 0x9e, 0x9a, 0x9a, 0x9a, 0x9a, 0x9a, 0x9a
    db 0x9a, 0x9a, 0x99, 0xbc, 0xea, 0x94, 0xe7, 0x61, 0x5e, 0x5f, 0x60, 0x89, 0xd3, 0x65, 0x42, 0x41
    db 0x6d, 0x6d, 0x3f, 0x6d, 0xca, 0xf1, 0xc3, 0xad, 0xa9, 0xaf, 0xb0, 0xb0, 0xa6, 0xa6, 0xa6, 0xa7
    db 0xa3, 0xd7, 0xef, 0x8d, 0x8d, 0x8d, 0x8d, 0x8d, 0x8c, 0xef, 0xc6, 0xa7, 0xdf, 0xd9, 0xa4, 0xaf
    db 0xa6, 0xb0, 0xb0, 0xb0, 0xb0, 0xc5, 0xc5, 0xa6, 0xa6, 0xa6, 0xa6, 0xb0, 0xb0, 0xb0, 0xa6, 0xb0
    db 0xb0, 0xb0, 0xb0, 0xb0, 0xb0, 0xa6, 0xa6, 0xa6, 0xa6, 0xa6, 0xa6, 0xa6, 0xa3, 0xd6, 0xe2, 0xe2
    db 0xe2, 0xde, 0xde, 0xde, 0xde, 0xde, 0xe3, 0xdf, 0xa3, 0xaf, 0xb4, 0xb4, 0xb4, 0xb4, 0xab, 0xc6
    db 0xf1, 0xfe, 0xff, 0xe0, 0xa3, 0xaf, 0xac, 0xa9, 0xd9, 0xf6, 0xfc, 0xf8, 0x2f, 0x37, 0x37, 0x37
    db 0x37, 0x2f, 0x2f, 0x2f, 0x2f, 0x2f, 0x2f, 0x2f, 0x2f, 0x2f, 0x2f, 0x2f, 0x2f, 0x2f, 0x2f, 0x2f
    db 0x2f, 0x2f, 0x2f, 0x2f, 0x2f, 0x2f, 0x2f, 0x37, 0x37, 0x37, 0x37, 0x37, 0x37, 0x37, 0x2f, 0x2f
    db 0x2f, 0x2f, 0x2f, 0x37, 0x37, 0x37, 0x37, 0x37, 0x37, 0x37, 0x37, 0x37, 0x37, 0x37, 0x37, 0x37
    db 0x37, 0x37, 0x37, 0x37, 0x37, 0x37, 0x37, 0x37, 0x37, 0x37, 0x37, 0x37, 0x37, 0x37, 0x37, 0x37
    db 0x37, 0x37, 0x37, 0x31, 0x31, 0x16, 0x92, 0x6f, 0x3b, 0x50, 0x66, 0x6a, 0x6c, 0x78, 0x88, 0x94
    db 0xdd, 0xe8, 0x08, 0x16, 0x5e, 0x5f, 0x5d, 0x5d, 0x5d, 0x5d, 0x45, 0x86, 0x98, 0x94, 0x41, 0x49
    db 0x46, 0x67, 0x98, 0x6f, 0x45, 0x60, 0x91, 0x61, 0x3f, 0x6a, 0xee, 0xa0, 0xea, 0xdc, 0xef, 0xe7
    db 0x9a, 0xbc, 0xbc, 0xbc, 0xbc, 0xbc, 0x9e, 0x9e, 0xbc, 0x9a, 0xc0, 0x9e, 0xee, 0xbe, 0x68, 0x41
    db 0x64, 0x94, 0x98, 0x41, 0x48, 0x5a, 0x5a, 0x5a, 0x5a, 0x5a, 0x5a, 0x5a, 0x48, 0x5a, 0x5a, 0x5a
    db 0x48, 0x48, 0x5a, 0x48, 0x48, 0x5a, 0x5a, 0x5a, 0x5a, 0x5a, 0x5a, 0x5a, 0x5a, 0x5a, 0x5a, 0x48
    db 0x48, 0x48, 0x48, 0x48, 0x48, 0x5a, 0x5a, 0x5a, 0x5a, 0x5a, 0x5a, 0x5a, 0x5a, 0x3f, 0x99, 0x98
    db 0x67, 0x91, 0xef, 0x9a, 0xd3, 0x9e, 0x9a, 0x9a, 0x9a, 0x9a, 0x9a, 0x9a, 0x9a, 0x9a, 0x97, 0xd3
    db 0xe7, 0xe5, 0x89, 0x3f, 0x5d, 0x4b, 0x6f, 0xe8, 0x7a, 0x45, 0x5f, 0x43, 0x8a, 0x61, 0x41, 0x6d
    db 0x99, 0xf0, 0xc6, 0xa9, 0xa9, 0xaf, 0xa6, 0xa6, 0xaf, 0xa6, 0xa6, 0xa7, 0xa7, 0xd6, 0xef, 0x95
    db 0x8c, 0x8c, 0x8d, 0x8c, 0x8b, 0xee, 0xd9, 0xa7, 0xe0, 0xd7, 0xa3, 0xa6, 0xa6, 0xb0, 0xb0, 0xb0
    db 0xb0, 0xc5, 0xc5, 0xa6, 0xa6, 0xa6, 0xa6, 0xb0, 0xb0, 0xb0, 0xab, 0xa6, 0xb0, 0xb0, 0xb0, 0xb0
    db 0xb0, 0xaf, 0xa6, 0xa6, 0xa6, 0xa6, 0xa6, 0xa6, 0xa6, 0xde, 0xe2, 0xe2, 0xe2, 0xde, 0xe2, 0xde
    db 0xde, 0xde, 0xe3, 0xd9, 0xa3, 0xaf, 0xb4, 0xb4, 0xb4, 0xaf, 0xa6, 0xd7, 0xf5, 0xf9, 0xfb, 0xd9
    db 0xa7, 0xb0, 0xad, 0xac, 0xc6, 0xf4, 0xf9, 0xf8, 0x2f, 0x37, 0x37, 0x37, 0x37, 0x2f, 0x2f, 0x2f
    db 0x2f, 0x2f, 0x2f, 0x2f, 0x2f, 0x2f, 0x2f, 0x2f, 0x2f, 0x2f, 0x2f, 0x2f, 0x2f, 0x2f, 0x2f, 0x2f
    db 0x2f, 0x2f, 0x37, 0x37, 0x37, 0x37, 0x37, 0x37, 0x37, 0x37, 0x37, 0x37, 0x2f, 0x2f, 0x2f, 0x37
    db 0x37, 0x37, 0x37, 0x37, 0x37, 0x37, 0x37, 0x37, 0x37, 0x37, 0x37, 0x37, 0x37, 0x37, 0x37, 0x37
    db 0x37, 0x37, 0x37, 0x37, 0x37, 0x37, 0x37, 0x37, 0x37, 0x37, 0x36, 0x36, 0x36, 0x36, 0x37, 0x31
    db 0x31, 0x16, 0x88, 0xba, 0x6e, 0x88, 0xba, 0xbe, 0xba, 0x8e, 0x6a, 0x54, 0xe8, 0x82, 0x08, 0x3c
    db 0x5f, 0x59, 0x59, 0x59, 0x59, 0x4a, 0x42, 0x6a, 0x91, 0xce, 0x64, 0x45, 0x48, 0x46, 0x6d, 0x98
    db 0x6a, 0x41, 0x65, 0x7a, 0x45, 0x41, 0xc0, 0xef, 0xe8, 0xea, 0xef, 0xea, 0xa0, 0xbc, 0xbc, 0xbc
    db 0xbc, 0x9e, 0x9e, 0x9e, 0x9f, 0x9f, 0x9f, 0xce, 0xee, 0x91, 0x61, 0x42, 0x64, 0x94, 0x94, 0x4a
    db 0x48, 0x5a, 0x4b, 0x4b, 0x4b, 0x4b, 0x4b, 0x4b, 0x4a, 0x5a, 0x5a, 0x5a, 0x5a, 0x5a, 0x48, 0x48
    db 0x5a, 0x5a, 0x5a, 0x59, 0x59, 0x5d, 0x5d, 0x5a, 0x5a, 0x5a, 0x5a, 0x48, 0x48, 0x48, 0x48, 0x48
    db 0x48, 0x4a, 0x4a, 0x5d, 0x5d, 0x5d, 0x59, 0x5c, 0x59, 0x4a, 0xc8, 0x91, 0x61, 0x8a, 0xee, 0xbf
    db 0x9a, 0x9f, 0x9a, 0x9a, 0x9a, 0x9a, 0x9a, 0x9a, 0x9a, 0x9a, 0x97, 0xe7, 0xef, 0xe8, 0x61, 0x41
    db 0x42, 0x68, 0xe5, 0xca, 0x4e, 0x5f, 0x58, 0x65, 0x8a, 0x41, 0x45, 0x68, 0x94, 0xef, 0xc6, 0xa7
    db 0xa9, 0xa6, 0xa6, 0xa6, 0xaf, 0xaf, 0xa6, 0xb0, 0xb1, 0xc4, 0xf0, 0x97, 0x8c, 0x8d, 0x8d, 0x8c
    db 0x8b, 0xea, 0xe0, 0xa3, 0xe3, 0xc6, 0xa6, 0xa7, 0xb0, 0xb0, 0xb0, 0xb1, 0xa7, 0xc5, 0xb9, 0xa6
    db 0xaf, 0xa6, 0xa6, 0xb5, 0xb5, 0xaf, 0xb5, 0xb5, 0xaf, 0xaf, 0xaf, 0xb0, 0xb0, 0xb1, 0xa7, 0xa6
    db 0xa6, 0xa6, 0xa6, 0xa3, 0xc5, 0xe2, 0xe2, 0xe2, 0xde, 0xde, 0xe2, 0xd6, 0xd6, 0xde, 0xe3, 0xe0
    db 0xa3, 0xaf, 0xb4, 0xb4, 0xb4, 0xb5, 0xa2, 0xe3, 0xff, 0xfd, 0xf5, 0xd7, 0xa7, 0xb2, 0xb0, 0xab
    db 0xa8, 0xf0, 0xfe, 0xf8, 0x37, 0x37, 0x37, 0x37, 0x37, 0x2f, 0x2f, 0x2f, 0x2f, 0x2f, 0x2f, 0x2f
    db 0x2f, 0x2f, 0x2f, 0x2f, 0x2f, 0x2f, 0x2f, 0x2f, 0x2f, 0x2f, 0x2f, 0x2f, 0x2f, 0x2f, 0x37, 0x37
    db 0x37, 0x37, 0x37, 0x37, 0x37, 0x37, 0x37, 0x37, 0x37, 0x37, 0x37, 0x37, 0x37, 0x37, 0x37, 0x37
    db 0x37, 0x37, 0x37, 0x37, 0x37, 0x37, 0x37, 0x37, 0x37, 0x37, 0x37, 0x37, 0x37, 0x37, 0x37, 0x37
    db 0x37, 0x37, 0x37, 0x37, 0x37, 0x37, 0x37, 0x37, 0x37, 0x37, 0x37, 0x37, 0x37, 0x29, 0x3c, 0x84
    db 0x8a, 0x84, 0x66, 0x40, 0x3b, 0x1f, 0x0d, 0x3b, 0xea, 0x3c, 0x0d, 0x5e, 0x5d, 0x4d, 0x4d, 0x4d
    db 0x4d, 0x4d, 0x47, 0x64, 0x91, 0xc8, 0x89, 0x41, 0x4a, 0x44, 0x5e, 0x87, 0x98, 0x65, 0x3f, 0x67
    db 0x64, 0x48, 0x61, 0xee, 0xea, 0xf2, 0xef, 0xea, 0xc0, 0x9e, 0xbc, 0xbc, 0xbc, 0x9e, 0x9e, 0x9e
    db 0x9d, 0x9f, 0x97, 0xe7, 0xe8, 0x87, 0x4a, 0x4a, 0x64, 0x94, 0x91, 0x60, 0x48, 0x5a, 0x4e, 0x4e
    db 0x4e, 0x4e, 0x4e, 0x4e, 0x4e, 0x5a, 0x5a, 0x5a, 0x5a, 0x48, 0x48, 0x48, 0x48, 0x5a, 0x5a, 0x59
    db 0x4d, 0x4d, 0x4d, 0x4e, 0x5a, 0x5a, 0x5a, 0x5a, 0x5a, 0x48, 0x48, 0x48, 0x5a, 0x4d, 0x4d, 0x4d
    db 0x4d, 0x59, 0x59, 0x5c, 0x47, 0x62, 0xd5, 0x87, 0x5d, 0x86, 0xea, 0xda, 0x97, 0x9f, 0x9a, 0x9a
    db 0x9a, 0x9a, 0x9a, 0x9e, 0x9e, 0x9e, 0x9a, 0xee, 0xf5, 0x87, 0x41, 0x41, 0x61, 0xa0, 0xe8, 0x64
    db 0x5a, 0x5f, 0x48, 0x86, 0x68, 0x5d, 0x5c, 0x67, 0x90, 0xef, 0xd7, 0xa3, 0xa6, 0xa6, 0xa6, 0xa6
    db 0xa6, 0xa6, 0xb0, 0xb0, 0xae, 0xa4, 0xf0, 0xbc, 0x8c, 0x8d, 0x8d, 0x8d, 0x8c, 0xe4, 0xeb, 0xa4
    db 0xe3, 0xc4, 0xa5, 0xa6, 0xa6, 0xb0, 0xb0, 0xb1, 0xa6, 0xd6, 0xb1, 0xa7, 0xaa, 0xa6, 0xa6, 0xa5
    db 0xb4, 0xb4, 0xb4, 0xb4, 0xb4, 0xb4, 0xb4, 0xb0, 0xb0, 0xb1, 0xb1, 0xb0, 0xa6, 0xa6, 0xa6, 0xa6
    db 0xd6, 0xe2, 0xe2, 0xe2, 0xde, 0xde, 0xde, 0xb9, 0xd6, 0xde, 0xe3, 0xe0, 0xa3, 0xb0, 0xb4, 0xb4
    db 0xb4, 0xb4, 0xa2, 0xed, 0xff, 0xfb, 0xf3, 0xc6, 0xb1, 0xb1, 0xb4, 0xb8, 0xa4, 0xeb, 0xff, 0xf7
    db 0x37, 0x37, 0x37, 0x37, 0x37, 0x2f, 0x2f, 0x2f, 0x2f, 0x2f, 0x2f, 0x2f, 0x2f, 0x2f, 0x2f, 0x2f
    db 0x2f, 0x2f, 0x2f, 0x2f, 0x2f, 0x2f, 0x2f, 0x2f, 0x2f, 0x2f, 0x2f, 0x37, 0x37, 0x37, 0x37, 0x37
    db 0x37, 0x37, 0x37, 0x37, 0x37, 0x37, 0x37, 0x37, 0x37, 0x37, 0x37, 0x37, 0x37, 0x37, 0x37, 0x37
    db 0x37, 0x37, 0x37, 0x37, 0x37, 0x37, 0x37, 0x37, 0x37, 0x37, 0x37, 0x37, 0x37, 0x37, 0x37, 0x37
    db 0x37, 0x37, 0x37, 0x37, 0x37, 0x37, 0x37, 0x37, 0x37, 0x37, 0x2a, 0x16, 0x1f, 0x27, 0x0d, 0x1f
    db 0x2f, 0x3a, 0x1f, 0x76, 0xdb, 0x08, 0x62, 0x6d, 0x42, 0x4d, 0x4d, 0x4d, 0x4d, 0x4d, 0x48, 0x5f
    db 0x8f, 0x98, 0xce, 0x61, 0x44, 0x5a, 0x45, 0x61, 0x99, 0x91, 0x60, 0x4a, 0x67, 0x60, 0x43, 0x89
    db 0xf3, 0xf5, 0xee, 0xea, 0xc2, 0x9e, 0xbc, 0xbc, 0xbc, 0x9e, 0x9e, 0x9e, 0x9f, 0xbf, 0x97, 0xee
    db 0xca, 0x6a, 0x44, 0x49, 0x64, 0x94, 0x94, 0x64, 0x45, 0x5a, 0x4e, 0x4e, 0x4e, 0x4e, 0x4e, 0x4e
    db 0x4e, 0x5a, 0x5a, 0x5a, 0x5a, 0x5a, 0x5a, 0x48, 0x48, 0x49, 0x5a, 0x59, 0x4d, 0x4d, 0x4d, 0x4e
    db 0x5a, 0x5a, 0x5a, 0x5a, 0x5a, 0x5a, 0x5a, 0x5a, 0x5a, 0x4d, 0x4d, 0x4d, 0x4d, 0x4d, 0x59, 0x47
    db 0x41, 0x6d, 0xd5, 0x6d, 0x45, 0x7a, 0xe8, 0xe7, 0x97, 0x9f, 0x9a, 0x9a, 0x9a, 0x9a, 0x9e, 0x9e
    db 0xbc, 0xbc, 0x9f, 0xf2, 0xe8, 0x64, 0x42, 0x42, 0x87, 0xe8, 0x87, 0x3f, 0x5a, 0x5e, 0x62, 0x8f
    db 0x60, 0x60, 0x5f, 0x64, 0x89, 0xee, 0xd9, 0xa1, 0xa6, 0xa6, 0xa6, 0xa6, 0xa6, 0xb0, 0xb0, 0xb0
    db 0xb5, 0xa1, 0xed, 0xe4, 0x8c, 0x8c, 0x8d, 0x8d, 0x8c, 0x9f, 0xf0, 0xc3, 0xe0, 0xc4, 0xa6, 0xa6
    db 0xa6, 0xb0, 0xb0, 0xb0, 0xaa, 0xdf, 0xc5, 0xa6, 0xa5, 0xa6, 0xa6, 0xa5, 0xb4, 0xb4, 0xb4, 0xb4
    db 0xb4, 0xb4, 0xb4, 0xb4, 0xb0, 0xb0, 0xb0, 0xb0, 0xa6, 0xa6, 0xa6, 0xb9, 0xde, 0xe2, 0xe2, 0xe2
    db 0xde, 0xe2, 0xde, 0xa3, 0xd6, 0xe2, 0xe2, 0xe0, 0xa2, 0xb0, 0xb0, 0xb0, 0xb0, 0xa6, 0xc3, 0xf3
    db 0xff, 0xff, 0xf1, 0xa8, 0xae, 0xb0, 0xb0, 0xb7, 0xa3, 0xd9, 0xf8, 0xfe, 0x37, 0x37, 0x37, 0x37
    db 0x37, 0x2f, 0x2f, 0x2f, 0x2f, 0x2f, 0x2f, 0x2f, 0x37, 0x37, 0x37, 0x2f, 0x2f, 0x2f, 0x2f, 0x2f
    db 0x2f, 0x2f, 0x2f, 0x2f, 0x2f, 0x2f, 0x2f, 0x2f, 0x37, 0x37, 0x37, 0x37, 0x37, 0x37, 0x37, 0x37
    db 0x37, 0x37, 0x37, 0x37, 0x37, 0x37, 0x37, 0x37, 0x37, 0x37, 0x37, 0x37, 0x37, 0x37, 0x37, 0x37
    db 0x37, 0x37, 0x37, 0x37, 0x37, 0x37, 0x37, 0x37, 0x37, 0x37, 0x37, 0x3a, 0x37, 0x37, 0x3a, 0x3a
    db 0x37, 0x37, 0x37, 0x37, 0x37, 0x37, 0x37, 0x30, 0x30, 0x38, 0x30, 0x30, 0x37, 0x37, 0x29, 0xe8
    db 0x6f, 0x0d, 0x87, 0x86, 0x43, 0x4d, 0x4d, 0x4d, 0x4d, 0x4d, 0x4b, 0x42, 0x6d, 0x94, 0xc8, 0x86
    db 0x41, 0x5b, 0x5b, 0x41, 0x6d, 0xdb, 0x8a, 0x5d, 0x60, 0x61, 0x5d, 0x65, 0xee, 0xfe, 0xee, 0xea
    db 0xce, 0x9e, 0xbc, 0xbc, 0xbc, 0xbc, 0x9e, 0x9e, 0x9d, 0xbf, 0xbf, 0xee, 0x91, 0x62, 0x4f, 0x49
    db 0x65, 0x94, 0x94, 0x64, 0x42, 0x5a, 0x4e, 0x4e, 0x4e, 0x4e, 0x4e, 0x4e, 0x4e, 0x5a, 0x5a, 0x5a
    db 0x5a, 0x5a, 0x5a, 0x5a, 0x5a, 0x5a, 0x5a, 0x59, 0x4d, 0x4d, 0x4d, 0x4e, 0x5a, 0x5a, 0x5a, 0x5a
    db 0x5a, 0x5a, 0x5a, 0x5a, 0x5a, 0x4d, 0x4d, 0x5e, 0x4d, 0x4d, 0x4d, 0x59, 0x3f, 0x8a, 0xc0, 0x65
    db 0x41, 0x6e, 0xe5, 0xea, 0x95, 0x9f, 0x9a, 0x9a, 0x9a, 0x9a, 0x9a, 0x9e, 0x9e, 0x9a, 0xe5, 0xef
    db 0x8f, 0x60, 0x42, 0x65, 0xce, 0xe4, 0x4a, 0x42, 0x48, 0x43, 0x86, 0x6d, 0x58, 0x5f, 0x5f, 0x61
    db 0x8a, 0xea, 0xd9, 0xa2, 0xa3, 0xa6, 0xa6, 0xa6, 0xb0, 0xb0, 0xb0, 0xb0, 0xa6, 0xc6, 0xf3, 0xe8
    db 0x8b, 0x8d, 0x8d, 0x8d, 0x8d, 0x95, 0xef, 0xc6, 0xe0, 0xb3, 0xa5, 0xa6, 0xa6, 0xb0, 0xb0, 0xb0
    db 0xc3, 0xe0, 0xc5, 0xa6, 0xa6, 0xa6, 0xa6, 0xa5, 0xb4, 0xb4, 0xb4, 0xb4, 0xb4, 0xb9, 0xb3, 0xb9
    db 0xb4, 0xb0, 0xb0, 0xb0, 0xb0, 0xb0, 0xa6, 0xd6, 0xe2, 0xe2, 0xe2, 0xe2, 0xe2, 0xe2, 0xd6, 0xa2
    db 0xd6, 0xe2, 0xe2, 0xdf, 0xa2, 0xb7, 0xb0, 0xb0, 0xb0, 0xa3, 0xd9, 0xf6, 0xff, 0xff, 0xed, 0xa2
    db 0xa7, 0xb7, 0xb0, 0xad, 0xb5, 0xd7, 0xf4, 0xfe, 0x37, 0x37, 0x37, 0x37, 0x37, 0x2f, 0x2f, 0x2f
    db 0x2f, 0x2f, 0x2f, 0x2f, 0x37, 0x37, 0x37, 0x37, 0x2f, 0x2f, 0x2f, 0x2f, 0x2f, 0x2f, 0x2f, 0x2f
    db 0x2f, 0x2f, 0x2f, 0x2f, 0x2f, 0x2f, 0x37, 0x37, 0x37, 0x37, 0x37, 0x37, 0x37, 0x37, 0x37, 0x37
    db 0x37, 0x37, 0x37, 0x37, 0x37, 0x37, 0x37, 0x37, 0x37, 0x37, 0x37, 0x37, 0x37, 0x37, 0x37, 0x37
    db 0x37, 0x37, 0x37, 0x37, 0x37, 0x37, 0x37, 0x3a, 0x37, 0x37, 0x3a, 0x3a, 0x37, 0x37, 0x37, 0x37
    db 0x37, 0x37, 0x37, 0x36, 0x36, 0x36, 0x36, 0x36, 0x2f, 0x1f, 0x40, 0xef, 0x3a, 0x3f, 0x94, 0x8a
    db 0x5b, 0x4a, 0x4d, 0x4d, 0x4d, 0x4e, 0x4f, 0x48, 0x61, 0x91, 0x94, 0xc0, 0x60, 0x49, 0x58, 0x58
    db 0x41, 0x91, 0xe4, 0x86, 0x5e, 0x5d, 0x5f, 0x60, 0x8f, 0xf4, 0xee, 0xea, 0xd5, 0x9a, 0xbc, 0xbc
    db 0xbc, 0xbc, 0x9e, 0x9e, 0x9f, 0x9f, 0xe5, 0xe8, 0x86, 0x50, 0x4f, 0x49, 0x65, 0x94, 0x94, 0x65
    db 0x42, 0x5a, 0x4e, 0x4e, 0x4e, 0x4e, 0x4e, 0x4e, 0x4e, 0x5a, 0x5a, 0x5a, 0x5a, 0x5a, 0x5a, 0x5a
    db 0x5a, 0x5a, 0x5a, 0x59, 0x4d, 0x4d, 0x4d, 0x4e, 0x5a, 0x5a, 0x5a, 0x5a, 0x5a, 0x5a, 0x5a, 0x5a
    db 0x5a, 0x4d, 0x4d, 0x5e, 0x4d, 0x4d, 0x4d, 0x59, 0x41, 0x98, 0x94, 0x61, 0x41, 0x6d, 0xd3, 0xee
    db 0x97, 0xbf, 0x9a, 0x9a, 0x9a, 0x9a, 0x9a, 0x9a, 0x9f, 0x9a, 0xee, 0xe7, 0x6e, 0x5f, 0x60, 0x8a
    db 0xea, 0x6d, 0x3f, 0x48, 0x41, 0x62, 0x8f, 0x5f, 0x5f, 0x5f, 0x60, 0x61, 0x8a, 0xea, 0xe0, 0xa2
    db 0xa6, 0xa6, 0xa6, 0xa6, 0xb0, 0xb0, 0xb0, 0xb1, 0xa3, 0xd9, 0xff, 0xee, 0x8b, 0x8d, 0x8d, 0x8d
    db 0x8d, 0x8b, 0xec, 0xd9, 0xdf, 0xa4, 0xa6, 0xa6, 0xa6, 0xb0, 0xb0, 0xb0, 0xc3, 0xe3, 0xc5, 0xa7
    db 0xa6, 0xa6, 0xa6, 0xa5, 0xb4, 0xb4, 0xb4, 0xb4, 0xb4, 0xb4, 0xb3, 0xb3, 0xb5, 0xb4, 0xaf, 0xb0
    db 0xb0, 0xb0, 0xaf, 0xde, 0xe2, 0xe2, 0xe2, 0xe2, 0xe2, 0xde, 0xb9, 0xb0, 0xd6, 0xe2, 0xe2, 0xdf
    db 0xa2, 0xac, 0xb7, 0xb0, 0xb1, 0xa2, 0xeb, 0xff, 0xfe, 0xfd, 0xe3, 0xa2, 0xa7, 0xb7, 0xb0, 0xb7
    db 0xb5, 0xc6, 0xf4, 0xfe, 0x37, 0x37, 0x37, 0x37, 0x37, 0x2f, 0x2f, 0x2f, 0x2f, 0x2f, 0x2f, 0x2f
    db 0x37, 0x37, 0x37, 0x37, 0x2f, 0x2f, 0x2f, 0x37, 0x37, 0x37, 0x2f, 0x2f, 0x2f, 0x2f, 0x2f, 0x2f
    db 0x2f, 0x2f, 0x2f, 0x2f, 0x2f, 0x37, 0x37, 0x37, 0x37, 0x37, 0x37, 0x37, 0x37, 0x37, 0x37, 0x37
    db 0x37, 0x37, 0x37, 0x37, 0x37, 0x37, 0x37, 0x37, 0x37, 0x37, 0x37, 0x37, 0x37, 0x37, 0x37, 0x37
    db 0x37, 0x37, 0x37, 0x37, 0x37, 0x37, 0x37, 0x37, 0x37, 0x37, 0x37, 0x37, 0x37, 0x37, 0x37, 0x37
    db 0x37, 0x37, 0x37, 0x37, 0x31, 0x0d, 0x8a, 0xd3, 0x08, 0x60, 0x91, 0x8f, 0x61, 0x4a, 0x4e, 0x4e
    db 0x4e, 0x4f, 0x5b, 0x5a, 0x41, 0x6d, 0x94, 0x98, 0x6f, 0x41, 0x5a, 0x59, 0x43, 0x61, 0xdb, 0xd5
    db 0x7a, 0x4d, 0x5f, 0x5c, 0x64, 0xea, 0xef, 0xea, 0xdb, 0x9b, 0xbc, 0xbc, 0xbc, 0x9e, 0x9c, 0x9f
    db 0xbf, 0xbf, 0xee, 0xc1, 0x68, 0x44, 0x5e, 0x49, 0x65, 0x91, 0x94, 0x67, 0x41, 0x5a, 0x5a, 0x4e
    db 0x4e, 0x4e, 0x4e, 0x4e, 0x4e, 0x5a, 0x5a, 0x5a, 0x5a, 0x5a, 0x5a, 0x5a, 0x5a, 0x5a, 0x5a, 0x4e
    db 0x4e, 0x4e, 0x4e, 0x50, 0x4e, 0x4e, 0x5a, 0x5a, 0x5a, 0x5a, 0x5a, 0x5a, 0x5a, 0x4e, 0x4e, 0x4e
    db 0x4e, 0x4d, 0x4d, 0x59, 0x5d, 0xce, 0x88, 0x4e, 0x46, 0x67, 0xbe, 0xef, 0x9a, 0xd3, 0x9d, 0x9a
    db 0x9a, 0x9a, 0x9a, 0x9a, 0x9a, 0xc2, 0xf2, 0x98, 0x64, 0x5d, 0x8a, 0xe7, 0x99, 0x41, 0x48, 0x46
    db 0x3f, 0x87, 0x67, 0x5a, 0x5f, 0x5f, 0x5f, 0x60, 0x88, 0xee, 0xe3, 0xa2, 0xa3, 0xa3, 0xa6, 0xa6
    db 0xb2, 0xb7, 0xae, 0xb2, 0xa4, 0xe0, 0xff, 0xf2, 0x8d, 0x8d, 0x8c, 0x8c, 0x8c, 0x8c, 0xe4, 0xeb
    db 0xd6, 0xa8, 0xae, 0xa6, 0xb0, 0xb0, 0xb0, 0xb0, 0xc4, 0xe3, 0xc5, 0xa7, 0xa6, 0xa6, 0xb0, 0xb4
    db 0xb4, 0xb4, 0xb4, 0xb4, 0xb4, 0xb4, 0xb4, 0xb4, 0xb4, 0xb4, 0xb4, 0xb4, 0xa5, 0xa3, 0xd6, 0xe2
    db 0xe2, 0xe2, 0xe2, 0xe2, 0xe2, 0xde, 0xa6, 0xa6, 0xd6, 0xe2, 0xe2, 0xdf, 0xa2, 0xac, 0xac, 0xac
    db 0xb1, 0xa4, 0xf0, 0xff, 0xfe, 0xf6, 0xd9, 0xa3, 0xa6, 0xb0, 0xb0, 0xb3, 0xb8, 0xd7, 0xf4, 0xfe
    db 0x37, 0x37, 0x37, 0x37, 0x37, 0x2f, 0x2f, 0x2f, 0x2f, 0x2f, 0x2f, 0x2f, 0x2f, 0x2f, 0x37, 0x37
    db 0x2f, 0x2f, 0x2f, 0x37, 0x37, 0x37, 0x37, 0x2f, 0x2f, 0x2f, 0x2f, 0x2f, 0x2f, 0x2f, 0x2f, 0x2f
    db 0x2f, 0x37, 0x37, 0x37, 0x37, 0x37, 0x37, 0x37, 0x37, 0x37, 0x37, 0x37, 0x37, 0x37, 0x37, 0x37
    db 0x37, 0x37, 0x37, 0x37, 0x37, 0x37, 0x37, 0x37, 0x37, 0x37, 0x37, 0x37, 0x37, 0x37, 0x37, 0x37
    db 0x37, 0x37, 0x37, 0x37, 0x37, 0x37, 0x37, 0x37, 0x37, 0x37, 0x37, 0x37, 0x37, 0x37, 0x37, 0x37
    db 0x37, 0x16, 0xe8, 0x65, 0x08, 0x61, 0x8f, 0x91, 0x6a, 0x43, 0x4e, 0x4e, 0x4e, 0x4f, 0x5b, 0x5a
    db 0x45, 0x60, 0x89, 0x94, 0x94, 0x60, 0x48, 0x4a, 0x4a, 0x41, 0x6f, 0xe7, 0xc0, 0x6a, 0x59, 0x5d
    db 0x60, 0x98, 0xef, 0xea, 0xe5, 0x99, 0xbc, 0xbc, 0xbc, 0x9e, 0xbb, 0x9f, 0xd3, 0xbf, 0xee, 0x8f
    db 0x61, 0x4e, 0x50, 0x4b, 0x65, 0x91, 0x94, 0x67, 0x41, 0x5a, 0x5a, 0x4e, 0x4e, 0x4e, 0x4e, 0x4e
    db 0x4e, 0x5a, 0x5a, 0x5a, 0x5a, 0x5a, 0x5a, 0x5a, 0x5a, 0x5a, 0x5a, 0x4e, 0x4e, 0x4e, 0x4e, 0x50
    db 0x4e, 0x4e, 0x5a, 0x5a, 0x5a, 0x5a, 0x5a, 0x5a, 0x5a, 0x4e, 0x4e, 0x4e, 0x4e, 0x4e, 0x4e, 0x45
    db 0x65, 0xc8, 0x6d, 0x43, 0x49, 0x64, 0x94, 0xef, 0xbf, 0xd3, 0x9f, 0x9e, 0x9a, 0x9a, 0x9a, 0x9a
    db 0x97, 0xe8, 0xea, 0x6f, 0x45, 0x6d, 0xd5, 0xe8, 0x62, 0x5d, 0x5d, 0x41, 0x68, 0x86, 0x3f, 0x5d
    db 0x5f, 0x5f, 0x5f, 0x5d, 0x8a, 0xea, 0xeb, 0xa1, 0xa6, 0xa3, 0xa6, 0xa6, 0xb5, 0xac, 0xb1, 0xae
    db 0xa8, 0xeb, 0xff, 0xf5, 0x97, 0x8c, 0x8c, 0x8c, 0x8c, 0x8c, 0x9f, 0xf0, 0xc6, 0xa5, 0xae, 0xa6
    db 0xb0, 0xb0, 0xb0, 0xb8, 0xc4, 0xe3, 0xb7, 0xa7, 0xab, 0xb0, 0xb0, 0xb4, 0xb4, 0xb4, 0xb4, 0xb4
    db 0xb4, 0xb4, 0xb7, 0xb7, 0xb4, 0xb4, 0xb4, 0xb4, 0xa5, 0xb4, 0xde, 0xe2, 0xe2, 0xe2, 0xe2, 0xe2
    db 0xe2, 0xd6, 0xa6, 0xa6, 0xd6, 0xe2, 0xe2, 0xdf, 0xaa, 0xac, 0xac, 0xad, 0xab, 0xc3, 0xf1, 0xff
    db 0xff, 0xf4, 0xc6, 0xae, 0xa6, 0xb0, 0xb0, 0xb4, 0xb9, 0xd6, 0xf4, 0xfe, 0x37, 0x37, 0x37, 0x37
    db 0x37, 0x2f, 0x2f, 0x2f, 0x2f, 0x2f, 0x2f, 0x2f, 0x2f, 0x2f, 0x2f, 0x37, 0x2f, 0x2f, 0x2f, 0x37
    db 0x37, 0x2f, 0x2f, 0x2f, 0x2f, 0x2f, 0x2f, 0x2f, 0x2f, 0x2f, 0x2f, 0x2f, 0x37, 0x37, 0x37, 0x37
    db 0x37, 0x37, 0x37, 0x37, 0x37, 0x37, 0x37, 0x37, 0x37, 0x37, 0x37, 0x37, 0x37, 0x37, 0x37, 0x37
    db 0x37, 0x37, 0x37, 0x37, 0x37, 0x37, 0x37, 0x37, 0x37, 0x37, 0x37, 0x37, 0x37, 0x37, 0x37, 0x37
    db 0x37, 0x37, 0x37, 0x37, 0x37, 0x2f, 0x2f, 0x37, 0x37, 0x37, 0x37, 0x38, 0x2a, 0x40, 0xea, 0x1e
    db 0x20, 0x61, 0x8a, 0x91, 0x87, 0x4e, 0x4e, 0x4e, 0x4e, 0x4e, 0x5a, 0x5a, 0x5a, 0x41, 0x67, 0x94
    db 0x91, 0x7a, 0x42, 0x4b, 0x4e, 0x44, 0x60, 0x94, 0xe4, 0x91, 0x61, 0x4e, 0x60, 0x8a, 0xef, 0xee
    db 0xe8, 0x9b, 0x9e, 0xbc, 0xbc, 0xbc, 0xbc, 0x9f, 0xdb, 0xe7, 0xea, 0x6e, 0x43, 0x5e, 0x50, 0x4a
    db 0x65, 0x91, 0x94, 0x67, 0x41, 0x5a, 0x5a, 0x4e, 0x4e, 0x5a, 0x5a, 0x5a, 0x5a, 0x5a, 0x5a, 0x5a
    db 0x5a, 0x5a, 0x5a, 0x5a, 0x5a, 0x5a, 0x5a, 0x4e, 0x4e, 0x4e, 0x4e, 0x50, 0x4e, 0x4e, 0x5a, 0x5a
    db 0x5a, 0x5a, 0x5a, 0x5a, 0x5a, 0x4e, 0x4e, 0x4e, 0x4e, 0x4f, 0x4b, 0x42, 0x89, 0x99, 0x65, 0x45
    db 0x58, 0x61, 0x8f, 0xef, 0xd3, 0xdb, 0xbc, 0x9e, 0x9a, 0x9a, 0x9a, 0x99, 0x9a, 0xf0, 0x99, 0x61
    db 0x67, 0xc0, 0xea, 0x7a, 0x43, 0x5f, 0x5a, 0x60, 0x91, 0x61, 0x4a, 0x48, 0x5d, 0x5d, 0x5f, 0x43
    db 0x94, 0xe7, 0xed, 0xa8, 0xae, 0xa3, 0xa6, 0xa6, 0xa6, 0xad, 0xad, 0xac, 0xc6, 0xf1, 0xfe, 0xfa
    db 0xd3, 0x8c, 0x8c, 0x8c, 0x8c, 0x8c, 0x8c, 0xf0, 0xd7, 0xae, 0xa6, 0xaf, 0xb0, 0xb0, 0xb0, 0xb0
    db 0xc4, 0xe3, 0xb7, 0xa7, 0xab, 0xb0, 0xb0, 0xb4, 0xb4, 0xb4, 0xb4, 0xb4, 0xb7, 0xb7, 0xb7, 0xb7
    db 0xb4, 0xb4, 0xb4, 0xb3, 0xa5, 0xc5, 0xe2, 0xe2, 0xe2, 0xe2, 0xe2, 0xe2, 0xde, 0xb5, 0xb0, 0xa6
    db 0xd6, 0xe2, 0xe2, 0xe0, 0xa4, 0xaa, 0xad, 0xad, 0xa9, 0xc6, 0xf4, 0xff, 0xff, 0xf1, 0xc3, 0xae
    db 0xb0, 0xb0, 0xb0, 0xb9, 0xb5, 0xc5, 0xf3, 0xff, 0x37, 0x37, 0x37, 0x37, 0x37, 0x2f, 0x2f, 0x2f
    db 0x2f, 0x2f, 0x2f, 0x2f, 0x2f, 0x2f, 0x2f, 0x2f, 0x2f, 0x2f, 0x2f, 0x2f, 0x2f, 0x2f, 0x2f, 0x2f
    db 0x2f, 0x2f, 0x2f, 0x2f, 0x2f, 0x2f, 0x2f, 0x2f, 0x2f, 0x37, 0x37, 0x37, 0x37, 0x37, 0x37, 0x37
    db 0x37, 0x37, 0x37, 0x37, 0x37, 0x37, 0x37, 0x37, 0x37, 0x37, 0x37, 0x2f, 0x37, 0x37, 0x37, 0x37
    db 0x37, 0x37, 0x37, 0x37, 0x37, 0x37, 0x37, 0x37, 0x37, 0x37, 0x37, 0x37, 0x37, 0x37, 0x37, 0x37
    db 0x37, 0x2f, 0x2f, 0x37, 0x37, 0x37, 0x37, 0x37, 0x16, 0x88, 0xdb, 0x08, 0x3c, 0x60, 0x87, 0x8f
    db 0x90, 0x64, 0x44, 0x4b, 0x4e, 0x4e, 0x5a, 0x5a, 0x5b, 0x4b, 0x45, 0x86, 0x91, 0x94, 0x64, 0x44
    db 0x4f, 0x5d, 0x45, 0x65, 0xca, 0xca, 0x86, 0x44, 0x59, 0x86, 0xee, 0xee, 0xea, 0xc2, 0x9f, 0xbc
    db 0xbc, 0xbc, 0x9f, 0xd3, 0xce, 0xee, 0xce, 0x65, 0x45, 0x5e, 0x50, 0x4a, 0x64, 0x91, 0x94, 0x67
    db 0x41, 0x48, 0x5a, 0x4e, 0x4e, 0x5a, 0x5a, 0x5a, 0x5a, 0x5a, 0x5a, 0x5a, 0x5a, 0x5a, 0x5a, 0x5a
    db 0x5a, 0x5a, 0x5a, 0x4e, 0x4e, 0x4e, 0x4e, 0x50, 0x4e, 0x4e, 0x5a, 0x5a, 0x5a, 0x5a, 0x5a, 0x5a
    db 0x5a, 0x4e, 0x4e, 0x4e, 0x4e, 0x4b, 0x45, 0x64, 0xc8, 0x91, 0x60, 0x5b, 0x58, 0x5f, 0x8a, 0xee
    db 0xdb, 0xe4, 0xbf, 0x9a, 0x9e, 0x9a, 0x9a, 0x97, 0xe5, 0xee, 0x7a, 0x64, 0x94, 0xea, 0xc0, 0x60
    db 0x4a, 0x5d, 0x42, 0x89, 0x6d, 0x43, 0x5e, 0x64, 0x60, 0x5b, 0x5f, 0x41, 0x98, 0xd5, 0xf0, 0xc3
    db 0xa7, 0xa5, 0xa3, 0xa6, 0xa6, 0xab, 0xad, 0xa4, 0xe0, 0xf8, 0xf6, 0xff, 0xe7, 0x8c, 0x8c, 0x8c
    db 0x8d, 0x8d, 0x8c, 0xea, 0xe0, 0xa7, 0xab, 0xaa, 0xae, 0xa6, 0xa6, 0xa6, 0xc4, 0xe3, 0xb7, 0xa7
    db 0xad, 0xb0, 0xb0, 0xb4, 0xb4, 0xb4, 0xb4, 0xb7, 0xb7, 0xb7, 0xb7, 0xb7, 0xb7, 0xb4, 0xa5, 0xaf
    db 0xa3, 0xde, 0xe2, 0xe2, 0xe2, 0xe2, 0xe2, 0xe2, 0xd6, 0xa5, 0xb0, 0xa6, 0xc5, 0xe2, 0xe2, 0xe3
    db 0xc4, 0xb7, 0xad, 0xad, 0xa4, 0xd9, 0xf8, 0xf9, 0xff, 0xed, 0xa4, 0xb0, 0xb0, 0xb0, 0xb0, 0xb9
    db 0xb5, 0xc3, 0xf3, 0xff, 0x37, 0x37, 0x37, 0x37, 0x37, 0x2f, 0x2f, 0x2f, 0x2f, 0x2f, 0x2f, 0x2f
    db 0x2f, 0x2f, 0x2f, 0x2f, 0x37, 0x2f, 0x2f, 0x2f, 0x2f, 0x2f, 0x2f, 0x2f, 0x2f, 0x2f, 0x2f, 0x2f
    db 0x2f, 0x2f, 0x2f, 0x2f, 0x2f, 0x37, 0x37, 0x37, 0x37, 0x37, 0x37, 0x37, 0x37, 0x37, 0x37, 0x37
    db 0x37, 0x37, 0x37, 0x37, 0x37, 0x37, 0x37, 0x37, 0x37, 0x37, 0x37, 0x37, 0x37, 0x37, 0x37, 0x37
    db 0x37, 0x37, 0x37, 0x37, 0x37, 0x37, 0x2f, 0x2f, 0x37, 0x37, 0x37, 0x37, 0x37, 0x37, 0x37, 0x37
    db 0x37, 0x37, 0x37, 0x37, 0x1e, 0xe8, 0x76, 0x08, 0x3f, 0x47, 0x6d, 0x91, 0x91, 0x6f, 0x42, 0x58
    db 0x49, 0x58, 0x5a, 0x5a, 0x5a, 0x4e, 0x45, 0x61, 0x8a, 0x91, 0x86, 0x4a, 0x5a, 0x5d, 0x5a, 0x45
    db 0x7a, 0xd5, 0x98, 0x68, 0x41, 0x7a, 0xea, 0xef, 0xea, 0xdb, 0x9d, 0xbf, 0xbc, 0x9e, 0x9e, 0xe4
    db 0xbf, 0xef, 0x89, 0x60, 0x4e, 0x5e, 0x5e, 0x48, 0x64, 0x91, 0x94, 0x67, 0x41, 0x5a, 0x4e, 0x4e
    db 0x4e, 0x5a, 0x5a, 0x5a, 0x5a, 0x5a, 0x5a, 0x5a, 0x5a, 0x5a, 0x5a, 0x5a, 0x5a, 0x5a, 0x5a, 0x4e
    db 0x4e, 0x4e, 0x4e, 0x4e, 0x4e, 0x4e, 0x4e, 0x4e, 0x4e, 0x4e, 0x4e, 0x4e, 0x4e, 0x4e, 0x4e, 0x5a
    db 0x5a, 0x5b, 0x41, 0x6d, 0xd1, 0x86, 0x44, 0x4e, 0x4e, 0x4a, 0x86, 0xea, 0xe7, 0xd3, 0xbf, 0x9a
    db 0x9e, 0x9e, 0x9e, 0x97, 0xee, 0xd5, 0x6d, 0x89, 0xe7, 0xe4, 0x6d, 0x44, 0x5a, 0x45, 0x6a, 0x8b
    db 0x4a, 0x5a, 0x61, 0x68, 0x4e, 0x5e, 0x5e, 0x5e, 0xc1, 0x98, 0xf1, 0xc6, 0xa6, 0xa9, 0xa9, 0xae
    db 0xa6, 0xa5, 0xad, 0xa8, 0xed, 0xff, 0xef, 0xff, 0xea, 0x8b, 0x8c, 0x8c, 0x8d, 0x8d, 0x8d, 0xdb
    db 0xed, 0xa8, 0xab, 0xa3, 0xa6, 0xb0, 0xb0, 0xb0, 0xc4, 0xe3, 0xb3, 0xa7, 0xa7, 0xa6, 0xa6, 0xa6
    db 0xa6, 0xb0, 0xb0, 0xb4, 0xb4, 0xb4, 0xb4, 0xb4, 0xb4, 0xa5, 0xaa, 0xa9, 0xc5, 0xde, 0xe2, 0xe2
    db 0xe2, 0xde, 0xe2, 0xe2, 0xc5, 0xb0, 0xac, 0xa9, 0xd6, 0xe2, 0xe2, 0xe3, 0xc4, 0xac, 0xad, 0xad
    db 0xa2, 0xed, 0xff, 0xfd, 0xff, 0xeb, 0xa2, 0xb0, 0xb0, 0xac, 0xac, 0xb9, 0xb9, 0xaa, 0xf1, 0xff
    db 0x37, 0x37, 0x37, 0x37, 0x37, 0x2f, 0x2f, 0x2f, 0x2f, 0x2f, 0x2f, 0x2f, 0x2f, 0x2f, 0x2f, 0x2f
    db 0x37, 0x37, 0x2f, 0x2f, 0x2f, 0x2f, 0x2f, 0x2f, 0x2f, 0x2f, 0x2f, 0x2f, 0x2f, 0x2f, 0x2f, 0x2f
    db 0x2f, 0x37, 0x37, 0x37, 0x37, 0x37, 0x37, 0x37, 0x37, 0x37, 0x37, 0x37, 0x37, 0x2f, 0x2f, 0x37
    db 0x37, 0x37, 0x37, 0x37, 0x37, 0x37, 0x37, 0x37, 0x37, 0x37, 0x37, 0x37, 0x37, 0x37, 0x37, 0x37
    db 0x37, 0x37, 0x2f, 0x2f, 0x37, 0x37, 0x37, 0x37, 0x37, 0x37, 0x37, 0x37, 0x37, 0x37, 0x37, 0x29
    db 0x3c, 0xef, 0x3c, 0x0d, 0x46, 0x5a, 0x64, 0x91, 0x8f, 0x8f, 0x61, 0x45, 0x48, 0x58, 0x5a, 0x5a
    db 0x5d, 0x4e, 0x5a, 0x42, 0x65, 0x91, 0x8f, 0x64, 0x48, 0x5a, 0x5a, 0x42, 0x61, 0x98, 0xdb, 0x90
    db 0x61, 0x86, 0xea, 0xf2, 0xea, 0xe7, 0x9a, 0x9f, 0xbb, 0x9b, 0xbc, 0xd3, 0xe8, 0xea, 0x6d, 0x43
    db 0x4e, 0x4e, 0x4e, 0x45, 0x61, 0x8f, 0x94, 0x68, 0x42, 0x5a, 0x4e, 0x4e, 0x4e, 0x5a, 0x5a, 0x5a
    db 0x5a, 0x5a, 0x5a, 0x5a, 0x5a, 0x5a, 0x48, 0x48, 0x5a, 0x5a, 0x5a, 0x4e, 0x4e, 0x4e, 0x4e, 0x4e
    db 0x4e, 0x4e, 0x4e, 0x4e, 0x4e, 0x4e, 0x4e, 0x4e, 0x4e, 0x4e, 0x4e, 0x5a, 0x5a, 0x49, 0x5f, 0x90
    db 0xc8, 0x6a, 0x43, 0x4e, 0x4e, 0x43, 0x6d, 0xe4, 0xe8, 0xbf, 0x9f, 0x9a, 0x9a, 0x9a, 0x9a, 0xd3
    db 0xef, 0x8f, 0x8f, 0xe5, 0xe7, 0x8a, 0x60, 0x4a, 0x48, 0x61, 0x89, 0x60, 0x4a, 0x5e, 0x6e, 0x61
    db 0x4e, 0x5e, 0x4a, 0x64, 0xd5, 0x89, 0xef, 0xd9, 0xa4, 0xac, 0xaa, 0xaf, 0xaa, 0xae, 0xa3, 0xd7
    db 0xf5, 0xf5, 0xe1, 0xf8, 0xf0, 0x8c, 0x8d, 0x8d, 0x8d, 0x8d, 0x8d, 0x97, 0xf1, 0xc6, 0xa3, 0xa5
    db 0xa6, 0xb0, 0xb0, 0xb7, 0xc4, 0xe3, 0xc5, 0xa6, 0xa7, 0xa6, 0xa6, 0xa6, 0xa6, 0xa6, 0xa6, 0xaf
    db 0xb4, 0xb4, 0xb4, 0xb4, 0xb4, 0xa5, 0xa5, 0xa9, 0xd6, 0xe2, 0xe2, 0xe2, 0xe2, 0xe2, 0xe2, 0xde
    db 0xb0, 0xb0, 0xac, 0xa9, 0xc5, 0xde, 0xe2, 0xe3, 0xaa, 0xab, 0xab, 0xad, 0xc6, 0xf3, 0xff, 0xfb
    db 0xfd, 0xe0, 0xa3, 0xb0, 0xab, 0xac, 0xac, 0xb7, 0xb9, 0xa4, 0xf0, 0xff, 0x37, 0x37, 0x37, 0x37
    db 0x37, 0x2f, 0x2f, 0x2f, 0x37, 0x37, 0x37, 0x37, 0x37, 0x2f, 0x37, 0x37, 0x37, 0x37, 0x37, 0x2f
    db 0x2f, 0x2f, 0x2f, 0x2f, 0x2f, 0x2f, 0x2f, 0x2f, 0x2f, 0x2f, 0x2f, 0x2f, 0x37, 0x37, 0x37, 0x37
    db 0x37, 0x37, 0x37, 0x37, 0x37, 0x37, 0x37, 0x37, 0x37, 0x37, 0x37, 0x37, 0x37, 0x37, 0x37, 0x37
    db 0x37, 0x37, 0x37, 0x37, 0x37, 0x37, 0x37, 0x37, 0x37, 0x37, 0x37, 0x37, 0x37, 0x37, 0x37, 0x37
    db 0x37, 0x37, 0x37, 0x37, 0x37, 0x37, 0x37, 0x37, 0x37, 0x37, 0x37, 0x0d, 0x72, 0xe8, 0x08, 0x31
    db 0x5f, 0x5d, 0x5d, 0x87, 0x91, 0x91, 0x6d, 0x41, 0x47, 0x59, 0x5a, 0x5a, 0x5a, 0x4e, 0x5a, 0x5a
    db 0x45, 0x6d, 0x91, 0x6d, 0x42, 0x5a, 0x48, 0x48, 0x41, 0x6e, 0xe4, 0xd5, 0x86, 0x7a, 0xe8, 0xf2
    db 0xea, 0xea, 0xbf, 0x9f, 0x9f, 0x9a, 0xd3, 0xbf, 0xef, 0xce, 0x64, 0x43, 0x4e, 0x4e, 0x4e, 0x58
    db 0x60, 0x91, 0xc1, 0x68, 0x42, 0x5a, 0x4e, 0x4e, 0x4e, 0x5a, 0x5a, 0x5a, 0x5a, 0x5a, 0x5a, 0x5a
    db 0x5a, 0x48, 0x48, 0x5d, 0x5d, 0x48, 0x5a, 0x4e, 0x4e, 0x4e, 0x4e, 0x4e, 0x4e, 0x4e, 0x4e, 0x4e
    db 0x4e, 0x4e, 0x4e, 0x4e, 0x4e, 0x4e, 0x4e, 0x5a, 0x5a, 0x45, 0x67, 0x98, 0x98, 0x64, 0x44, 0x4e
    db 0x4e, 0x43, 0x68, 0xce, 0xee, 0xbf, 0x9f, 0x9a, 0x9a, 0x9a, 0x9a, 0xea, 0xea, 0x98, 0xe7, 0xea
    db 0x8f, 0x68, 0x42, 0x4e, 0x43, 0x7a, 0x65, 0x46, 0x42, 0x6f, 0x6e, 0x42, 0x5b, 0x5f, 0x41, 0x7a
    db 0xca, 0x8a, 0xe8, 0xe3, 0xa2, 0xb7, 0xb7, 0xb7, 0xb7, 0xa7, 0xa2, 0xeb, 0xff, 0xf0, 0xc6, 0xf5
    db 0xf4, 0x97, 0x8d, 0x8d, 0x8d, 0x8d, 0x8d, 0x8c, 0xee, 0xe0, 0xa2, 0xa6, 0xa6, 0xb0, 0xb0, 0xb0
    db 0xc3, 0xe3, 0xc6, 0xa5, 0xa7, 0xa6, 0xa6, 0xa6, 0xa6, 0xa6, 0xa6, 0xa6, 0xb4, 0xb4, 0xb4, 0xb4
    db 0xb4, 0xa5, 0xa5, 0xc5, 0xde, 0xe2, 0xe2, 0xe2, 0xe2, 0xe2, 0xe2, 0xd6, 0xa6, 0xb0, 0xa9, 0xa9
    db 0xc5, 0xde, 0xe2, 0xe3, 0xc4, 0xab, 0xb0, 0xa5, 0xd9, 0xf6, 0xfd, 0xff, 0xf5, 0xd7, 0xa7, 0xac
    db 0xac, 0xac, 0xac, 0xb8, 0xb1, 0xa4, 0xed, 0xff, 0x37, 0x37, 0x37, 0x37, 0x37, 0x2f, 0x2f, 0x2f
    db 0x37, 0x37, 0x37, 0x37, 0x37, 0x37, 0x37, 0x37, 0x37, 0x37, 0x37, 0x37, 0x2f, 0x2f, 0x2f, 0x2f
    db 0x2f, 0x37, 0x2f, 0x2f, 0x2f, 0x2f, 0x2f, 0x37, 0x37, 0x37, 0x37, 0x37, 0x37, 0x37, 0x37, 0x37
    db 0x37, 0x37, 0x37, 0x37, 0x37, 0x37, 0x37, 0x37, 0x37, 0x37, 0x37, 0x37, 0x37, 0x37, 0x37, 0x37
    db 0x37, 0x37, 0x37, 0x37, 0x37, 0x37, 0x37, 0x37, 0x37, 0x37, 0x37, 0x37, 0x37, 0x37, 0x37, 0x37
    db 0x37, 0x37, 0x37, 0x37, 0x37, 0x37, 0x37, 0x0d, 0xe5, 0x88, 0x08, 0x3b, 0x5f, 0x5c, 0x45, 0x68
    db 0x91, 0x8f, 0x90, 0x61, 0x42, 0x58, 0x5a, 0x5a, 0x5a, 0x4e, 0x59, 0x5a, 0x49, 0x5d, 0x86, 0x89
    db 0x60, 0x48, 0x5a, 0x5a, 0x45, 0x62, 0x98, 0xea, 0x98, 0x86, 0xe5, 0xf2, 0xea, 0xea, 0xd4, 0x9a
    db 0x9a, 0x9a, 0xdb, 0xd3, 0xef, 0x8a, 0x4e, 0x4a, 0x4e, 0x4e, 0x4e, 0x48, 0x60, 0x91, 0xd1, 0x6a
    db 0x42, 0x5a, 0x4e, 0x4e, 0x4e, 0x5a, 0x5a, 0x5a, 0x5a, 0x5a, 0x5a, 0x5a, 0x5a, 0x48, 0x42, 0x6d
    db 0x61, 0x45, 0x5a, 0x4e, 0x4e, 0x4e, 0x4e, 0x4e, 0x4e, 0x4e, 0x4e, 0x4e, 0x4e, 0x4e, 0x4e, 0x4e
    db 0x4e, 0x4e, 0x4e, 0x5a, 0x5a, 0x45, 0x86, 0x98, 0x90, 0x60, 0x4b, 0x4e, 0x4e, 0x44, 0x64, 0x99
    db 0xee, 0xd3, 0xce, 0x97, 0x9a, 0x9a, 0xbf, 0xf2, 0xe4, 0xe8, 0xef, 0x94, 0x8a, 0x4e, 0x43, 0x44
    db 0x64, 0x65, 0x44, 0x42, 0x65, 0x98, 0x60, 0x5d, 0x5d, 0x5f, 0x41, 0x91, 0x99, 0x8a, 0xd1, 0xed
    db 0xa8, 0xaa, 0xb7, 0xc5, 0xb7, 0xa9, 0xc6, 0xf3, 0xfb, 0xe3, 0xa8, 0xf3, 0xfc, 0xce, 0x8c, 0x8d
    db 0x8d, 0x8d, 0x8d, 0x8c, 0xe4, 0xed, 0xa2, 0xa7, 0xa6, 0xb0, 0xb0, 0xb0, 0xa8, 0xe3, 0xd6, 0xa3
    db 0xa7, 0xa6, 0xa6, 0xa6, 0xa6, 0xa6, 0xa6, 0xa5, 0xa5, 0xb4, 0xb4, 0xb4, 0xb4, 0xa5, 0xa5, 0xd6
    db 0xe2, 0xe2, 0xe2, 0xe2, 0xe2, 0xe2, 0xde, 0xb9, 0xa6, 0xa6, 0xa9, 0xa9, 0xd6, 0xde, 0xdf, 0xe3
    db 0xc4, 0xb0, 0xb0, 0xa3, 0xeb, 0xfe, 0xf9, 0xff, 0xf3, 0xc6, 0xad, 0xac, 0xac, 0xac, 0xac, 0xb8
    db 0xb1, 0xa2, 0xec, 0xff, 0x37, 0x37, 0x37, 0x37, 0x37, 0x37, 0x37, 0x37, 0x37, 0x37, 0x37, 0x37
    db 0x37, 0x37, 0x2f, 0x2f, 0x2f, 0x2f, 0x2f, 0x2f, 0x2f, 0x2f, 0x2f, 0x2f, 0x2f, 0x2f, 0x37, 0x37
    db 0x37, 0x37, 0x37, 0x37, 0x37, 0x37, 0x37, 0x37, 0x37, 0x37, 0x37, 0x37, 0x2f, 0x2f, 0x37, 0x37
    db 0x37, 0x37, 0x37, 0x37, 0x37, 0x37, 0x37, 0x37, 0x37, 0x37, 0x37, 0x37, 0x37, 0x37, 0x37, 0x37
    db 0x37, 0x37, 0x37, 0x2f, 0x2f, 0x2f, 0x37, 0x37, 0x37, 0x37, 0x37, 0x37, 0x37, 0x37, 0x37, 0x37
    db 0x37, 0x37, 0x1e, 0x3f, 0xef, 0x3c, 0x08, 0x3c, 0x5d, 0x47, 0x47, 0x60, 0x8a, 0x91, 0x91, 0x86
    db 0x44, 0x49, 0x48, 0x5a, 0x5a, 0x4e, 0x4e, 0x4e, 0x4e, 0x44, 0x61, 0x89, 0x6d, 0x42, 0x5a, 0x58
    db 0x58, 0x58, 0x86, 0xe8, 0xe5, 0x87, 0xda, 0xf3, 0xef, 0xea, 0xe8, 0xd3, 0x99, 0x9f, 0xd3, 0xe8
    db 0xea, 0x68, 0x45, 0x59, 0x59, 0x59, 0x59, 0x48, 0x60, 0x91, 0xd5, 0x68, 0x41, 0x4d, 0x4d, 0x4d
    db 0x4d, 0x5a, 0x5a, 0x5a, 0x5a, 0x5a, 0x5a, 0x58, 0x49, 0x42, 0x65, 0x86, 0x5a, 0x49, 0x49, 0x5a
    db 0x5a, 0x5a, 0x5a, 0x5a, 0x5a, 0x5a, 0x5a, 0x5a, 0x4e, 0x4e, 0x4e, 0x4e, 0x4e, 0x4e, 0x4e, 0x4b
    db 0x45, 0x61, 0x91, 0x94, 0x86, 0x45, 0x4e, 0x4d, 0x5e, 0x4d, 0x61, 0x94, 0xee, 0xd3, 0xdb, 0x97
    db 0x97, 0x95, 0xdb, 0xf2, 0xe8, 0xf2, 0x9b, 0x94, 0x6a, 0x42, 0x4a, 0x60, 0x65, 0x4a, 0x43, 0x60
    db 0x99, 0x6d, 0x43, 0x5f, 0x5f, 0x58, 0x45, 0xce, 0x94, 0x89, 0x94, 0xf0, 0xc6, 0xab, 0xaa, 0xac
    db 0xb6, 0xa2, 0xe0, 0xfd, 0xf5, 0xd7, 0xa8, 0xf1, 0xff, 0xe7, 0x8c, 0x8d, 0x8d, 0x8d, 0x8d, 0x8c
    db 0x98, 0xf1, 0xc6, 0xae, 0xa7, 0xac, 0xac, 0xb7, 0xa4, 0xe3, 0xd7, 0xa5, 0xa6, 0xa6, 0xa6, 0xa6
    db 0xa6, 0xa3, 0xa3, 0xa6, 0xa6, 0xb0, 0xb0, 0xb0, 0xa6, 0xa6, 0xa5, 0xde, 0xe2, 0xe2, 0xe2, 0xe2
    db 0xe2, 0xe2, 0xd6, 0xaf, 0xb0, 0xb0, 0xa9, 0xa9, 0xd6, 0xde, 0xde, 0xe2, 0xaa, 0xa9, 0xb1, 0xc3
    db 0xf1, 0xff, 0xfa, 0xfe, 0xf1, 0xa8, 0xb0, 0xac, 0xac, 0xac, 0xac, 0xb0, 0xb1, 0xa2, 0xeb, 0xff
    db 0x37, 0x37, 0x37, 0x37, 0x37, 0x37, 0x37, 0x37, 0x37, 0x37, 0x37, 0x37, 0x37, 0x37, 0x2f, 0x2f
    db 0x2f, 0x2f, 0x2f, 0x37, 0x37, 0x37, 0x37, 0x37, 0x37, 0x37, 0x37, 0x37, 0x37, 0x37, 0x37, 0x37
    db 0x37, 0x37, 0x37, 0x37, 0x37, 0x37, 0x37, 0x37, 0x37, 0x37, 0x37, 0x37, 0x37, 0x37, 0x37, 0x37
    db 0x37, 0x37, 0x37, 0x37, 0x37, 0x37, 0x37, 0x37, 0x37, 0x37, 0x37, 0x37, 0x37, 0x37, 0x37, 0x37
    db 0x37, 0x37, 0x37, 0x37, 0x37, 0x37, 0x37, 0x37, 0x37, 0x37, 0x37, 0x37, 0x37, 0x37, 0x0d, 0x73
    db 0xea, 0x08, 0x0d, 0x3f, 0x59, 0x59, 0x59, 0x45, 0x65, 0x91, 0x91, 0x91, 0x67, 0x41, 0x48, 0x5a
    db 0x5a, 0x4e, 0x4e, 0x4e, 0x4e, 0x4e, 0x43, 0x65, 0x89, 0x61, 0x48, 0x5d, 0x5d, 0x58, 0x65, 0xc1
    db 0xee, 0x91, 0xce, 0xf2, 0xee, 0xef, 0xee, 0xea, 0xd3, 0xd3, 0xd3, 0xef, 0xce, 0x61, 0x59, 0x5d
    db 0x59, 0x59, 0x59, 0x4b, 0x61, 0x91, 0xe4, 0x68, 0x43, 0x4d, 0x4d, 0x4d, 0x4d, 0x5a, 0x5a, 0x5a
    db 0x5a, 0x5a, 0x5a, 0x5a, 0x48, 0x60, 0x8f, 0x6d, 0x42, 0x49, 0x49, 0x5a, 0x5a, 0x5a, 0x5a, 0x5a
    db 0x5a, 0x5a, 0x5a, 0x5a, 0x4e, 0x4e, 0x4e, 0x4e, 0x4e, 0x4e, 0x4e, 0x5d, 0x45, 0x6d, 0x94, 0x94
    db 0x67, 0x45, 0x4d, 0x4d, 0x5e, 0x4a, 0x60, 0x91, 0xee, 0xd3, 0xe4, 0x97, 0x97, 0x95, 0xef, 0xf3
    db 0xf2, 0x9b, 0x91, 0x91, 0x60, 0x4e, 0x4e, 0x60, 0x5e, 0x46, 0x5e, 0x90, 0x94, 0x41, 0x5a, 0x5d
    db 0x5d, 0x45, 0x65, 0xe4, 0x91, 0x8f, 0x8f, 0xef, 0xd9, 0xa4, 0xb6, 0xc5, 0xb7, 0xc3, 0xf0, 0xff
    db 0xf1, 0xa8, 0xa1, 0xf0, 0xf5, 0xee, 0x8c, 0x8d, 0x8d, 0x8d, 0x8d, 0x8c, 0x8c, 0xee, 0xe0, 0xa3
    db 0xb8, 0xac, 0xac, 0xac, 0xa2, 0xe3, 0xd7, 0xa5, 0xa6, 0xa6, 0xa6, 0xa6, 0xa6, 0xa6, 0xa6, 0xa6
    db 0xa6, 0xb0, 0xa6, 0xb0, 0xa6, 0xa6, 0xb9, 0xe2, 0xe2, 0xe2, 0xe2, 0xe2, 0xe2, 0xe2, 0xc5, 0xa9
    db 0xb0, 0xb0, 0xac, 0xa9, 0xd6, 0xe2, 0xde, 0xe2, 0xa4, 0xa9, 0xa7, 0xc6, 0xf4, 0xfe, 0xfa, 0xff
    db 0xf0, 0xa8, 0xb7, 0xac, 0xac, 0xa9, 0xa9, 0xb0, 0xb1, 0xa4, 0xe0, 0xfb, 0x37, 0x37, 0x37, 0x37
    db 0x37, 0x37, 0x37, 0x37, 0x37, 0x37, 0x37, 0x37, 0x37, 0x37, 0x2f, 0x2f, 0x37, 0x2f, 0x2f, 0x2f
    db 0x37, 0x37, 0x37, 0x37, 0x37, 0x37, 0x37, 0x37, 0x37, 0x37, 0x37, 0x37, 0x37, 0x37, 0x37, 0x37
    db 0x37, 0x37, 0x37, 0x37, 0x37, 0x37, 0x37, 0x37, 0x37, 0x37, 0x37, 0x37, 0x37, 0x37, 0x37, 0x37
    db 0x37, 0x37, 0x37, 0x37, 0x37, 0x37, 0x37, 0x37, 0x37, 0x37, 0x37, 0x37, 0x37, 0x3a, 0x37, 0x37
    db 0x37, 0x37, 0x37, 0x37, 0x37, 0x37, 0x37, 0x37, 0x37, 0x3a, 0x0d, 0xe5, 0x88, 0x08, 0x1e, 0x4b
    db 0x59, 0x59, 0x5d, 0x5d, 0x43, 0x6a, 0x91, 0x94, 0x89, 0x61, 0x41, 0x48, 0x5a, 0x4e, 0x4e, 0x4e
    db 0x4e, 0x4e, 0x4e, 0x44, 0x68, 0x89, 0x61, 0x4e, 0x5f, 0x5f, 0x5f, 0x87, 0xee, 0xc1, 0xd3, 0xf2
    db 0xea, 0xea, 0xee, 0xee, 0xe7, 0xdb, 0xe4, 0xef, 0x91, 0x47, 0x47, 0x4d, 0x5e, 0x4d, 0x4d, 0x4b
    db 0x61, 0x91, 0xe5, 0x67, 0x43, 0x4d, 0x5e, 0x4d, 0x4d, 0x5a, 0x5a, 0x5a, 0x5a, 0x5b, 0x5a, 0x4a
    db 0x43, 0x86, 0x98, 0x67, 0x43, 0x4a, 0x4a, 0x48, 0x5a, 0x5a, 0x5a, 0x5a, 0x5a, 0x5a, 0x5a, 0x5a
    db 0x4e, 0x4e, 0x4e, 0x4e, 0x4e, 0x4e, 0x4e, 0x48, 0x5d, 0x8a, 0x94, 0x8f, 0x60, 0x58, 0x5d, 0x4d
    db 0x4d, 0x4a, 0x60, 0x89, 0xee, 0xdb, 0xe5, 0x97, 0x97, 0xbc, 0xf5, 0xf4, 0xa0, 0x8f, 0x94, 0x6d
    db 0x44, 0x5e, 0x5e, 0x5e, 0x5e, 0x50, 0x86, 0xe4, 0x62, 0x45, 0x5c, 0x5c, 0x5a, 0x41, 0x86, 0xdb
    db 0x8f, 0x91, 0x8f, 0xea, 0xec, 0xd7, 0xb1, 0xb7, 0xa8, 0xd9, 0xf6, 0xff, 0xe3, 0xa2, 0xa1, 0xed
    db 0xef, 0xf2, 0x8d, 0x8d, 0x8d, 0x8c, 0x8c, 0x8c, 0x8c, 0xdb, 0xed, 0xc3, 0xac, 0xac, 0xac, 0xac
    db 0xa2, 0xe3, 0xd9, 0xa3, 0xa6, 0xa3, 0xa6, 0xa6, 0xa6, 0xa6, 0xa6, 0xa6, 0xa6, 0xa6, 0xa6, 0xa6
    db 0xa6, 0xa3, 0xd6, 0xe2, 0xe2, 0xe2, 0xe2, 0xde, 0xe2, 0xde, 0xb0, 0xab, 0xb0, 0xb9, 0xac, 0xa9
    db 0xd6, 0xe2, 0xde, 0xde, 0xa3, 0xa7, 0xa2, 0xe0, 0xfd, 0xfc, 0xfb, 0xff, 0xed, 0xa4, 0xb8, 0xac
    db 0xac, 0xac, 0xac, 0xb7, 0xb1, 0xa9, 0xd9, 0xf8, 0x37, 0x37, 0x37, 0x37, 0x37, 0x37, 0x37, 0x37
    db 0x37, 0x37, 0x37, 0x37, 0x37, 0x37, 0x37, 0x37, 0x37, 0x37, 0x2f, 0x2f, 0x37, 0x37, 0x37, 0x37
    db 0x37, 0x37, 0x37, 0x37, 0x37, 0x37, 0x37, 0x37, 0x37, 0x37, 0x37, 0x37, 0x37, 0x37, 0x37, 0x37
    db 0x37, 0x37, 0x37, 0x37, 0x37, 0x37, 0x37, 0x37, 0x37, 0x37, 0x37, 0x37, 0x37, 0x37, 0x37, 0x37
    db 0x37, 0x37, 0x37, 0x37, 0x37, 0x37, 0x37, 0x37, 0x37, 0x3a, 0x37, 0x37, 0x37, 0x37, 0x37, 0x37
    db 0x37, 0x37, 0x37, 0x37, 0x37, 0x1e, 0x40, 0xef, 0x3c, 0x08, 0x3c, 0x5f, 0x4a, 0x50, 0x5e, 0x5e
    db 0x5e, 0x43, 0x67, 0x91, 0x94, 0x8f, 0x68, 0x59, 0x42, 0x4a, 0x4e, 0x4e, 0x4e, 0x4e, 0x4e, 0x58
    db 0x45, 0x6d, 0x90, 0x60, 0x50, 0x5f, 0x59, 0x67, 0xdb, 0xe8, 0xd3, 0xef, 0xea, 0xea, 0xea, 0xef
    db 0xe8, 0xda, 0xee, 0xe4, 0x8f, 0x43, 0x59, 0x4d, 0x5e, 0x5e, 0x5e, 0x4b, 0x61, 0x90, 0xe4, 0x65
    db 0x43, 0x4d, 0x4d, 0x4d, 0x4a, 0x5a, 0x5a, 0x5a, 0x5a, 0x5b, 0x4f, 0x44, 0x64, 0x91, 0x91, 0x60
    db 0x43, 0x4a, 0x4a, 0x48, 0x48, 0x5a, 0x5a, 0x5a, 0x5a, 0x5a, 0x5a, 0x5a, 0x4e, 0x4e, 0x4e, 0x4e
    db 0x4e, 0x4e, 0x4e, 0x46, 0x65, 0x91, 0x94, 0x86, 0x43, 0x5b, 0x4e, 0x4d, 0x4d, 0x4d, 0x5e, 0x8a
    db 0xee, 0xe4, 0xdb, 0x9a, 0x95, 0xe8, 0xf5, 0xc2, 0x8f, 0x91, 0x91, 0x61, 0x4a, 0x5e, 0x5e, 0x5e
    db 0x5b, 0x6f, 0xe5, 0x7a, 0x3f, 0x5d, 0x5f, 0x5c, 0x4b, 0x3f, 0x99, 0xc0, 0x6f, 0x8f, 0x8f, 0xe5
    db 0xf3, 0xed, 0xa8, 0xa6, 0xa1, 0xeb, 0xff, 0xf4, 0xd7, 0xa9, 0xa8, 0xed, 0xe9, 0xf0, 0x9f, 0x8c
    db 0x8d, 0x8c, 0x8c, 0x8c, 0x8d, 0x98, 0xf1, 0xd7, 0xaa, 0xb7, 0xad, 0xac, 0xa2, 0xe0, 0xd9, 0xa3
    db 0xa6, 0xa6, 0xa6, 0xa6, 0xa6, 0xa6, 0xa6, 0xa6, 0xa6, 0xa6, 0xa6, 0xa6, 0xa6, 0xa6, 0xde, 0xe2
    db 0xe2, 0xe2, 0xe2, 0xde, 0xe2, 0xd6, 0xa6, 0xa9, 0xb0, 0xb9, 0xc5, 0xac, 0xd6, 0xe2, 0xde, 0xde
    db 0xb1, 0xae, 0xa1, 0xed, 0xff, 0xfc, 0xfb, 0xff, 0xeb, 0xa2, 0xad, 0xac, 0xac, 0xac, 0xac, 0xb7
    db 0xb1, 0xa7, 0xd7, 0xf4, 0x37, 0x37, 0x37, 0x37, 0x37, 0x37, 0x37, 0x37, 0x37, 0x37, 0x37, 0x37
    db 0x37, 0x37, 0x37, 0x37, 0x37, 0x2f, 0x2f, 0x2f, 0x37, 0x37, 0x37, 0x37, 0x37, 0x37, 0x37, 0x37
    db 0x37, 0x37, 0x37, 0x37, 0x37, 0x37, 0x37, 0x37, 0x37, 0x37, 0x37, 0x37, 0x37, 0x37, 0x37, 0x37
    db 0x37, 0x37, 0x37, 0x37, 0x37, 0x37, 0x37, 0x37, 0x37, 0x37, 0x37, 0x37, 0x37, 0x37, 0x37, 0x37
    db 0x37, 0x37, 0x37, 0x37, 0x37, 0x37, 0x3a, 0x37, 0x37, 0x37, 0x37, 0x37, 0x37, 0x37, 0x37, 0x36
    db 0x38, 0x0d, 0x88, 0xda, 0x08, 0x16, 0x44, 0x5d, 0x4d, 0x4d, 0x5e, 0x4d, 0x4d, 0x5e, 0x43, 0x61
    db 0x86, 0x94, 0x94, 0x87, 0x67, 0x5e, 0x42, 0x42, 0x42, 0x4a, 0x59, 0x5c, 0x5d, 0x43, 0x86, 0x90
    db 0x60, 0x59, 0x5a, 0x61, 0x8f, 0xef, 0xe5, 0xef, 0xea, 0xea, 0xee, 0xef, 0xea, 0xd3, 0xef, 0x97
    db 0x99, 0x45, 0x59, 0x4d, 0x4d, 0x5e, 0x5e, 0x47, 0x61, 0x8f, 0xe4, 0x67, 0x42, 0x59, 0x5a, 0x5a
    db 0x5a, 0x5a, 0x5a, 0x5a, 0x5a, 0x5d, 0x59, 0x45, 0x6f, 0x94, 0x7a, 0x43, 0x4a, 0x4a, 0x4a, 0x47
    db 0x47, 0x47, 0x59, 0x5a, 0x5a, 0x5a, 0x5a, 0x5a, 0x4e, 0x4e, 0x4e, 0x4e, 0x4e, 0x4d, 0x4e, 0x44
    db 0x7a, 0x91, 0x91, 0x6a, 0x42, 0x5a, 0x5e, 0x5e, 0x5e, 0x5e, 0x5e, 0x8a, 0xea, 0xe4, 0xd3, 0x9a
    db 0x97, 0xef, 0xe4, 0x89, 0x91, 0x94, 0x7a, 0x43, 0x4d, 0x4e, 0x5d, 0x58, 0x6e, 0xdb, 0x98, 0x3f
    db 0x5c, 0x5c, 0x5d, 0x5a, 0x58, 0x4a, 0xdb, 0x91, 0x64, 0x89, 0x91, 0xc8, 0xf7, 0xf4, 0xc6, 0xa1
    db 0xc6, 0xf3, 0xff, 0xed, 0xa8, 0xc5, 0xc3, 0xf0, 0xd9, 0xed, 0xe4, 0x8b, 0x8c, 0x8c, 0x8c, 0x8c
    db 0x8d, 0x8c, 0xee, 0xe3, 0xa2, 0xaa, 0xa6, 0xad, 0xa2, 0xd9, 0xe0, 0xa8, 0xac, 0xaa, 0xaf, 0xb3
    db 0xb4, 0xa6, 0xa6, 0xa6, 0xa6, 0xa6, 0xa6, 0xa6, 0xa3, 0xb9, 0xde, 0xe2, 0xe2, 0xe2, 0xde, 0xe2
    db 0xde, 0xb6, 0xa6, 0xa6, 0xab, 0xac, 0xac, 0xb7, 0xd6, 0xe2, 0xe2, 0xde, 0xb1, 0xa1, 0xc6, 0xf4
    db 0xff, 0xf9, 0xfc, 0xfb, 0xe0, 0xa2, 0xad, 0xac, 0xac, 0xac, 0xac, 0xb7, 0xb8, 0xab, 0xc6, 0xf3
    db 0x37, 0x37, 0x37, 0x37, 0x37, 0x37, 0x37, 0x37, 0x37, 0x37, 0x37, 0x37, 0x37, 0x37, 0x37, 0x37
    db 0x2f, 0x2f, 0x2f, 0x2f, 0x37, 0x37, 0x37, 0x37, 0x37, 0x37, 0x37, 0x37, 0x37, 0x37, 0x37, 0x37
    db 0x37, 0x37, 0x37, 0x37, 0x37, 0x37, 0x37, 0x37, 0x37, 0x37, 0x37, 0x37, 0x37, 0x37, 0x37, 0x37
    db 0x37, 0x37, 0x37, 0x37, 0x37, 0x37, 0x37, 0x37, 0x37, 0x37, 0x37, 0x37, 0x37, 0x37, 0x37, 0x37
    db 0x37, 0x37, 0x3a, 0x3a, 0x37, 0x37, 0x37, 0x37, 0x37, 0x37, 0x37, 0x36, 0x30, 0x17, 0xe7, 0x6a
    db 0x08, 0x3b, 0x5e, 0x5b, 0x5e, 0x5e, 0x5e, 0x4d, 0x4d, 0x5d, 0x59, 0x45, 0x47, 0x68, 0x8a, 0x91
    db 0x94, 0x8f, 0x7a, 0x6a, 0x65, 0x5f, 0x59, 0x5d, 0x5d, 0x4a, 0x5e, 0x90, 0x91, 0x5e, 0x4a, 0x44
    db 0x6f, 0xee, 0xee, 0xef, 0xea, 0xea, 0xef, 0xef, 0xe8, 0xe5, 0xee, 0x8e, 0xdb, 0x5e, 0x4a, 0x4d
    db 0x4d, 0x5e, 0x5e, 0x45, 0x64, 0x91, 0xe5, 0x68, 0x41, 0x59, 0x5a, 0x5a, 0x5a, 0x5a, 0x5a, 0x5a
    db 0x5a, 0x59, 0x47, 0x61, 0x90, 0x94, 0x65, 0x43, 0x4a, 0x4a, 0x4a, 0x47, 0x47, 0x47, 0x59, 0x5a
    db 0x5a, 0x5a, 0x5a, 0x5a, 0x4e, 0x4e, 0x4e, 0x4e, 0x4e, 0x4d, 0x4a, 0x61, 0x91, 0x91, 0x91, 0x61
    db 0x48, 0x5a, 0x4e, 0x4e, 0x4e, 0x4e, 0x4d, 0x87, 0xe8, 0xe5, 0xc2, 0x97, 0xd3, 0xf0, 0x91, 0x91
    db 0x94, 0x94, 0x64, 0x44, 0x4d, 0x5d, 0x45, 0x6d, 0xc8, 0xe7, 0x60, 0x45, 0x5c, 0x5d, 0x5d, 0x5a
    db 0x48, 0x64, 0xe7, 0x86, 0x60, 0x89, 0x91, 0x98, 0xf4, 0xfd, 0xd9, 0xa1, 0xe0, 0xff, 0xf8, 0xd9
    db 0xaa, 0xc5, 0xc6, 0xf1, 0xd7, 0xe3, 0xec, 0x8b, 0x8c, 0x8c, 0x8c, 0x8c, 0x8d, 0x8c, 0xdb, 0xf0
    db 0xa8, 0xaa, 0xa6, 0xad, 0xaa, 0xd6, 0xe2, 0xd6, 0xc5, 0xc4, 0xac, 0xad, 0xb2, 0xa6, 0xa6, 0xa6
    db 0xa6, 0xa6, 0xa6, 0xa6, 0xa6, 0xd6, 0xe2, 0xe2, 0xe2, 0xe2, 0xde, 0xde, 0xd6, 0xae, 0xae, 0xae
    db 0xa6, 0xa6, 0xab, 0xad, 0xc5, 0xde, 0xde, 0xde, 0xb6, 0xa1, 0xe3, 0xff, 0xfb, 0xfd, 0xfe, 0xf8
    db 0xd9, 0xa3, 0xac, 0xac, 0xac, 0xac, 0xac, 0xb7, 0xb8, 0xac, 0xc3, 0xf0, 0x37, 0x37, 0x37, 0x37
    db 0x37, 0x37, 0x37, 0x37, 0x37, 0x37, 0x37, 0x37, 0x37, 0x37, 0x37, 0x2f, 0x2f, 0x2f, 0x2f, 0x37
    db 0x37, 0x37, 0x37, 0x37, 0x37, 0x37, 0x37, 0x37, 0x37, 0x37, 0x37, 0x37, 0x37, 0x37, 0x37, 0x37
    db 0x37, 0x37, 0x37, 0x37, 0x37, 0x37, 0x37, 0x37, 0x37, 0x37, 0x37, 0x37, 0x37, 0x37, 0x37, 0x37
    db 0x37, 0x37, 0x37, 0x37, 0x37, 0x37, 0x37, 0x37, 0x37, 0x37, 0x37, 0x37, 0x37, 0x37, 0x37, 0x37
    db 0x37, 0x37, 0x37, 0x37, 0x37, 0x37, 0x37, 0x36, 0x29, 0x40, 0xef, 0x3b, 0x0d, 0x43, 0x5f, 0x5a
    db 0x4d, 0x4d, 0x4d, 0x4d, 0x44, 0x45, 0x42, 0x42, 0x45, 0x41, 0x5a, 0x60, 0x64, 0x67, 0x6d, 0x6d
    db 0x6d, 0x64, 0x47, 0x59, 0x59, 0x4d, 0x44, 0x61, 0x98, 0x87, 0x42, 0x44, 0x65, 0xdb, 0xf7, 0xef
    db 0xea, 0xea, 0xef, 0xee, 0xda, 0xef, 0xc1, 0x8e, 0xe4, 0x60, 0x45, 0x4a, 0x5e, 0x4d, 0x4d, 0x43
    db 0x64, 0x91, 0xe4, 0x68, 0x41, 0x47, 0x5a, 0x5a, 0x5a, 0x5a, 0x5a, 0x5a, 0x5a, 0x5a, 0x42, 0x6a
    db 0x94, 0x89, 0x60, 0x44, 0x4a, 0x4a, 0x47, 0x47, 0x47, 0x47, 0x59, 0x48, 0x5a, 0x5a, 0x5a, 0x5a
    db 0x4e, 0x4e, 0x4e, 0x4e, 0x4e, 0x4d, 0x44, 0x6a, 0x94, 0x91, 0x86, 0x44, 0x48, 0x5a, 0x4e, 0x4e
    db 0x4e, 0x4e, 0x4d, 0x87, 0xe7, 0xe5, 0x9a, 0x95, 0xea, 0xee, 0x98, 0x94, 0x94, 0x86, 0x43, 0x4a
    db 0x59, 0x45, 0x6a, 0x98, 0xea, 0x6a, 0x41, 0x4e, 0x5b, 0x5d, 0x5d, 0x5d, 0x41, 0x7a, 0xe5, 0x6d
    db 0x5d, 0x89, 0x91, 0x8f, 0xef, 0xff, 0xeb, 0xa8, 0xf1, 0xff, 0xf3, 0xc6, 0xaa, 0xa9, 0xc6, 0xf1
    db 0xc6, 0xd9, 0xf2, 0x8c, 0x8c, 0x8c, 0x8c, 0x8c, 0x8d, 0x8c, 0x95, 0xf1, 0xd7, 0xa2, 0xab, 0xb1
    db 0xb6, 0xaa, 0xdf, 0xeb, 0xe3, 0xd6, 0xb6, 0xb6, 0xa9, 0xa5, 0xa6, 0xa3, 0xa6, 0xa6, 0xa6, 0xa6
    db 0xa6, 0xde, 0xe2, 0xde, 0xe2, 0xde, 0xe2, 0xde, 0xb0, 0xa6, 0xa3, 0xa3, 0xa3, 0xa3, 0xab, 0xd6
    db 0xdf, 0xdf, 0xe3, 0xd6, 0xc5, 0xc3, 0xf1, 0xff, 0xfb, 0xf7, 0xfe, 0xf5, 0xd7, 0xa3, 0xab, 0xb7
    db 0xab, 0xb7, 0xb7, 0xb7, 0xad, 0xac, 0xa4, 0xeb, 0x37, 0x37, 0x37, 0x37, 0x37, 0x37, 0x37, 0x37
    db 0x37, 0x37, 0x37, 0x37, 0x37, 0x37, 0x37, 0x2f, 0x2f, 0x2f, 0x2f, 0x37, 0x37, 0x37, 0x37, 0x37
    db 0x37, 0x37, 0x37, 0x37, 0x37, 0x37, 0x37, 0x37, 0x37, 0x37, 0x37, 0x37, 0x37, 0x37, 0x37, 0x37
    db 0x37, 0x37, 0x37, 0x37, 0x37, 0x37, 0x37, 0x37, 0x37, 0x37, 0x37, 0x37, 0x37, 0x37, 0x37, 0x37
    db 0x37, 0x37, 0x37, 0x37, 0x37, 0x37, 0x37, 0x37, 0x37, 0x37, 0x37, 0x37, 0x37, 0x37, 0x37, 0x37
    db 0x37, 0x37, 0x37, 0x36, 0x0d, 0x83, 0xd3, 0x08, 0x3b, 0x60, 0x5d, 0x5c, 0x47, 0x43, 0x41, 0x5e
    db 0x64, 0x67, 0x6e, 0x6f, 0x6e, 0x64, 0x5d, 0x58, 0x48, 0x45, 0x42, 0x42, 0x45, 0x48, 0x5d, 0x59
    db 0x59, 0x4d, 0x4d, 0x43, 0x68, 0xca, 0x6f, 0x43, 0x60, 0x98, 0xf5, 0xef, 0xea, 0xee, 0xef, 0xea
    db 0xe4, 0xea, 0x8f, 0x8f, 0xe5, 0x5e, 0x43, 0x4a, 0x5e, 0x4d, 0x4d, 0x42, 0x65, 0x91, 0xe4, 0x68
    db 0x41, 0x47, 0x5a, 0x5a, 0x5a, 0x5a, 0x5a, 0x5a, 0x5a, 0x5a, 0x59, 0x8a, 0x94, 0x6d, 0x43, 0x4a
    db 0x4a, 0x4a, 0x47, 0x47, 0x47, 0x47, 0x59, 0x48, 0x5a, 0x5a, 0x5a, 0x5a, 0x4e, 0x4e, 0x4e, 0x4e
    db 0x4e, 0x4d, 0x4e, 0x87, 0x91, 0x91, 0x68, 0x43, 0x48, 0x5a, 0x4e, 0x4e, 0x4e, 0x4b, 0x5e, 0x8a
    db 0xe4, 0xe5, 0x97, 0x95, 0xf2, 0xea, 0xbe, 0x94, 0x94, 0x67, 0x44, 0x50, 0x44, 0x68, 0x94, 0xea
    db 0x8a, 0x3f, 0x5a, 0x50, 0x4e, 0x5c, 0x5d, 0x5d, 0x41, 0x91, 0xce, 0x64, 0x5f, 0x89, 0x91, 0x89
    db 0xea, 0xff, 0xf0, 0xd8, 0xf6, 0xff, 0xed, 0xa8, 0xc4, 0xa8, 0xd7, 0xf0, 0xc3, 0xe0, 0xf6, 0x9a
    db 0x8c, 0x8c, 0x8c, 0x8c, 0x8d, 0x8d, 0x8b, 0xea, 0xeb, 0xa2, 0xad, 0xb9, 0xac, 0xc5, 0xc4, 0xd7
    db 0xeb, 0xed, 0xeb, 0xd9, 0xd6, 0xd6, 0xd6, 0xb0, 0xb0, 0xa6, 0xa6, 0xb0, 0xa6, 0xde, 0xe2, 0xde
    db 0xde, 0xde, 0xe2, 0xd6, 0xaf, 0xb0, 0xa3, 0xa2, 0xb1, 0xd6, 0xd6, 0xdf, 0xe3, 0xe3, 0xd7, 0xc4
    db 0xc5, 0xc6, 0xf4, 0xfe, 0xff, 0xea, 0xee, 0xf4, 0xc6, 0xb2, 0xab, 0xb0, 0xae, 0xb0, 0xb0, 0xb0
    db 0xab, 0xc4, 0xa3, 0xe0, 0x37, 0x37, 0x37, 0x37, 0x37, 0x37, 0x37, 0x37, 0x37, 0x37, 0x37, 0x37
    db 0x37, 0x37, 0x37, 0x2f, 0x37, 0x37, 0x37, 0x37, 0x37, 0x37, 0x37, 0x37, 0x37, 0x37, 0x37, 0x37
    db 0x37, 0x37, 0x37, 0x37, 0x37, 0x37, 0x37, 0x37, 0x37, 0x37, 0x37, 0x37, 0x37, 0x37, 0x37, 0x37
    db 0x37, 0x37, 0x37, 0x37, 0x37, 0x37, 0x37, 0x37, 0x37, 0x37, 0x37, 0x37, 0x37, 0x37, 0x37, 0x37
    db 0x37, 0x37, 0x37, 0x3a, 0x37, 0x37, 0x37, 0x37, 0x37, 0x37, 0x37, 0x37, 0x37, 0x37, 0x37, 0x38
    db 0x1f, 0xe5, 0x68, 0x0d, 0x46, 0x5f, 0x5f, 0x45, 0x42, 0x64, 0x6d, 0x8a, 0x94, 0xc0, 0xe5, 0xdb
    db 0x91, 0x67, 0x5a, 0x5a, 0x48, 0x4b, 0x5e, 0x4e, 0x4e, 0x59, 0x4d, 0x5d, 0x5c, 0x59, 0x4d, 0x44
    db 0x44, 0x87, 0xd5, 0x6a, 0x45, 0x86, 0xf2, 0xef, 0xea, 0xee, 0xef, 0xe8, 0xef, 0xc2, 0x8f, 0x8f
    db 0xe7, 0x60, 0x44, 0x4a, 0x50, 0x4a, 0x4d, 0x42, 0x68, 0x91, 0xe5, 0x6d, 0x41, 0x48, 0x48, 0x5a
    db 0x5a, 0x5a, 0x5a, 0x5a, 0x5a, 0x45, 0x64, 0x91, 0x91, 0x64, 0x43, 0x4a, 0x4a, 0x4a, 0x4a, 0x48
    db 0x59, 0x59, 0x5a, 0x58, 0x5a, 0x5a, 0x4e, 0x4e, 0x4e, 0x4e, 0x4e, 0x4e, 0x4e, 0x4a, 0x64, 0x91
    db 0x91, 0x8f, 0x61, 0x45, 0x48, 0x5a, 0x4e, 0x4e, 0x4e, 0x4a, 0x5f, 0x89, 0xd3, 0xe5, 0x95, 0xd3
    db 0xf4, 0xe8, 0x91, 0x94, 0x8a, 0x5e, 0x5b, 0x4a, 0x6d, 0x91, 0xea, 0xc0, 0x41, 0x58, 0x4e, 0x50
    db 0x50, 0x5b, 0x5b, 0x58, 0x43, 0xc8, 0x94, 0x60, 0x60, 0x8a, 0x91, 0x90, 0xdb, 0xff, 0xf4, 0xf1
    db 0xff, 0xf8, 0xe0, 0xa4, 0xc4, 0xa4, 0xe0, 0xf0, 0xa1, 0xe3, 0xff, 0xe4, 0x8b, 0x8c, 0x8c, 0x8c
    db 0x8d, 0x8c, 0x8c, 0x9f, 0xf1, 0xc4, 0xad, 0xb7, 0xb7, 0xb8, 0xad, 0xa3, 0xa4, 0xd7, 0xeb, 0xed
    db 0xeb, 0xdf, 0xde, 0xde, 0xde, 0xd6, 0xd6, 0xb9, 0xaf, 0xde, 0xde, 0xde, 0xdf, 0xe2, 0xe2, 0xc5
    db 0xc5, 0xa9, 0xa9, 0xc5, 0xde, 0xe3, 0xeb, 0xe3, 0xd7, 0xaa, 0xaa, 0xb6, 0xc4, 0xec, 0xfb, 0xff
    db 0xf6, 0x8b, 0x97, 0xf1, 0xa8, 0xae, 0xaf, 0xa5, 0xa9, 0xaf, 0xae, 0xb4, 0xb0, 0xb5, 0xa3, 0xd7
    db 0x37, 0x37, 0x37, 0x37, 0x37, 0x37, 0x37, 0x37, 0x37, 0x37, 0x37, 0x37, 0x37, 0x37, 0x37, 0x37
    db 0x37, 0x37, 0x37, 0x37, 0x37, 0x37, 0x37, 0x37, 0x37, 0x37, 0x37, 0x37, 0x37, 0x37, 0x37, 0x37
    db 0x37, 0x37, 0x37, 0x37, 0x37, 0x37, 0x37, 0x37, 0x37, 0x37, 0x37, 0x37, 0x37, 0x37, 0x37, 0x37
    db 0x37, 0x37, 0x37, 0x37, 0x37, 0x37, 0x37, 0x37, 0x37, 0x37, 0x37, 0x37, 0x37, 0x37, 0x37, 0x3a
    db 0x37, 0x37, 0x37, 0x37, 0x37, 0x37, 0x37, 0x37, 0x37, 0x37, 0x37, 0x2b, 0x40, 0xea, 0x2c, 0x3b
    db 0x61, 0x5d, 0x5f, 0x65, 0x86, 0x91, 0x94, 0x94, 0x91, 0x8a, 0x6a, 0x61, 0x42, 0x4a, 0x5a, 0x4b
    db 0x4a, 0x44, 0x44, 0x43, 0x44, 0x4a, 0x4a, 0x5a, 0x5a, 0x4e, 0x4e, 0x4a, 0x43, 0x62, 0x94, 0xc8
    db 0x64, 0x67, 0xea, 0xf2, 0xea, 0xef, 0xee, 0xef, 0xee, 0x8f, 0x91, 0x91, 0xe8, 0x61, 0x43, 0x4e
    db 0x4e, 0x5a, 0x5d, 0x45, 0x6a, 0x8f, 0xe7, 0x6f, 0x41, 0x48, 0x48, 0x5a, 0x5a, 0x5a, 0x5a, 0x5a
    db 0x5a, 0x43, 0x6e, 0x94, 0x87, 0x46, 0x4a, 0x4a, 0x4a, 0x4a, 0x46, 0x48, 0x5a, 0x5a, 0x5a, 0x58
    db 0x5a, 0x5a, 0x4e, 0x4e, 0x4e, 0x4e, 0x4e, 0x4e, 0x4a, 0x44, 0x6e, 0x94, 0x91, 0x86, 0x45, 0x48
    db 0x48, 0x5a, 0x4e, 0x4e, 0x4e, 0x4a, 0x60, 0x89, 0xd3, 0xe7, 0x8f, 0xe8, 0xf5, 0xa0, 0x8f, 0x94
    db 0x68, 0x44, 0x4b, 0x6d, 0x94, 0xe7, 0xe4, 0x50, 0x4a, 0x59, 0x4e, 0x4e, 0x4e, 0x4e, 0x5d, 0x58
    db 0x60, 0xe4, 0x86, 0x48, 0x61, 0x8a, 0x98, 0x94, 0xc0, 0xf6, 0xfb, 0xfb, 0xff, 0xf3, 0xc6, 0xa9
    db 0xa9, 0xc5, 0xeb, 0xed, 0xa1, 0xe3, 0xff, 0xee, 0x8b, 0x8c, 0x8c, 0x8c, 0x8c, 0x8c, 0x8d, 0x8c
    db 0xef, 0xe0, 0xa9, 0xaf, 0xa6, 0xb0, 0xa6, 0xa6, 0xa7, 0xae, 0xa2, 0xd7, 0xeb, 0xed, 0xeb, 0xdf
    db 0xde, 0xde, 0xde, 0xde, 0xde, 0xde, 0xde, 0xde, 0xde, 0xe2, 0xde, 0xa5, 0xa9, 0xd6, 0xdf, 0xeb
    db 0xed, 0xeb, 0xd9, 0xa4, 0xa7, 0xab, 0xc5, 0xa5, 0xd7, 0xf6, 0xff, 0xff, 0xe5, 0x6c, 0x6f, 0xc7
    db 0xc5, 0xb1, 0xa7, 0xa5, 0xaf, 0xa9, 0xa6, 0xa6, 0xb0, 0xae, 0xa4, 0xc5, 0x37, 0x37, 0x37, 0x37
    db 0x37, 0x37, 0x37, 0x37, 0x37, 0x37, 0x37, 0x37, 0x37, 0x37, 0x37, 0x37, 0x37, 0x37, 0x37, 0x37
    db 0x37, 0x37, 0x37, 0x37, 0x37, 0x37, 0x37, 0x37, 0x37, 0x37, 0x37, 0x37, 0x37, 0x37, 0x37, 0x37
    db 0x37, 0x37, 0x37, 0x37, 0x37, 0x37, 0x37, 0x37, 0x37, 0x37, 0x37, 0x37, 0x37, 0x37, 0x37, 0x37
    db 0x37, 0x37, 0x37, 0x37, 0x37, 0x37, 0x37, 0x37, 0x37, 0x37, 0x37, 0x37, 0x37, 0x37, 0x37, 0x37
    db 0x37, 0x37, 0x37, 0x37, 0x2f, 0x37, 0x37, 0x1f, 0x68, 0xbf, 0x08, 0x3f, 0x5f, 0x65, 0x8a, 0x94
    db 0x98, 0x94, 0x91, 0x6f, 0x64, 0x58, 0x41, 0x45, 0x5a, 0x5a, 0x5d, 0x5a, 0x61, 0x68, 0x6a, 0x68
    db 0x65, 0x60, 0x43, 0x41, 0x42, 0x44, 0x4b, 0x4e, 0x4b, 0x42, 0x6d, 0x99, 0x91, 0x64, 0xc0, 0xf3
    db 0xee, 0xf0, 0xef, 0xf2, 0x94, 0x8a, 0x89, 0x90, 0xee, 0x60, 0x42, 0x5b, 0x5d, 0x5f, 0x5c, 0x45
    db 0x6d, 0x8f, 0xe8, 0x86, 0x3f, 0x48, 0x5a, 0x5a, 0x5a, 0x5a, 0x5a, 0x5a, 0x48, 0x60, 0x89, 0x94
    db 0x6a, 0x42, 0x4a, 0x4a, 0x4a, 0x4a, 0x4a, 0x48, 0x48, 0x48, 0x48, 0x58, 0x5a, 0x5a, 0x4e, 0x4e
    db 0x4e, 0x4e, 0x4e, 0x4e, 0x4a, 0x60, 0x8f, 0x91, 0x94, 0x6a, 0x41, 0x48, 0x48, 0x5a, 0x4e, 0x4e
    db 0x4e, 0x4a, 0x61, 0x89, 0xce, 0xe7, 0x95, 0xf2, 0xea, 0x8f, 0x94, 0x8f, 0x60, 0x44, 0x6d, 0x94
    db 0xe5, 0xea, 0x61, 0x45, 0x4e, 0x4e, 0x4e, 0x4e, 0x4e, 0x4e, 0x4e, 0x45, 0x68, 0xe4, 0x68, 0x45
    db 0x61, 0x89, 0xc0, 0x98, 0x94, 0xf3, 0xff, 0xfa, 0xff, 0xed, 0xa8, 0xaa, 0xa9, 0xde, 0xed, 0xed
    db 0xa1, 0xe0, 0xfd, 0xf2, 0x8c, 0x8c, 0x8c, 0x8c, 0x8c, 0x8d, 0x8d, 0x8c, 0xe4, 0xed, 0xa8, 0xa6
    db 0xa3, 0xa6, 0xa6, 0xa6, 0xae, 0xb5, 0xb8, 0xb8, 0xa4, 0xc6, 0xe3, 0xed, 0xeb, 0xdf, 0xde, 0xde
    db 0xde, 0xde, 0xde, 0xde, 0xde, 0xde, 0xc5, 0xb8, 0xd9, 0xeb, 0xf1, 0xed, 0xd7, 0xa8, 0xa7, 0xad
    db 0xac, 0xb7, 0xac, 0xa8, 0xe3, 0xff, 0xfa, 0xe8, 0x6f, 0x6e, 0x6e, 0x63, 0x80, 0xc5, 0xb9, 0xb4
    db 0xa6, 0xaf, 0xa9, 0xa6, 0xa6, 0xa6, 0xb0, 0xb7, 0x37, 0x37, 0x37, 0x37, 0x37, 0x37, 0x37, 0x37
    db 0x37, 0x37, 0x37, 0x37, 0x37, 0x37, 0x37, 0x37, 0x37, 0x37, 0x37, 0x37, 0x37, 0x37, 0x37, 0x37
    db 0x37, 0x37, 0x37, 0x37, 0x37, 0x37, 0x37, 0x37, 0x37, 0x37, 0x37, 0x37, 0x37, 0x37, 0x37, 0x37
    db 0x37, 0x37, 0x37, 0x37, 0x37, 0x37, 0x37, 0x37, 0x37, 0x37, 0x37, 0x37, 0x37, 0x37, 0x37, 0x37
    db 0x37, 0x37, 0x37, 0x37, 0x37, 0x37, 0x37, 0x37, 0x37, 0x37, 0x37, 0x37, 0x37, 0x37, 0x37, 0x37
    db 0x37, 0x37, 0x37, 0x0d, 0x8f, 0x72, 0x0d, 0x4f, 0x6d, 0x94, 0x94, 0x98, 0x91, 0x6e, 0x61, 0x42
    db 0x45, 0x48, 0x5a, 0x4b, 0x4e, 0x4e, 0x5c, 0x48, 0x7a, 0x90, 0x86, 0x83, 0x77, 0x87, 0x8a, 0x6f
    db 0x65, 0x61, 0x4f, 0x44, 0x5a, 0x58, 0x61, 0x91, 0x98, 0x7a, 0x86, 0xf2, 0xee, 0xf2, 0xf7, 0xea
    db 0xdb, 0xd5, 0xc1, 0xc0, 0xef, 0x68, 0x50, 0x44, 0x41, 0x3f, 0x3f, 0x3f, 0x6d, 0x8a, 0xea, 0x88
    db 0x3f, 0x58, 0x5a, 0x5a, 0x5a, 0x5a, 0x5a, 0x5a, 0x42, 0x67, 0x94, 0x8f, 0x61, 0x48, 0x4a, 0x4a
    db 0x4a, 0x4a, 0x4a, 0x48, 0x48, 0x5a, 0x5a, 0x58, 0x5a, 0x5a, 0x4e, 0x4e, 0x4e, 0x4e, 0x4e, 0x4e
    db 0x43, 0x68, 0x94, 0x91, 0x91, 0x61, 0x45, 0x48, 0x48, 0x5a, 0x4e, 0x4e, 0x4e, 0x4b, 0x61, 0x8f
    db 0xce, 0xe4, 0xda, 0xf2, 0x98, 0x91, 0x94, 0x6f, 0x3f, 0x6e, 0x94, 0xdb, 0xee, 0x65, 0x43, 0x5c
    db 0x5a, 0x5b, 0x4e, 0x4e, 0x4e, 0x4e, 0x4b, 0x41, 0x86, 0xca, 0x62, 0x42, 0x65, 0x91, 0xc8, 0x91
    db 0x8f, 0xef, 0xff, 0xf9, 0xfd, 0xe0, 0xa1, 0xa9, 0xd6, 0xe2, 0xed, 0xed, 0xa1, 0xc6, 0xf1, 0xf7
    db 0xa0, 0x8c, 0x8c, 0x8c, 0x8c, 0x8d, 0x8d, 0x8d, 0x8d, 0xf0, 0xd7, 0xa3, 0xa3, 0xa3, 0xa6, 0xa6
    db 0xae, 0xb0, 0xad, 0xad, 0xb1, 0xaa, 0xa4, 0xc5, 0xe0, 0xeb, 0xe3, 0xdf, 0xdf, 0xde, 0xde, 0xde
    db 0xde, 0xde, 0xd6, 0xe3, 0xed, 0xeb, 0xd7, 0xa4, 0xa9, 0xb1, 0xb2, 0xb3, 0xaa, 0xab, 0xac, 0xa8
    db 0xed, 0xef, 0x9a, 0x6c, 0x6e, 0x6f, 0x6f, 0x54, 0x52, 0x70, 0x80, 0xa8, 0xaf, 0xae, 0xa6, 0xae
    db 0xa5, 0xaa, 0xa7, 0xb1, 0x37, 0x37, 0x37, 0x37, 0x37, 0x37, 0x37, 0x37, 0x37, 0x37, 0x37, 0x37
    db 0x37, 0x37, 0x37, 0x37, 0x37, 0x37, 0x37, 0x37, 0x37, 0x37, 0x37, 0x37, 0x37, 0x37, 0x37, 0x37
    db 0x37, 0x37, 0x37, 0x37, 0x37, 0x37, 0x37, 0x37, 0x37, 0x37, 0x37, 0x37, 0x2f, 0x37, 0x37, 0x37
    db 0x37, 0x37, 0x37, 0x37, 0x37, 0x37, 0x37, 0x37, 0x37, 0x37, 0x37, 0x37, 0x37, 0x37, 0x37, 0x37
    db 0x37, 0x37, 0x37, 0x37, 0x37, 0x37, 0x2f, 0x2f, 0x37, 0x37, 0x37, 0x37, 0x37, 0x37, 0x2f, 0x1e
    db 0xe7, 0x50, 0x3b, 0x7a, 0x94, 0x94, 0x94, 0x7a, 0x61, 0x45, 0x48, 0x5c, 0x58, 0x59, 0x5d, 0x4d
    db 0x4d, 0x50, 0x4b, 0x5d, 0x4a, 0x43, 0x42, 0x42, 0x44, 0x5e, 0x65, 0x77, 0x89, 0x89, 0x87, 0x64
    db 0x4f, 0x4f, 0x48, 0x6d, 0x94, 0x94, 0x86, 0xee, 0xf4, 0xf6, 0xfa, 0xfb, 0xff, 0xff, 0xf7, 0xf5
    db 0xf6, 0xf3, 0xef, 0xea, 0xe7, 0xce, 0x99, 0x89, 0x8f, 0x8a, 0xee, 0x89, 0x3f, 0x5d, 0x4b, 0x4b
    db 0x4b, 0x4a, 0x4b, 0x5b, 0x48, 0x86, 0x94, 0x86, 0x41, 0x45, 0x4a, 0x4a, 0x4a, 0x4a, 0x4a, 0x4a
    db 0x4a, 0x4b, 0x5d, 0x59, 0x5a, 0x5a, 0x4e, 0x4e, 0x4e, 0x4e, 0x5b, 0x4b, 0x4a, 0x87, 0x94, 0x94
    db 0x86, 0x46, 0x4b, 0x5a, 0x5a, 0x5a, 0x4e, 0x4e, 0x4e, 0x4a, 0x64, 0x91, 0xd5, 0xe4, 0xef, 0xe7
    db 0x91, 0x91, 0x94, 0x65, 0x6a, 0x94, 0xd5, 0xef, 0x6c, 0x3f, 0x4a, 0x4d, 0x5a, 0x4b, 0x4e, 0x5d
    db 0x5b, 0x5e, 0x5b, 0x41, 0x99, 0x94, 0x4e, 0x42, 0x6a, 0x94, 0x94, 0x87, 0x94, 0xf2, 0xfe, 0xfe
    db 0xf4, 0xc6, 0xa1, 0xa4, 0xde, 0xe2, 0xed, 0xed, 0xa2, 0xa8, 0xed, 0xff, 0xe7, 0x8c, 0x8c, 0x8c
    db 0x8c, 0x8d, 0x8d, 0x8d, 0x8c, 0xe8, 0xeb, 0xa2, 0xa7, 0xa3, 0xa9, 0xaf, 0xaa, 0xb7, 0xaf, 0xb7
    db 0xa9, 0xc4, 0xb1, 0xa7, 0xa4, 0xc3, 0xe1, 0xf3, 0xed, 0xe3, 0xe2, 0xe2, 0xde, 0xde, 0xe2, 0xdf
    db 0xc6, 0xa4, 0xa7, 0xb1, 0xb2, 0xb7, 0xb7, 0xb4, 0xaf, 0xab, 0xa9, 0xc6, 0xbf, 0x6f, 0x6a, 0x6e
    db 0x6e, 0x6e, 0x6e, 0x54, 0x4c, 0x4c, 0x52, 0x7e, 0xa4, 0xa6, 0xae, 0xae, 0xa6, 0xaa, 0xa6, 0xa7
    db 0x37, 0x37, 0x37, 0x37, 0x37, 0x37, 0x37, 0x37, 0x37, 0x37, 0x37, 0x37, 0x37, 0x37, 0x37, 0x37
    db 0x37, 0x37, 0x37, 0x37, 0x37, 0x37, 0x37, 0x37, 0x37, 0x37, 0x37, 0x37, 0x37, 0x37, 0x37, 0x37
    db 0x37, 0x37, 0x37, 0x37, 0x37, 0x37, 0x37, 0x37, 0x37, 0x37, 0x37, 0x37, 0x37, 0x37, 0x37, 0x37
    db 0x37, 0x37, 0x37, 0x37, 0x37, 0x37, 0x37, 0x37, 0x37, 0x37, 0x37, 0x37, 0x37, 0x37, 0x37, 0x37
    db 0x37, 0x37, 0x2f, 0x2f, 0x37, 0x37, 0x37, 0x37, 0x37, 0x37, 0x2a, 0x3b, 0xea, 0x3b, 0x64, 0xc0
    db 0xce, 0x78, 0x61, 0x45, 0x45, 0x5b, 0x5b, 0x5b, 0x5b, 0x4d, 0x4d, 0x4d, 0x4d, 0x4e, 0x4f, 0x4f
    db 0x4b, 0x5e, 0x5f, 0x5d, 0x5d, 0x5d, 0x5a, 0x58, 0x61, 0x65, 0x86, 0x98, 0x6f, 0x50, 0x43, 0x61
    db 0x8f, 0x91, 0x8f, 0xea, 0xff, 0xff, 0xfc, 0xfa, 0xfd, 0xfc, 0xff, 0xff, 0xff, 0xff, 0xff, 0xff
    db 0xff, 0xff, 0xff, 0xff, 0xf6, 0xef, 0xf3, 0x87, 0x3f, 0x4e, 0x4e, 0x4e, 0x4e, 0x4d, 0x4b, 0x4a
    db 0x61, 0x8f, 0x94, 0x65, 0x41, 0x58, 0x4a, 0x4a, 0x4a, 0x4a, 0x4a, 0x4a, 0x4a, 0x4a, 0x4e, 0x5a
    db 0x5a, 0x5a, 0x4e, 0x4e, 0x4e, 0x4e, 0x5d, 0x49, 0x64, 0x91, 0x91, 0x94, 0x67, 0x42, 0x5a, 0x5a
    db 0x5a, 0x5a, 0x4e, 0x4e, 0x4e, 0x44, 0x67, 0x91, 0xd1, 0xea, 0xf0, 0x94, 0x94, 0x94, 0x91, 0x6d
    db 0x91, 0xce, 0xef, 0x83, 0x3f, 0x4a, 0x4e, 0x4e, 0x4e, 0x4e, 0x4e, 0x58, 0x58, 0x5c, 0x58, 0x4a
    db 0xd5, 0x87, 0x48, 0x46, 0x6e, 0xc0, 0x86, 0x86, 0x98, 0xf5, 0xfc, 0xff, 0xed, 0xa1, 0xa2, 0xc5
    db 0xe2, 0xe2, 0xeb, 0xed, 0xa8, 0xa2, 0xe0, 0xff, 0xef, 0x8c, 0x8c, 0x8c, 0x8c, 0x8d, 0x8d, 0x8d
    db 0x8d, 0x9b, 0xf1, 0xc6, 0xa7, 0xa7, 0xa9, 0xa9, 0xaf, 0xb0, 0xb0, 0xb0, 0xa6, 0xb1, 0xae, 0xb1
    db 0xa8, 0xe0, 0xf4, 0xff, 0xf4, 0xd9, 0xde, 0xde, 0xd6, 0xb9, 0xc5, 0xa4, 0xa9, 0xb0, 0xb0, 0xb0
    db 0xb0, 0xb0, 0xb4, 0xb4, 0xb4, 0xa7, 0xa4, 0xe0, 0xf5, 0xef, 0x97, 0x6c, 0x6e, 0x6f, 0x6b, 0x4c
    db 0x52, 0x70, 0x80, 0xa8, 0xaa, 0xa6, 0xa7, 0xa7, 0xa6, 0xa6, 0xa6, 0xa6, 0x37, 0x37, 0x37, 0x37
    db 0x37, 0x37, 0x37, 0x37, 0x37, 0x37, 0x37, 0x37, 0x37, 0x37, 0x37, 0x37, 0x37, 0x37, 0x37, 0x37
    db 0x37, 0x37, 0x37, 0x37, 0x37, 0x37, 0x37, 0x37, 0x37, 0x37, 0x37, 0x37, 0x37, 0x37, 0x37, 0x37
    db 0x37, 0x37, 0x37, 0x37, 0x37, 0x37, 0x37, 0x37, 0x37, 0x37, 0x37, 0x37, 0x37, 0x37, 0x37, 0x37
    db 0x37, 0x37, 0x37, 0x37, 0x37, 0x37, 0x37, 0x37, 0x37, 0x37, 0x37, 0x37, 0x37, 0x37, 0x37, 0x37
    db 0x37, 0x37, 0x37, 0x37, 0x37, 0x37, 0x1e, 0x40, 0xe8, 0x36, 0x90, 0x98, 0x65, 0x42, 0x44, 0x5b
    db 0x49, 0x49, 0x45, 0x42, 0x41, 0x43, 0x44, 0x4a, 0x44, 0x43, 0x44, 0x4a, 0x49, 0x4b, 0x5b, 0x5d
    db 0x5f, 0x5f, 0x5f, 0x5f, 0x5f, 0x49, 0x4a, 0x65, 0x8f, 0xce, 0x6a, 0x43, 0x6a, 0x91, 0x8a, 0xe4
    db 0xec, 0xf1, 0xff, 0xf9, 0xf9, 0xfb, 0xff, 0xfa, 0xff, 0xfa, 0xfa, 0xfa, 0xfa, 0xfa, 0xfa, 0xf7
    db 0xfd, 0xff, 0xff, 0x87, 0x3f, 0x4e, 0x4e, 0x4e, 0x4e, 0x4d, 0x4f, 0x43, 0x6d, 0x94, 0x8a, 0x4d
    db 0x46, 0x5a, 0x4a, 0x4a, 0x4a, 0x4a, 0x4a, 0x4a, 0x4a, 0x4a, 0x4e, 0x5a, 0x5a, 0x5a, 0x4e, 0x4e
    db 0x4e, 0x4e, 0x4b, 0x45, 0x7a, 0x91, 0x91, 0x8f, 0x60, 0x45, 0x5a, 0x5a, 0x5a, 0x5a, 0x4e, 0x4e
    db 0x4e, 0x43, 0x6a, 0x91, 0xd0, 0xf3, 0xe8, 0x91, 0x91, 0x91, 0x94, 0x91, 0xca, 0xee, 0x89, 0x43
    db 0x4a, 0x4e, 0x4e, 0x4e, 0x4e, 0x4e, 0x5a, 0x48, 0x45, 0x58, 0x58, 0x61, 0xe4, 0x6d, 0x58, 0x5f
    db 0x87, 0xca, 0x67, 0x86, 0xca, 0xf7, 0xfe, 0xf8, 0xd9, 0xa2, 0xae, 0xde, 0xe2, 0xde, 0xeb, 0xf0
    db 0xa8, 0xb1, 0xd7, 0xf5, 0xf5, 0x9a, 0x8c, 0x8c, 0x8c, 0x8d, 0x8d, 0x8d, 0x8d, 0x8b, 0xee, 0xeb
    db 0xa8, 0xb4, 0xae, 0xa9, 0xa9, 0xb0, 0xb0, 0xb0, 0xa7, 0xae, 0xa7, 0xa8, 0xe3, 0xf5, 0xf9, 0xff
    db 0xf1, 0xc6, 0xae, 0xb0, 0xb1, 0xb5, 0xb5, 0xac, 0xac, 0xb0, 0xb0, 0xb0, 0xb0, 0xb0, 0xb4, 0xb4
    db 0xb4, 0xae, 0xa8, 0xed, 0xff, 0xff, 0xfa, 0xe8, 0x6f, 0x6e, 0x6b, 0x52, 0x80, 0xc5, 0xb6, 0xa5
    db 0xa5, 0xaf, 0xa9, 0xab, 0xa6, 0xa6, 0xa6, 0xa6, 0x37, 0x37, 0x37, 0x37, 0x37, 0x37, 0x37, 0x37
    db 0x37, 0x37, 0x37, 0x37, 0x37, 0x37, 0x37, 0x37, 0x37, 0x37, 0x37, 0x37, 0x37, 0x37, 0x37, 0x37
    db 0x37, 0x37, 0x37, 0x37, 0x37, 0x37, 0x37, 0x37, 0x37, 0x37, 0x37, 0x37, 0x37, 0x37, 0x37, 0x37
    db 0x37, 0x37, 0x37, 0x37, 0x37, 0x37, 0x37, 0x37, 0x37, 0x37, 0x37, 0x37, 0x37, 0x37, 0x37, 0x37
    db 0x37, 0x37, 0x37, 0x37, 0x37, 0x37, 0x37, 0x37, 0x37, 0x37, 0x37, 0x37, 0x37, 0x37, 0x37, 0x37
    db 0x37, 0x37, 0x16, 0x6c, 0xd3, 0x3f, 0x6d, 0x42, 0x45, 0x49, 0x45, 0x49, 0x5e, 0x61, 0x67, 0x6d
    db 0x6f, 0x86, 0x86, 0x87, 0x86, 0x7a, 0x6d, 0x68, 0x65, 0x64, 0x61, 0x5f, 0x59, 0x47, 0x48, 0x4e
    db 0x5e, 0x5e, 0x5e, 0x4a, 0x42, 0x6d, 0x94, 0x65, 0x46, 0x7a, 0x8a, 0xe4, 0xa1, 0x80, 0xf3, 0xfe
    db 0xf9, 0xfb, 0xff, 0xfa, 0xfa, 0xfa, 0xfa, 0xfa, 0xfa, 0xfa, 0xfa, 0xfa, 0xfd, 0xfd, 0xff, 0x8a
    db 0x3f, 0x4e, 0x4e, 0x4e, 0x4e, 0x4e, 0x4e, 0x5e, 0x8a, 0x91, 0x6d, 0x42, 0x4a, 0x49, 0x4a, 0x4a
    db 0x4a, 0x4a, 0x4a, 0x4a, 0x4a, 0x4e, 0x4e, 0x5a, 0x5a, 0x5a, 0x4e, 0x4e, 0x4f, 0x4f, 0x47, 0x61
    db 0x8f, 0x91, 0x91, 0x86, 0x42, 0x48, 0x5a, 0x5a, 0x5a, 0x5a, 0x4e, 0x4e, 0x4e, 0x44, 0x6d, 0x94
    db 0xe5, 0xf6, 0x99, 0x91, 0x91, 0x94, 0x94, 0xdb, 0xee, 0x90, 0x5f, 0x48, 0x4d, 0x4e, 0x4e, 0x4e
    db 0x43, 0x41, 0x50, 0x61, 0x64, 0x5c, 0x58, 0x65, 0xdb, 0x64, 0x58, 0x64, 0x91, 0xa0, 0x4e, 0x86
    db 0xd5, 0xff, 0xff, 0xf3, 0xc6, 0xa7, 0xd6, 0xe2, 0xe2, 0xde, 0xeb, 0xf0, 0xc3, 0xb8, 0xc3, 0xf1
    db 0xff, 0xe5, 0x8c, 0x8c, 0x8c, 0x8d, 0x8c, 0x8c, 0x8c, 0x8c, 0x9f, 0xf5, 0xeb, 0xc3, 0xae, 0xa7
    db 0xaf, 0xa6, 0xa6, 0xa6, 0xa6, 0xa9, 0xc3, 0xeb, 0xf8, 0xf7, 0xfe, 0xf1, 0xc6, 0xa9, 0xb5, 0xb1
    db 0xb7, 0xb7, 0xb5, 0xb7, 0xac, 0xb0, 0xb0, 0xb0, 0xb0, 0xb0, 0xb4, 0xb4, 0xb3, 0xa7, 0xc3, 0xf3
    db 0xff, 0xfb, 0xff, 0xff, 0xe7, 0x6c, 0x68, 0x80, 0xc5, 0xa6, 0xae, 0xae, 0xa7, 0xa6, 0xa6, 0xa6
    db 0xa6, 0xa6, 0xa6, 0xa6, 0x37, 0x37, 0x37, 0x37, 0x37, 0x37, 0x37, 0x37, 0x37, 0x37, 0x37, 0x37
    db 0x37, 0x37, 0x37, 0x37, 0x37, 0x37, 0x37, 0x37, 0x37, 0x37, 0x37, 0x37, 0x37, 0x37, 0x37, 0x37
    db 0x37, 0x37, 0x37, 0x37, 0x37, 0x37, 0x37, 0x37, 0x37, 0x37, 0x37, 0x37, 0x37, 0x37, 0x37, 0x37
    db 0x37, 0x37, 0x37, 0x37, 0x37, 0x37, 0x37, 0x37, 0x37, 0x37, 0x37, 0x37, 0x37, 0x37, 0x37, 0x37
    db 0x37, 0x37, 0x37, 0x37, 0x37, 0x37, 0x37, 0x37, 0x37, 0x37, 0x37, 0x37, 0x37, 0x38, 0x0d, 0xce
    db 0x6e, 0x3b, 0x42, 0x46, 0x5d, 0x64, 0x6d, 0x86, 0x8a, 0x91, 0x94, 0x94, 0x94, 0x94, 0x94, 0x94
    db 0x94, 0x94, 0x94, 0x94, 0x91, 0x91, 0x91, 0x89, 0x86, 0x6d, 0x67, 0x61, 0x5e, 0x46, 0x46, 0x5c
    db 0x5f, 0x58, 0x61, 0x64, 0x5d, 0x65, 0x89, 0xe9, 0x80, 0x56, 0xa1, 0xf4, 0xff, 0xfc, 0xfe, 0xfa
    db 0xfa, 0xfa, 0xfa, 0xff, 0xff, 0xff, 0xff, 0xfa, 0xfd, 0xfd, 0xff, 0x8a, 0x3f, 0x4e, 0x4e, 0x4e
    db 0x4e, 0x5d, 0x44, 0x67, 0x94, 0x90, 0x64, 0x44, 0x4a, 0x49, 0x4a, 0x4a, 0x4e, 0x4b, 0x4a, 0x4a
    db 0x4a, 0x4e, 0x4e, 0x5a, 0x5a, 0x5a, 0x4e, 0x4e, 0x4f, 0x4e, 0x43, 0x6d, 0x94, 0x91, 0x94, 0x68
    db 0x42, 0x48, 0x5a, 0x5a, 0x5a, 0x5a, 0x4e, 0x4e, 0x4e, 0x44, 0x7a, 0x94, 0xe8, 0xef, 0x8f, 0x90
    db 0x91, 0x91, 0xe4, 0xef, 0x92, 0x61, 0x46, 0x5c, 0x59, 0x4a, 0x41, 0x41, 0x65, 0x8a, 0x78, 0x7a
    db 0x91, 0x5d, 0x45, 0x6a, 0xc8, 0x60, 0x45, 0x6a, 0xc1, 0x8a, 0x44, 0x87, 0xe4, 0xff, 0xff, 0xed
    db 0xa8, 0xa9, 0xde, 0xe2, 0xde, 0xde, 0xe3, 0xf0, 0xc3, 0xad, 0xa2, 0xed, 0xff, 0xee, 0x8c, 0x8c
    db 0x8c, 0x8d, 0x8c, 0x8d, 0x8d, 0x8d, 0x8c, 0xef, 0xff, 0xeb, 0xa4, 0xae, 0xa6, 0xa5, 0xa6, 0xa9
    db 0xa3, 0xc6, 0xf0, 0xfb, 0xf7, 0xff, 0xf4, 0xc6, 0xa3, 0xad, 0xad, 0xb7, 0xb7, 0xb7, 0xb0, 0xab
    db 0xab, 0xb0, 0xb0, 0xb0, 0xb0, 0xb0, 0xb4, 0xb4, 0xb7, 0xae, 0xd7, 0xf6, 0xff, 0xfb, 0xff, 0xff
    db 0xf6, 0x8f, 0x76, 0xc3, 0xb2, 0xa5, 0xaf, 0xa7, 0xa7, 0xa6, 0xae, 0xa6, 0xa6, 0xa6, 0xa6, 0xa6
    db 0x37, 0x37, 0x37, 0x37, 0x37, 0x37, 0x37, 0x37, 0x37, 0x37, 0x37, 0x37, 0x37, 0x37, 0x37, 0x37
    db 0x37, 0x37, 0x37, 0x37, 0x37, 0x37, 0x37, 0x37, 0x37, 0x37, 0x37, 0x37, 0x37, 0x37, 0x37, 0x37
    db 0x37, 0x37, 0x37, 0x37, 0x37, 0x37, 0x37, 0x37, 0x37, 0x37, 0x37, 0x37, 0x37, 0x37, 0x37, 0x37
    db 0x37, 0x37, 0x37, 0x37, 0x37, 0x37, 0x37, 0x37, 0x37, 0x37, 0x37, 0x37, 0x37, 0x37, 0x37, 0x37
    db 0x37, 0x37, 0x37, 0x37, 0x37, 0x37, 0x37, 0x37, 0x38, 0x2b, 0x3c, 0xe4, 0x3b, 0x3f, 0x64, 0x6d
    db 0x8f, 0x94, 0x98, 0x94, 0x94, 0x94, 0x91, 0x94, 0x94, 0x94, 0x94, 0x94, 0x94, 0x91, 0x91, 0x91
    db 0x91, 0x91, 0x91, 0x94, 0x94, 0x98, 0x98, 0x94, 0x89, 0x7a, 0x67, 0x61, 0x5f, 0x5f, 0x5f, 0x60
    db 0x60, 0x62, 0x94, 0xec, 0x80, 0x51, 0x3d, 0x80, 0xf1, 0xff, 0xfc, 0xf9, 0xfb, 0xfb, 0xfb, 0xff
    db 0xfa, 0xfa, 0xfa, 0xfc, 0xfa, 0xf9, 0xff, 0x8a, 0x3f, 0x4e, 0x4e, 0x4e, 0x4a, 0x5a, 0x45, 0x86
    db 0x94, 0x86, 0x44, 0x4a, 0x4a, 0x4a, 0x5a, 0x5a, 0x5a, 0x58, 0x48, 0x4a, 0x4a, 0x4e, 0x4e, 0x5a
    db 0x5a, 0x5a, 0x4e, 0x4e, 0x4f, 0x4b, 0x5e, 0x8a, 0x91, 0x91, 0x8f, 0x61, 0x44, 0x4a, 0x4e, 0x4e
    db 0x4e, 0x4e, 0x4e, 0x4e, 0x4a, 0x4d, 0x8a, 0x94, 0xee, 0xe8, 0x8a, 0xc1, 0xc0, 0xe4, 0xea, 0x8f
    db 0x61, 0x44, 0x5b, 0x5a, 0x44, 0x44, 0x67, 0x98, 0xd3, 0x6f, 0x67, 0x86, 0x5e, 0x58, 0x43, 0x6e
    db 0x8f, 0x44, 0x47, 0x86, 0xd5, 0x67, 0x5f, 0x87, 0xe8, 0xff, 0xf9, 0xe0, 0xa1, 0xc5, 0xe2, 0xe2
    db 0xe2, 0xde, 0xe3, 0xf0, 0xa8, 0xa7, 0xa3, 0xd9, 0xf8, 0xf3, 0x95, 0x8c, 0x8c, 0x8c, 0x8c, 0x8d
    db 0x8d, 0x8c, 0x8c, 0xdb, 0xff, 0xf8, 0xe3, 0xa1, 0xaf, 0xa7, 0xa7, 0xa8, 0xd7, 0xf1, 0xff, 0xfc
    db 0xf9, 0xf8, 0xe0, 0xa2, 0xb2, 0xb4, 0xb0, 0xb4, 0xb4, 0xb4, 0xb4, 0xb0, 0xb0, 0xb0, 0xb0, 0xa6
    db 0xa6, 0xa6, 0xb0, 0xb0, 0xaa, 0xa2, 0xe0, 0xff, 0xfe, 0xfa, 0xfa, 0xfa, 0xff, 0xea, 0xc7, 0xc4
    db 0xaf, 0xae, 0xa5, 0xa6, 0xa6, 0xa6, 0xa6, 0xa6, 0xa6, 0xa6, 0xa6, 0xa6, 0x37, 0x37, 0x37, 0x37
    db 0x37, 0x37, 0x37, 0x37, 0x37, 0x37, 0x37, 0x37, 0x37, 0x37, 0x37, 0x37, 0x37, 0x37, 0x37, 0x37
    db 0x37, 0x37, 0x37, 0x37, 0x37, 0x37, 0x37, 0x37, 0x37, 0x37, 0x37, 0x37, 0x37, 0x37, 0x37, 0x37
    db 0x37, 0x37, 0x37, 0x37, 0x37, 0x37, 0x37, 0x37, 0x37, 0x37, 0x37, 0x37, 0x37, 0x37, 0x37, 0x37
    db 0x37, 0x37, 0x37, 0x37, 0x37, 0x37, 0x37, 0x37, 0x37, 0x37, 0x37, 0x37, 0x37, 0x37, 0x37, 0x37
    db 0x37, 0x37, 0x37, 0x37, 0x38, 0x1f, 0x63, 0xd5, 0x0d, 0x60, 0x6a, 0xe4, 0xea, 0xce, 0x98, 0x94
    db 0x94, 0x94, 0x94, 0x94, 0x94, 0x94, 0x94, 0x98, 0x98, 0x98, 0x98, 0x98, 0x98, 0xca, 0xdb, 0xe7
    db 0xe7, 0xea, 0xea, 0xe7, 0xe7, 0xe7, 0xe7, 0xc1, 0x89, 0x6d, 0x64, 0x5e, 0x48, 0x65, 0xd5, 0xe3
    db 0x7f, 0x3d, 0x0b, 0x32, 0x7e, 0xed, 0xff, 0xfe, 0xf9, 0xfa, 0xfb, 0xff, 0xfa, 0xfa, 0xfa, 0xfc
    db 0xfa, 0xf9, 0xff, 0x8b, 0x3f, 0x4e, 0x4e, 0x4e, 0x4b, 0x48, 0x61, 0x91, 0x91, 0x67, 0x43, 0x4e
    db 0x4e, 0x4e, 0x5a, 0x5a, 0x5a, 0x5a, 0x5a, 0x4e, 0x4e, 0x4e, 0x4e, 0x5a, 0x5a, 0x5a, 0x4e, 0x4e
    db 0x4f, 0x43, 0x67, 0x94, 0x91, 0x91, 0x7a, 0x44, 0x4a, 0x4a, 0x4e, 0x5e, 0x4e, 0x4e, 0x4e, 0x4e
    db 0x4a, 0x60, 0x94, 0x98, 0xef, 0xe8, 0xe8, 0xe6, 0xe8, 0xe4, 0x8e, 0x61, 0x44, 0x5e, 0x44, 0x43
    db 0x68, 0x97, 0xe4, 0x98, 0x64, 0x68, 0x6d, 0x50, 0x4b, 0x5f, 0x43, 0x7a, 0x6d, 0x44, 0x61, 0x91
    db 0xc0, 0x4a, 0x61, 0x8a, 0xee, 0xff, 0xf5, 0xe0, 0xaa, 0xde, 0xe2, 0xe2, 0xe2, 0xe2, 0xe3, 0xf0
    db 0xa8, 0xa7, 0xa6, 0xc6, 0xf3, 0xfa, 0xd3, 0x8c, 0x8c, 0x8c, 0x8c, 0x8d, 0x8d, 0x8c, 0x8d, 0x8d
    db 0xf2, 0xfe, 0xf4, 0xd9, 0xa2, 0xa7, 0xa2, 0xe0, 0xf4, 0xff, 0xf9, 0xf9, 0xff, 0xed, 0xc3, 0xb2
    db 0xb4, 0xb3, 0xb4, 0xb4, 0xb4, 0xb4, 0xb4, 0xb0, 0xb0, 0xb0, 0xa6, 0xa6, 0xa6, 0xa6, 0xa6, 0xa6
    db 0xab, 0xa1, 0xeb, 0xff, 0xfe, 0xf9, 0xfa, 0xfa, 0xfc, 0xfb, 0xe3, 0xa2, 0xaa, 0xae, 0xaf, 0xa6
    db 0xa6, 0xa6, 0xa6, 0xa6, 0xa6, 0xa6, 0xa6, 0xa6, 0x37, 0x37, 0x37, 0x37, 0x37, 0x37, 0x37, 0x37
    db 0x37, 0x37, 0x37, 0x37, 0x37, 0x37, 0x37, 0x37, 0x37, 0x37, 0x37, 0x37, 0x37, 0x37, 0x37, 0x37
    db 0x37, 0x37, 0x37, 0x37, 0x37, 0x37, 0x37, 0x37, 0x37, 0x37, 0x37, 0x37, 0x37, 0x37, 0x37, 0x37
    db 0x37, 0x37, 0x37, 0x37, 0x37, 0x37, 0x37, 0x37, 0x37, 0x37, 0x37, 0x37, 0x37, 0x37, 0x37, 0x37
    db 0x37, 0x37, 0x37, 0x37, 0x37, 0x37, 0x37, 0x37, 0x37, 0x37, 0x37, 0x37, 0x37, 0x37, 0x37, 0x37
    db 0x38, 0x17, 0x54, 0xe7, 0x40, 0x60, 0x5f, 0x68, 0x99, 0xdb, 0xe7, 0xea, 0xea, 0xea, 0xea, 0xe8
    db 0xe8, 0xe7, 0xe5, 0xe4, 0xdb, 0xc8, 0xa0, 0x98, 0x98, 0x98, 0x91, 0x8f, 0x8f, 0x89, 0x8e, 0x8f
    db 0x8f, 0x91, 0x98, 0xc0, 0xc8, 0x99, 0x91, 0x7a, 0x68, 0x86, 0xea, 0xa1, 0x7f, 0x32, 0x25, 0x25
    db 0x32, 0x55, 0xe0, 0xf8, 0xff, 0xf9, 0xf9, 0xfa, 0xfa, 0xff, 0xfa, 0xfc, 0xfa, 0xf9, 0xff, 0x94
    db 0x3f, 0x4e, 0x4e, 0x4e, 0x5b, 0x45, 0x6d, 0x94, 0x8f, 0x60, 0x44, 0x4a, 0x4a, 0x4e, 0x5a, 0x5a
    db 0x5a, 0x5a, 0x5a, 0x4e, 0x4e, 0x4a, 0x4e, 0x5a, 0x5a, 0x5a, 0x4e, 0x4e, 0x4e, 0x4d, 0x87, 0x94
    db 0x91, 0x91, 0x65, 0x43, 0x4a, 0x4d, 0x4e, 0x4e, 0x4e, 0x4e, 0x4e, 0x4e, 0x44, 0x61, 0xc0, 0x98
    db 0xf3, 0xf2, 0xd3, 0xe7, 0xc0, 0x89, 0x61, 0x43, 0x5a, 0x41, 0x64, 0x94, 0xe4, 0xd5, 0x89, 0x64
    db 0x68, 0x64, 0x44, 0x5b, 0x5d, 0x5d, 0x4a, 0x7a, 0x64, 0x4a, 0x65, 0xca, 0x87, 0x41, 0x64, 0x89
    db 0xef, 0xff, 0xf1, 0xdf, 0xde, 0xe2, 0xe2, 0xe2, 0xe2, 0xde, 0xe3, 0xf0, 0xa8, 0xa7, 0xa7, 0xa2
    db 0xeb, 0xff, 0xea, 0x8c, 0x8c, 0x8c, 0x8c, 0x8c, 0x8c, 0x8c, 0x8d, 0x8c, 0xdb, 0xfa, 0xfe, 0xf0
    db 0xa1, 0xa1, 0xe3, 0xf6, 0xfe, 0xfa, 0xf9, 0xff, 0xf3, 0xc6, 0xa3, 0xb2, 0xb4, 0xb3, 0xb4, 0xb4
    db 0xb4, 0xb4, 0xb4, 0xa6, 0xa6, 0xa6, 0xa6, 0xa6, 0xa6, 0xa6, 0xa6, 0xa6, 0xa6, 0xa8, 0xf1, 0xff
    db 0xfd, 0xf9, 0xfa, 0xfa, 0xfc, 0xf8, 0xd9, 0xa3, 0xaa, 0xae, 0xaf, 0xa6, 0xa6, 0xa6, 0xa6, 0xa6
    db 0xa6, 0xa6, 0xa6, 0xa6, 0x37, 0x37, 0x37, 0x37, 0x37, 0x37, 0x37, 0x37, 0x37, 0x37, 0x37, 0x37
    db 0x37, 0x37, 0x37, 0x37, 0x37, 0x37, 0x37, 0x37, 0x37, 0x37, 0x37, 0x37, 0x37, 0x37, 0x37, 0x37
    db 0x37, 0x37, 0x37, 0x37, 0x37, 0x37, 0x37, 0x37, 0x37, 0x37, 0x37, 0x37, 0x37, 0x37, 0x37, 0x37
    db 0x37, 0x37, 0x37, 0x37, 0x37, 0x37, 0x37, 0x37, 0x37, 0x37, 0x37, 0x37, 0x37, 0x37, 0x37, 0x37
    db 0x37, 0x37, 0x37, 0x37, 0x37, 0x37, 0x37, 0x37, 0x37, 0x37, 0x37, 0x37, 0x37, 0x2b, 0x29, 0xe7
    db 0xdb, 0x6f, 0x60, 0x42, 0x42, 0x49, 0x60, 0x61, 0x62, 0x64, 0x64, 0x62, 0x64, 0x64, 0x64, 0x62
    db 0x61, 0x60, 0x60, 0x60, 0x60, 0x60, 0x5f, 0x5d, 0x5f, 0x60, 0x61, 0x62, 0x65, 0x68, 0x86, 0x91
    db 0x98, 0xc8, 0x94, 0x91, 0x8f, 0x98, 0xf1, 0x80, 0x7f, 0x33, 0x25, 0x32, 0x25, 0x25, 0x51, 0xa1
    db 0xf0, 0xfd, 0xff, 0xfa, 0xfa, 0xfb, 0xfa, 0xfc, 0xfa, 0xf9, 0xff, 0xce, 0x3f, 0x4e, 0x4e, 0x4e
    db 0x4b, 0x60, 0x89, 0x94, 0x7a, 0x44, 0x4a, 0x4a, 0x4a, 0x4e, 0x5a, 0x5a, 0x5a, 0x5a, 0x5a, 0x4e
    db 0x4e, 0x4e, 0x4e, 0x5a, 0x5a, 0x5a, 0x4e, 0x4e, 0x44, 0x64, 0x91, 0x91, 0x91, 0x89, 0x4d, 0x44
    db 0x4a, 0x4d, 0x4e, 0x4e, 0x4e, 0x4e, 0x4e, 0x4e, 0x43, 0x65, 0xe4, 0x99, 0xf2, 0x98, 0x94, 0x91
    db 0x87, 0x61, 0x42, 0x42, 0x4b, 0x86, 0xe4, 0xe4, 0xc8, 0x86, 0x61, 0x68, 0x61, 0x49, 0x5f, 0x5d
    db 0x5d, 0x5e, 0x60, 0x6f, 0x60, 0x4a, 0x6d, 0xd5, 0x62, 0x46, 0x65, 0x90, 0xf2, 0xff, 0xed, 0xde
    db 0xe2, 0xe2, 0xe2, 0xe2, 0xe2, 0xde, 0xeb, 0xf0, 0xa8, 0xa7, 0xa7, 0xa3, 0xd9, 0xf8, 0xf4, 0x95
    db 0x8c, 0x8c, 0x8c, 0x8c, 0x8c, 0x8c, 0x8d, 0x8c, 0x8d, 0xf2, 0xff, 0xf5, 0xd8, 0xeb, 0xf8, 0xf9
    db 0xfc, 0xfb, 0xfe, 0xf6, 0xe0, 0xa8, 0xa6, 0xb1, 0xaa, 0xa5, 0xae, 0xa5, 0xa5, 0xa5, 0xa5, 0xa6
    db 0xa6, 0xa6, 0xa6, 0xa6, 0xa6, 0xa6, 0xa6, 0xa6, 0xa7, 0xc6, 0xf4, 0xff, 0xfd, 0xf9, 0xfa, 0xfa
    db 0xfe, 0xf5, 0xd7, 0xa3, 0xa5, 0xae, 0xaf, 0xa6, 0xa6, 0xa6, 0xa6, 0xa6, 0xa6, 0xa6, 0xa6, 0xa6
    db 0x37, 0x37, 0x37, 0x37, 0x37, 0x37, 0x37, 0x37, 0x37, 0x37, 0x37, 0x37, 0x2f, 0x2f, 0x2f, 0x2f
    db 0x2f, 0x37, 0x37, 0x37, 0x37, 0x37, 0x37, 0x37, 0x37, 0x37, 0x37, 0x37, 0x37, 0x37, 0x37, 0x37
    db 0x37, 0x37, 0x37, 0x37, 0x37, 0x37, 0x37, 0x37, 0x37, 0x37, 0x37, 0x37, 0x37, 0x37, 0x37, 0x37
    db 0x37, 0x37, 0x37, 0x37, 0x37, 0x37, 0x37, 0x37, 0x37, 0x37, 0x37, 0x37, 0x37, 0x37, 0x37, 0x37
    db 0x37, 0x37, 0x37, 0x37, 0x37, 0x37, 0x37, 0x37, 0x37, 0x37, 0x1e, 0x40, 0xee, 0xd5, 0x8a, 0x65
    db 0x48, 0x46, 0x49, 0x58, 0x45, 0x45, 0x41, 0x45, 0x45, 0x45, 0x41, 0x45, 0x46, 0x46, 0x49, 0x45
    db 0x42, 0x42, 0x5d, 0x61, 0x65, 0x68, 0x6a, 0x6d, 0x6d, 0x6d, 0x8a, 0x91, 0x8f, 0x8f, 0x8f, 0x8f
    db 0x8a, 0xee, 0xfb, 0xed, 0x80, 0x56, 0x32, 0x32, 0x32, 0x25, 0x13, 0x32, 0x7c, 0xc6, 0xf3, 0xff
    db 0xfa, 0xf8, 0xf8, 0xfc, 0xfa, 0xfa, 0xff, 0xe8, 0x41, 0x4e, 0x4e, 0x4e, 0x44, 0x68, 0x94, 0x91
    db 0x67, 0x43, 0x4e, 0x4a, 0x4e, 0x4e, 0x4e, 0x4e, 0x4e, 0x4e, 0x4e, 0x5a, 0x5a, 0x5a, 0x5a, 0x4e
    db 0x4e, 0x4e, 0x4e, 0x4e, 0x43, 0x6e, 0x94, 0x91, 0x94, 0x6d, 0x43, 0x4a, 0x4a, 0x4e, 0x4e, 0x4e
    db 0x4e, 0x4e, 0x4e, 0x5a, 0x42, 0x6d, 0xdb, 0xc1, 0xef, 0x8f, 0x91, 0x91, 0x65, 0x41, 0x3f, 0x67
    db 0xc1, 0xe4, 0xd5, 0x98, 0x6d, 0x5e, 0x64, 0x5f, 0x4e, 0x5e, 0x5e, 0x5e, 0x5e, 0x5e, 0x60, 0x6e
    db 0x59, 0x5a, 0x8f, 0x90, 0x42, 0x48, 0x68, 0x94, 0xf3, 0xf8, 0xe3, 0xde, 0xe2, 0xe2, 0xe2, 0xe2
    db 0xe2, 0xde, 0xeb, 0xf0, 0xa8, 0xa6, 0xa5, 0xa3, 0xc3, 0xf3, 0xff, 0xdb, 0x8c, 0x8c, 0x8d, 0x8c
    db 0x8c, 0x8c, 0x8c, 0x8d, 0x8b, 0xe8, 0xff, 0xfa, 0xf4, 0xfd, 0xf7, 0xfa, 0xfc, 0xfa, 0xfb, 0xe3
    db 0xa2, 0xaf, 0xa6, 0xa6, 0xa6, 0xa6, 0xa6, 0xa6, 0xa6, 0xa6, 0xa6, 0xa6, 0xa6, 0xa6, 0xa6, 0xa6
    db 0xa6, 0xa6, 0xa6, 0xa6, 0xae, 0xd9, 0xf8, 0xfe, 0xfa, 0xf9, 0xfb, 0xfa, 0xfe, 0xf3, 0xc5, 0xa3
    db 0xa6, 0xa6, 0xa6, 0xa6, 0xa6, 0xa6, 0xa6, 0xa6, 0xa6, 0xa6, 0xa9, 0xa9, 0x37, 0x37, 0x37, 0x37
    db 0x37, 0x37, 0x37, 0x37, 0x37, 0x37, 0x37, 0x37, 0x2f, 0x2f, 0x2f, 0x2f, 0x2f, 0x2f, 0x37, 0x37
    db 0x37, 0x37, 0x37, 0x37, 0x37, 0x37, 0x37, 0x37, 0x37, 0x37, 0x37, 0x37, 0x37, 0x37, 0x37, 0x37
    db 0x37, 0x37, 0x37, 0x37, 0x37, 0x37, 0x37, 0x37, 0x37, 0x37, 0x37, 0x37, 0x37, 0x37, 0x37, 0x37
    db 0x37, 0x37, 0x37, 0x37, 0x37, 0x37, 0x37, 0x37, 0x37, 0x37, 0x37, 0x37, 0x37, 0x37, 0x37, 0x37
    db 0x37, 0x37, 0x37, 0x37, 0x37, 0x37, 0x2f, 0x0d, 0x8a, 0xe7, 0xca, 0x91, 0x87, 0x65, 0x5f, 0x5d
    db 0x60, 0x61, 0x61, 0x5f, 0x41, 0x60, 0x67, 0x61, 0x5c, 0x58, 0x45, 0x60, 0x67, 0x86, 0x98, 0xda
    db 0xe7, 0xea, 0xee, 0xea, 0xe8, 0xe4, 0xa0, 0x91, 0x89, 0x8f, 0x8f, 0x8a, 0xe5, 0xf8, 0xf7, 0xff
    db 0xf0, 0x80, 0x55, 0x25, 0x25, 0x25, 0x25, 0x25, 0x32, 0x56, 0x80, 0xeb, 0xfd, 0xf9, 0xf9, 0xfd
    db 0xfa, 0xfa, 0xff, 0xea, 0x43, 0x4e, 0x5e, 0x5e, 0x4e, 0x86, 0x91, 0x91, 0x61, 0x4a, 0x4e, 0x4e
    db 0x4e, 0x4e, 0x4e, 0x4e, 0x4e, 0x4e, 0x4e, 0x5a, 0x5a, 0x5a, 0x5a, 0x4e, 0x4e, 0x4e, 0x5e, 0x4e
    db 0x60, 0x89, 0x91, 0x91, 0x91, 0x64, 0x43, 0x4a, 0x4a, 0x4e, 0x4e, 0x4e, 0x4e, 0x4e, 0x4e, 0x5a
    db 0x41, 0x91, 0xc0, 0xe4, 0xee, 0x8f, 0x91, 0x91, 0x65, 0x3f, 0x6f, 0xdb, 0xd5, 0xce, 0x94, 0x65
    db 0x43, 0x5e, 0x4e, 0x5e, 0x5e, 0x5e, 0x5e, 0x5e, 0x5e, 0x5e, 0x60, 0x6d, 0x42, 0x61, 0xc0, 0x67
    db 0x44, 0x48, 0x6e, 0x98, 0xf4, 0xf3, 0xdf, 0xe2, 0xe2, 0xe2, 0xe2, 0xe2, 0xe2, 0xde, 0xeb, 0xf0
    db 0xa8, 0xa7, 0xa3, 0xa3, 0xa8, 0xed, 0xff, 0xef, 0x8b, 0x8c, 0x8d, 0x8c, 0x8c, 0x8c, 0x8c, 0x8c
    db 0x8c, 0x97, 0xf5, 0xff, 0xff, 0xfd, 0xf8, 0xfa, 0xfd, 0xff, 0xed, 0xa8, 0xa3, 0xaa, 0xa6, 0xa6
    db 0xa6, 0xa6, 0xa6, 0xa6, 0xa6, 0xa6, 0xa6, 0xa6, 0xa6, 0xa6, 0xa6, 0xa6, 0xa6, 0xa6, 0xa6, 0xa6
    db 0xa2, 0xeb, 0xff, 0xf9, 0xfc, 0xfc, 0xfb, 0xfa, 0xff, 0xf1, 0xa8, 0xa9, 0xa6, 0xa6, 0xa6, 0xa6
    db 0xa6, 0xa6, 0xa6, 0xa6, 0xa6, 0xa6, 0xa9, 0xa9, 0x37, 0x37, 0x37, 0x37, 0x37, 0x37, 0x37, 0x37
    db 0x37, 0x37, 0x37, 0x37, 0x37, 0x37, 0x37, 0x37, 0x37, 0x37, 0x37, 0x37, 0x37, 0x37, 0x37, 0x37
    db 0x37, 0x37, 0x37, 0x37, 0x37, 0x37, 0x37, 0x37, 0x37, 0x37, 0x37, 0x37, 0x37, 0x37, 0x37, 0x37
    db 0x37, 0x37, 0x37, 0x37, 0x37, 0x37, 0x37, 0x37, 0x37, 0x37, 0x37, 0x37, 0x37, 0x37, 0x37, 0x37
    db 0x37, 0x37, 0x37, 0x37, 0x37, 0x37, 0x37, 0x37, 0x37, 0x37, 0x37, 0x37, 0x37, 0x37, 0x37, 0x37
    db 0x37, 0x37, 0x2f, 0x0d, 0xbf, 0x62, 0x99, 0x99, 0x94, 0x94, 0x8f, 0x6d, 0x6a, 0x67, 0x61, 0x61
    db 0x7a, 0x86, 0x62, 0x43, 0x46, 0x61, 0x7a, 0xce, 0xee, 0xef, 0xee, 0xea, 0xe5, 0xd5, 0xc0, 0x99
    db 0xce, 0xce, 0xce, 0xd5, 0xc0, 0x90, 0x8a, 0xda, 0xf6, 0xfd, 0xf9, 0xf9, 0xff, 0xf1, 0xa1, 0x55
    db 0x25, 0x25, 0x25, 0x25, 0x25, 0x32, 0x55, 0x7c, 0xe0, 0xf8, 0xf9, 0xf9, 0xfa, 0xfa, 0xff, 0xee
    db 0x48, 0x5a, 0x5a, 0x48, 0x64, 0x91, 0x94, 0x87, 0x45, 0x4b, 0x4a, 0x4a, 0x4e, 0x4e, 0x4e, 0x4e
    db 0x4e, 0x4e, 0x4e, 0x5a, 0x5a, 0x5a, 0x5a, 0x4e, 0x4e, 0x4e, 0x4e, 0x44, 0x67, 0x91, 0x91, 0x91
    db 0x8a, 0x4d, 0x4a, 0x4a, 0x4a, 0x4e, 0x4e, 0x4e, 0x4e, 0x4e, 0x4e, 0x48, 0x5f, 0xe4, 0x92, 0xe5
    db 0xee, 0x8f, 0x91, 0x91, 0x67, 0x89, 0xe4, 0xdb, 0xc1, 0x8a, 0x62, 0x43, 0x4d, 0x5e, 0x5e, 0x5e
    db 0x5e, 0x5e, 0x5e, 0x5e, 0x5e, 0x5e, 0x60, 0x65, 0x41, 0x6a, 0x90, 0x50, 0x5d, 0x5d, 0x87, 0x99
    db 0xf6, 0xf0, 0xdf, 0xe2, 0xde, 0xde, 0xde, 0xe2, 0xe2, 0xde, 0xed, 0xed, 0xa8, 0xae, 0xa6, 0xae
    db 0xa2, 0xe0, 0xfd, 0xf5, 0x9f, 0x8c, 0x8d, 0x8c, 0x8c, 0x8c, 0x8c, 0x8c, 0x8c, 0x8c, 0xea, 0xff
    db 0xf9, 0xfa, 0xfa, 0xf8, 0xfb, 0xf1, 0xc6, 0xa2, 0xa9, 0xaf, 0xa6, 0xa6, 0xa6, 0xa6, 0xa6, 0xa6
    db 0xa6, 0xa6, 0xa6, 0xa6, 0xa6, 0xa6, 0xa6, 0xa6, 0xa6, 0xa6, 0xa6, 0xa6, 0xa8, 0xf0, 0xff, 0xf9
    db 0xf9, 0xf7, 0xf8, 0xf9, 0xff, 0xed, 0xa4, 0xa9, 0xa6, 0xa6, 0xa6, 0xa6, 0xa6, 0xa6, 0xa6, 0xa6
    db 0xa6, 0xa6, 0xa3, 0xa9, 0x3a, 0x3a, 0x37, 0x37, 0x37, 0x37, 0x37, 0x37, 0x37, 0x37, 0x37, 0x37
    db 0x37, 0x37, 0x3a, 0x3a, 0x37, 0x37, 0x37, 0x37, 0x37, 0x3a, 0x3a, 0x3a, 0x3a, 0x3a, 0x37, 0x37
    db 0x37, 0x37, 0x3a, 0x3a, 0x3a, 0x37, 0x37, 0x37, 0x37, 0x37, 0x37, 0x37, 0x37, 0x37, 0x37, 0x37
    db 0x37, 0x37, 0x37, 0x37, 0x37, 0x37, 0x37, 0x37, 0x37, 0x37, 0x37, 0x37, 0x3a, 0x3a, 0x3a, 0x3a
    db 0x3a, 0x3a, 0x3a, 0x37, 0x37, 0x37, 0x37, 0x37, 0x37, 0x37, 0x37, 0x37, 0x37, 0x37, 0x2f, 0x1f
    db 0xe8, 0x50, 0x4a, 0x94, 0x91, 0x91, 0x94, 0x86, 0x4a, 0x5e, 0x7a, 0x99, 0x87, 0x60, 0x43, 0x60
    db 0x78, 0xe4, 0xef, 0xea, 0xce, 0x89, 0x6d, 0x65, 0x64, 0x64, 0x65, 0x68, 0x6d, 0x7a, 0x87, 0x8a
    db 0x92, 0xda, 0xea, 0xf5, 0xf9, 0xf9, 0xfd, 0xfc, 0xfd, 0xff, 0xf1, 0x80, 0x51, 0x25, 0x25, 0x25
    db 0x25, 0x32, 0x25, 0x51, 0x56, 0xe1, 0xfb, 0xf7, 0xfa, 0xfa, 0xff, 0xee, 0x46, 0x48, 0x5d, 0x45
    db 0x6d, 0x94, 0x94, 0x6d, 0x41, 0x4b, 0x4a, 0x4a, 0x4e, 0x4e, 0x4e, 0x4e, 0x4e, 0x4e, 0x4b, 0x48
    db 0x48, 0x5a, 0x5a, 0x4e, 0x4e, 0x4e, 0x4e, 0x4a, 0x86, 0x91, 0x91, 0x91, 0x6d, 0x41, 0x4a, 0x4a
    db 0x4e, 0x4e, 0x4e, 0x4e, 0x4e, 0x4e, 0x4e, 0x41, 0x6d, 0xe4, 0x8a, 0xe4, 0xee, 0x8f, 0x91, 0x8e
    db 0x98, 0xdb, 0xce, 0x98, 0x7a, 0x5e, 0x44, 0x4b, 0x5d, 0x5e, 0x5e, 0x5e, 0x5e, 0x5e, 0x4e, 0x4e
    db 0x5e, 0x5e, 0x5e, 0x5f, 0x41, 0x87, 0x68, 0x43, 0x5c, 0x61, 0x8f, 0x99, 0xf5, 0xe3, 0xde, 0xde
    db 0xde, 0xde, 0xde, 0xde, 0xde, 0xde, 0xf0, 0xed, 0xa8, 0xb2, 0xa9, 0xa7, 0xa7, 0xc6, 0xf3, 0xff
    db 0xea, 0x8b, 0x8c, 0x8c, 0x8c, 0x8c, 0x8c, 0x8c, 0x8c, 0x8c, 0x9a, 0xf5, 0xfe, 0xfc, 0xf7, 0xfd
    db 0xf5, 0xd8, 0xa1, 0xa3, 0xa4, 0xa7, 0xa6, 0xa6, 0xa3, 0xa3, 0xa3, 0xa6, 0xa6, 0xa3, 0xa3, 0xa6
    db 0xa6, 0xa6, 0xa6, 0xa6, 0xa6, 0xa6, 0xa6, 0xa6, 0xc3, 0xf3, 0xff, 0xfe, 0xf9, 0xf7, 0xfb, 0xf9
    db 0xff, 0xe3, 0xa2, 0xa3, 0xa3, 0xa3, 0xa3, 0xa3, 0xa3, 0xa3, 0xa3, 0xa3, 0xa3, 0xa3, 0xa4, 0xa4
